-- Adminer 4.7.0 MySQL dump

SET NAMES utf8;
SET time_zone = '+00:00';
SET foreign_key_checks = 0;
SET sql_mode = 'NO_AUTO_VALUE_ON_ZERO';









INSERT INTO `alertas` (`ID`, `AlertaTipo`, `Mensaje`, `Estado`, `TablaOrigen`, `idTabla`, `Updated`, `Sync`) VALUES
(0,	'1',	'Prueba de alertas',	0,	'',	0,	'2018-12-12 04:27:07',	'0000-00-00 00:00:00');


INSERT INTO `bodega` (`idBodega`, `Nombre`, `Direccion`, `Ciudad`, `Telefono`, `idServidor`, `Updated`, `Sync`) VALUES
(1,	'BODEGA LOCAL ',	'',	'BUGA',	'',	2,	'2017-10-13 18:07:55',	'2017-10-13 13:07:55'),
(2,	'BODEGA YOTOCO',	'',	'YOTOCO',	'',	4,	'2017-10-13 18:07:55',	'2017-10-13 13:07:55'),
(3,	'BODEGA BUGA',	'',	'BUGA',	'',	3,	'2017-10-13 18:07:55',	'2017-10-13 13:07:55'),
(4,	'BODEGA GINEBRA',	'',	'GINEBRA',	'',	5,	'2017-10-13 18:07:55',	'2017-10-13 13:07:55'),
(5,	'BODEGA SAN PEDRO',	'',	'SAN PEDRO',	'',	6,	'2017-10-13 18:07:55',	'2017-10-13 13:07:55');

INSERT INTO `cajas` (`ID`, `Nombre`, `Base`, `idUsuario`, `Estado`, `CuentaPUCEfectivo`, `CuentaPUCCheques`, `CuentaPUCOtros`, `CuentaPUCIVAEgresos`, `idTerceroIntereses`, `CentroCostos`, `idResolucionDian`, `idBascula`, `Updated`, `Sync`) VALUES
(1,	'CAJA 1',	'200000',	3,	'ABIERTA',	110510,	11100502,	11100503,	240801,	900833180,	1,	1,	0,	'2018-06-24 14:40:56',	'2017-10-13 13:07:57'),
(2,	'CAJA 2',	'200000',	1,	'ABIERTA',	11051002,	11100502,	11100503,	240801,	900833180,	1,	2,	0,	'2017-10-13 18:07:57',	'2017-10-13 13:07:57'),
(3,	'CAJA 3',	'150000',	0,	'ABIERTA',	11051002,	11100502,	11100503,	240801,	900833180,	1,	1,	0,	'2017-10-13 18:07:57',	'2017-10-13 13:07:57');



INSERT INTO `centrocosto` (`ID`, `Nombre`, `EmpresaPro`, `Updated`, `Sync`) VALUES
(1,	'PRINCIPAL',	1,	'2017-10-13 18:08:07',	'2017-10-13 13:08:07');

INSERT INTO `cierres_contables` (`ID`, `Fecha`, `idUsuario`, `Updated`, `Sync`) VALUES
(1,	'2015-12-31',	1,	'2017-10-13 18:08:09',	'2017-10-13 13:08:09');

INSERT INTO `ciuu` (`Codigo`, `Descripcion`, `Updated`, `Sync`) VALUES
(10,	' Asalariados',	'2017-10-13 18:08:11',	'2017-10-13 13:08:11'),
(11,	'Cultivos agr?colas transitorios.',	'2017-10-13 18:08:11',	'2017-10-13 13:08:11'),
(12,	'Cultivos agr?colas permanentes.',	'2017-10-13 18:08:11',	'2017-10-13 13:08:11'),
(13,	'Propagaci?n de plantas (actividades de los viveros, excepto viveros forestales).',	'2017-10-13 18:08:11',	'2017-10-13 13:08:11'),
(14,	'Ganader?a.',	'2017-10-13 18:08:11',	'2017-10-13 13:08:11'),
(15,	'Explotaci?n mixta (agr?cola y pecuaria).',	'2017-10-13 18:08:11',	'2017-10-13 13:08:11'),
(16,	'Actividades de apoyo a la agricultura y la ganader?a, y actividades posteriores a la cosecha.',	'2017-10-13 18:08:11',	'2017-10-13 13:08:11'),
(17,	'Caza ordinaria y mediante trampas y actividades de servicios conexas.',	'2017-10-13 18:08:11',	'2017-10-13 13:08:11'),
(21,	'Silvicultura y otras actividades forestales.',	'2017-10-13 18:08:11',	'2017-10-13 13:08:11'),
(22,	'Extracci?n de madera.',	'2017-10-13 18:08:11',	'2017-10-13 13:08:11'),
(23,	'Recolecci?n de productos forestales diferentes a la madera.',	'2017-10-13 18:08:11',	'2017-10-13 13:08:11'),
(24,	'Servicios de apoyo a la silvicultura.',	'2017-10-13 18:08:11',	'2017-10-13 13:08:11'),
(31,	'Pesca.',	'2017-10-13 18:08:11',	'2017-10-13 13:08:11'),
(32,	'Acuicultura.',	'2017-10-13 18:08:11',	'2017-10-13 13:08:11'),
(46,	'omercio al por mayor y en comisi?n o por contrata, excepto el comercio de veh?culos automotores y motocicletas.',	'2017-10-13 18:08:11',	'2017-10-13 13:08:11'),
(51,	'Extracci?n de hulla (carb?n de piedra).',	'2017-10-13 18:08:11',	'2017-10-13 13:08:11'),
(52,	'Extracci?n de carb?n lignito.',	'2017-10-13 18:08:11',	'2017-10-13 13:08:11'),
(61,	'Extracci?n de petr?leo crudo.',	'2017-10-13 18:08:11',	'2017-10-13 13:08:11'),
(62,	'Extracci?n de gas natural.',	'2017-10-13 18:08:11',	'2017-10-13 13:08:11'),
(71,	'Extracci?n de minerales de hierro.',	'2017-10-13 18:08:11',	'2017-10-13 13:08:11'),
(72,	'Extracci?n de minerales metal?feros no ferrosos.',	'2017-10-13 18:08:11',	'2017-10-13 13:08:11'),
(81,	' Personas Naturales sin Actividad Econ?mica',	'2017-10-13 18:08:11',	'2017-10-13 13:08:11'),
(82,	' Personas Naturales Subsidiadas por Terceros',	'2017-10-13 18:08:11',	'2017-10-13 13:08:11'),
(89,	'Extracci?n de otros minerales no met?licos n.c.p.',	'2017-10-13 18:08:11',	'2017-10-13 13:08:11'),
(90,	' Rentistas de Capital, solo para personas naturales.',	'2017-10-13 18:08:11',	'2017-10-13 13:08:11'),
(91,	'Actividades de apoyo para la extracci?n de petr?leo y de gas natural.',	'2017-10-13 18:08:11',	'2017-10-13 13:08:11'),
(99,	'Actividades de apoyo para otras actividades de explotaci?n de minas y canteras.',	'2017-10-13 18:08:11',	'2017-10-13 13:08:11'),
(101,	'Procesamiento y conservaci?n de carne, pescado, crust?ceos y moluscos.',	'2017-10-13 18:08:11',	'2017-10-13 13:08:11'),
(102,	'Procesamiento y conservaci?n de frutas, legumbres, hortalizas y tub?rculos.',	'2017-10-13 18:08:11',	'2017-10-13 13:08:11'),
(103,	'Elaboraci?n de aceites y grasas de origen vegetal y animal.',	'2017-10-13 18:08:11',	'2017-10-13 13:08:11'),
(104,	'Elaboraci?n de productos l?cteos.',	'2017-10-13 18:08:11',	'2017-10-13 13:08:11'),
(105,	'Elaboraci?n de productos de moliner?a, almidones y productos derivados del almid',	'2017-10-13 18:08:11',	'2017-10-13 13:08:11'),
(106,	'Elaboraci?n de productos de caf',	'2017-10-13 18:08:11',	'2017-10-13 13:08:11'),
(107,	'Elaboraci?n de az?car y panela.',	'2017-10-13 18:08:11',	'2017-10-13 13:08:11'),
(108,	'Elaboraci?n de otros productos alimenticios.',	'2017-10-13 18:08:11',	'2017-10-13 13:08:11'),
(109,	'Elaboraci?n de alimentos preparados para animales.',	'2017-10-13 18:08:11',	'2017-10-13 13:08:11'),
(110,	'Elaboraci?n de bebidas.',	'2017-10-13 18:08:11',	'2017-10-13 13:08:11'),
(111,	' Cultivo de cereales (excepto arroz), legumbres y semillas oleaginosas.',	'2017-10-13 18:08:11',	'2017-10-13 13:08:11'),
(112,	' Cultivo de arroz.',	'2017-10-13 18:08:11',	'2017-10-13 13:08:11'),
(113,	' Cultivo de hortalizas, ra?ces y tub?rculos.',	'2017-10-13 18:08:11',	'2017-10-13 13:08:11'),
(114,	' Cultivo de tabaco.',	'2017-10-13 18:08:11',	'2017-10-13 13:08:11'),
(115,	' Cultivo de plantas textiles.',	'2017-10-13 18:08:11',	'2017-10-13 13:08:11'),
(119,	' Otros cultivos transitorios n.c.p.',	'2017-10-13 18:08:11',	'2017-10-13 13:08:11'),
(120,	'Elaboraci?n de productos de tabaco.',	'2017-10-13 18:08:11',	'2017-10-13 13:08:11'),
(121,	' Cultivo de frutas tropicales y subtropicales.',	'2017-10-13 18:08:11',	'2017-10-13 13:08:11'),
(122,	' Cultivo de pl?tano y banano.',	'2017-10-13 18:08:11',	'2017-10-13 13:08:11'),
(123,	' Cultivo de caf',	'2017-10-13 18:08:11',	'2017-10-13 13:08:11'),
(124,	' Cultivo de ca?a de az?car.',	'2017-10-13 18:08:11',	'2017-10-13 13:08:11'),
(125,	' Cultivo de flor de corte.',	'2017-10-13 18:08:11',	'2017-10-13 13:08:11'),
(126,	' Cultivo de palma para aceite (palma africana) y otros frutos oleaginosos.',	'2017-10-13 18:08:11',	'2017-10-13 13:08:11'),
(127,	' Cultivo de plantas con las que se preparan bebidas.',	'2017-10-13 18:08:11',	'2017-10-13 13:08:11'),
(128,	' Cultivo de especias y de plantas arom?ticas y medicinales.',	'2017-10-13 18:08:11',	'2017-10-13 13:08:11'),
(129,	' Otros cultivos permanentes n.c.p.',	'2017-10-13 18:08:11',	'2017-10-13 13:08:11'),
(130,	' Propagaci?n de plantas (actividades de los viveros, excepto viveros forestales).',	'2017-10-13 18:08:11',	'2017-10-13 13:08:11'),
(131,	'Preparaci?n, hilatura, tejedur?a y acabado de productos textiles.',	'2017-10-13 18:08:11',	'2017-10-13 13:08:11'),
(139,	'Fabricaci?n de otros productos textiles.',	'2017-10-13 18:08:11',	'2017-10-13 13:08:11'),
(141,	'Confecci?n de prendas de vestir, excepto prendas de piel.',	'2017-10-13 18:08:11',	'2017-10-13 13:08:11'),
(142,	'Fabricaci?n de art?culos de piel.',	'2017-10-13 18:08:11',	'2017-10-13 13:08:11'),
(143,	'Fabricaci?n de art?culos de punto y ganchillo.',	'2017-10-13 18:08:11',	'2017-10-13 13:08:11'),
(144,	' Cr?a de ganado porcino.',	'2017-10-13 18:08:11',	'2017-10-13 13:08:11'),
(145,	' Cr?a de aves de corral.',	'2017-10-13 18:08:11',	'2017-10-13 13:08:11'),
(149,	' Cr?a de otros animales n.c.p.',	'2017-10-13 18:08:11',	'2017-10-13 13:08:11'),
(150,	' Explotaci?n mixta (agr?cola y pecuaria).',	'2017-10-13 18:08:11',	'2017-10-13 13:08:11'),
(151,	'Curtido y recurtido de cueros; fabricaci?n de art?culos de viaje, bolsos de mano y art?culos similares, y fabricaci?n de art?culos de talabarter?a y guarnicioner?a, adobo y te?ido de pieles.',	'2017-10-13 18:08:11',	'2017-10-13 13:08:11'),
(152,	'Fabricaci?n de calzado.',	'2017-10-13 18:08:11',	'2017-10-13 13:08:11'),
(161,	'Aserrado, acepillado e impregnaci?n de la madera.',	'2017-10-13 18:08:11',	'2017-10-13 13:08:11'),
(162,	'Fabricaci?n de hojas de madera para enchapado; fabricaci?n de tableros contrachapados, tableros laminados, tableros de part?culas y otros tableros y paneles.',	'2017-10-13 18:08:11',	'2017-10-13 13:08:11'),
(163,	'Fabricaci?n de partes y piezas de madera, de carpinter?a y ebanister?a para la construcci',	'2017-10-13 18:08:11',	'2017-10-13 13:08:11'),
(164,	'Fabricaci?n de recipientes de madera.',	'2017-10-13 18:08:11',	'2017-10-13 13:08:11'),
(169,	'Fabricaci?n de otros productos de madera; fabricaci?n de art?culos de corcho, cester?a y esparter?a.',	'2017-10-13 18:08:11',	'2017-10-13 13:08:11'),
(170,	'Fabricaci?n de papel, cart?n y productos de papel y cart',	'2017-10-13 18:08:11',	'2017-10-13 13:08:11'),
(181,	'Actividades de impresi?n y actividades de servicios relacionados con la impresi',	'2017-10-13 18:08:11',	'2017-10-13 13:08:11'),
(182,	'Producci?n de copias a partir de grabaciones originales.',	'2017-10-13 18:08:11',	'2017-10-13 13:08:11'),
(191,	'Fabricaci?n de productos de hornos de coque.',	'2017-10-13 18:08:11',	'2017-10-13 13:08:11'),
(192,	'Fabricaci?n de productos de la refinaci?n del petr?leo.',	'2017-10-13 18:08:11',	'2017-10-13 13:08:11'),
(201,	'Fabricaci?n de sustancias qu?micas b?sicas, abonos y compuestos inorg?nicos nitrogenados, pl?sticos y caucho sint?tico en formas primarias.',	'2017-10-13 18:08:11',	'2017-10-13 13:08:11'),
(202,	'Fabricaci?n de otros productos qu?micos.',	'2017-10-13 18:08:11',	'2017-10-13 13:08:11'),
(203,	'Fabricaci?n de fibras sint?ticas y artificiales.',	'2017-10-13 18:08:11',	'2017-10-13 13:08:11'),
(210,	'Fabricaci?n de productos farmac?uticos, sustancias qu?micas medicinales y productos bot?nicos de uso farmac?utico.',	'2017-10-13 18:08:11',	'2017-10-13 13:08:11'),
(220,	' Extracci?n de madera.',	'2017-10-13 18:08:11',	'2017-10-13 13:08:11'),
(221,	'Fabricaci?n de productos de caucho.',	'2017-10-13 18:08:11',	'2017-10-13 13:08:11'),
(222,	'Fabricaci?n de productos de pl?stico.',	'2017-10-13 18:08:11',	'2017-10-13 13:08:11'),
(230,	' Recolecci?n de productos forestales diferentes a la madera.',	'2017-10-13 18:08:11',	'2017-10-13 13:08:11'),
(231,	'Fabricaci?n de vidrio y productos de vidrio.',	'2017-10-13 18:08:11',	'2017-10-13 13:08:11'),
(239,	'Fabricaci?n de productos minerales no met?licos n.c.p.',	'2017-10-13 18:08:11',	'2017-10-13 13:08:11'),
(240,	' Servicios de apoyo a la silvicultura.',	'2017-10-13 18:08:11',	'2017-10-13 13:08:11'),
(241,	'Industrias b?sicas de hierro y de acero.',	'2017-10-13 18:08:11',	'2017-10-13 13:08:11'),
(242,	'Industrias b?sicas de metales preciosos y de metales no ferrosos.',	'2017-10-13 18:08:11',	'2017-10-13 13:08:11'),
(243,	'Fundici?n de metales.',	'2017-10-13 18:08:11',	'2017-10-13 13:08:11'),
(251,	'Fabricaci?n de productos met?licos para uso estructural, tanques, dep?sitos y generadores de vapor.',	'2017-10-13 18:08:11',	'2017-10-13 13:08:11'),
(252,	'Fabricaci?n de armas y municiones.',	'2017-10-13 18:08:11',	'2017-10-13 13:08:11'),
(259,	'Fabricaci?n de otros productos elaborados de metal y actividades de servicios relacionadas con el trabajo de metales.',	'2017-10-13 18:08:11',	'2017-10-13 13:08:11'),
(261,	'Fabricaci?n de componentes y tableros electr?nicos.',	'2017-10-13 18:08:11',	'2017-10-13 13:08:11'),
(262,	'Fabricaci?n de computadoras y de equipo perif?rico.',	'2017-10-13 18:08:11',	'2017-10-13 13:08:11'),
(263,	'Fabricaci?n de equipos de comunicaci',	'2017-10-13 18:08:11',	'2017-10-13 13:08:11'),
(264,	'Fabricaci?n de aparatos electr?nicos de consumo.',	'2017-10-13 18:08:11',	'2017-10-13 13:08:11'),
(265,	'Fabricaci?n de equipo de medici?n, prueba, navegaci?n y control; fabricaci?n de relojes.',	'2017-10-13 18:08:11',	'2017-10-13 13:08:11'),
(266,	'Fabricaci?n de equipo de irradiaci?n y equipo electr?nico de uso m?dico y terap?utico.',	'2017-10-13 18:08:11',	'2017-10-13 13:08:11'),
(267,	'Fabricaci?n de instrumentos ?pticos y equipo fotogr?fico.',	'2017-10-13 18:08:11',	'2017-10-13 13:08:11'),
(268,	'Fabricaci?n de medios magn?ticos y ?pticos para almacenamiento de datos.',	'2017-10-13 18:08:11',	'2017-10-13 13:08:11'),
(271,	'Fabricaci?n de motores, generadores y transformadores el?ctricos y de aparatos de distribuci?n y control de la energ?a el?ctrica.',	'2017-10-13 18:08:11',	'2017-10-13 13:08:11'),
(272,	'Fabricaci?n de pilas, bater?as y acumuladores el?ctricos.',	'2017-10-13 18:08:11',	'2017-10-13 13:08:11'),
(273,	'Fabricaci?n de hilos y cables aislados y sus dispositivos.',	'2017-10-13 18:08:11',	'2017-10-13 13:08:11'),
(274,	'Fabricaci?n de equipos el?ctricos de iluminaci',	'2017-10-13 18:08:11',	'2017-10-13 13:08:11'),
(275,	'Fabricaci?n de aparatos de uso dom?stico.',	'2017-10-13 18:08:11',	'2017-10-13 13:08:11'),
(279,	'Fabricaci?n de otros tipos de equipo el?ctrico n.c.p.',	'2017-10-13 18:08:11',	'2017-10-13 13:08:11'),
(281,	'Fabricaci?n de maquinaria y equipo de uso general.',	'2017-10-13 18:08:11',	'2017-10-13 13:08:11'),
(282,	'Fabricaci?n de maquinaria y equipo de uso especial.',	'2017-10-13 18:08:11',	'2017-10-13 13:08:11'),
(291,	'Fabricaci?n de veh?culos automotores y sus motores.',	'2017-10-13 18:08:11',	'2017-10-13 13:08:11'),
(292,	'Fabricaci?n de carrocer?as para veh?culos automotores; fabricaci?n de remolques y semirremolques.',	'2017-10-13 18:08:11',	'2017-10-13 13:08:11'),
(293,	'Fabricaci?n de partes, piezas (autopartes) y accesorios (lujos) para veh?culos automotores.',	'2017-10-13 18:08:11',	'2017-10-13 13:08:11'),
(301,	'Construcci?n de barcos y otras embarcaciones.',	'2017-10-13 18:08:11',	'2017-10-13 13:08:11'),
(302,	'Fabricaci?n de locomotoras y de material rodante para ferrocarriles.',	'2017-10-13 18:08:11',	'2017-10-13 13:08:11'),
(303,	'Fabricaci?n de aeronaves, naves espaciales y de maquinaria conexa.',	'2017-10-13 18:08:11',	'2017-10-13 13:08:11'),
(304,	'Fabricaci?n de veh?culos militares de combate.',	'2017-10-13 18:08:11',	'2017-10-13 13:08:11'),
(309,	'Fabricaci?n de otros tipos de equipo de transporte n.c.p.',	'2017-10-13 18:08:11',	'2017-10-13 13:08:11'),
(311,	'Fabricaci?n de muebles.',	'2017-10-13 18:08:11',	'2017-10-13 13:08:11'),
(312,	'Fabricaci?n de colchones y somieres.',	'2017-10-13 18:08:11',	'2017-10-13 13:08:11'),
(321,	'Fabricaci?n de joyas, bisuter?a y art?culos conexos.',	'2017-10-13 18:08:11',	'2017-10-13 13:08:11'),
(322,	'Fabricaci?n de instrumentos musicales.',	'2017-10-13 18:08:11',	'2017-10-13 13:08:11'),
(323,	'Fabricaci?n de art?culos y equipo para la pr?ctica del deporte.',	'2017-10-13 18:08:11',	'2017-10-13 13:08:11'),
(324,	'Fabricaci?n de juegos, juguetes y rompecabezas.',	'2017-10-13 18:08:11',	'2017-10-13 13:08:11'),
(325,	'Fabricaci?n de instrumentos, aparatos y materiales m?dicos y odontol?gicos (incluido mobiliario).',	'2017-10-13 18:08:11',	'2017-10-13 13:08:11'),
(329,	'Otras industrias manufactureras n.c.p.',	'2017-10-13 18:08:11',	'2017-10-13 13:08:11'),
(331,	'Mantenimiento y reparaci?n especializado de productos elaborados en metal y de maquinaria y equipo.',	'2017-10-13 18:08:11',	'2017-10-13 13:08:11'),
(332,	'Instalaci?n especializada de maquinaria y equipo industrial.',	'2017-10-13 18:08:11',	'2017-10-13 13:08:11'),
(351,	'Generaci?n, transmisi?n, distribuci?n y comercializaci?n de energ?a el?ctrica.',	'2017-10-13 18:08:11',	'2017-10-13 13:08:11'),
(352,	'Producci?n de gas; distribuci?n de combustibles gaseosos por tuber?as.',	'2017-10-13 18:08:11',	'2017-10-13 13:08:11'),
(353,	'Suministro de vapor y aire acondicionado.',	'2017-10-13 18:08:11',	'2017-10-13 13:08:11'),
(360,	'Captaci?n, tratamiento y distribuci?n de agua.',	'2017-10-13 18:08:11',	'2017-10-13 13:08:11'),
(370,	'Evacuaci?n y tratamiento de aguas residuales.',	'2017-10-13 18:08:11',	'2017-10-13 13:08:11'),
(381,	'Recolecci?n de desechos.',	'2017-10-13 18:08:11',	'2017-10-13 13:08:11'),
(382,	'Tratamiento y disposici?n de desechos.',	'2017-10-13 18:08:11',	'2017-10-13 13:08:11'),
(383,	'Recuperaci?n de materiales.',	'2017-10-13 18:08:11',	'2017-10-13 13:08:11'),
(390,	'Actividades de saneamiento ambiental y otros servicios de gesti?n de desechos.',	'2017-10-13 18:08:11',	'2017-10-13 13:08:11'),
(411,	'Construcci?n de edificios.',	'2017-10-13 18:08:11',	'2017-10-13 13:08:11'),
(421,	'Construcci?n de carreteras y v?as de ferrocarril.',	'2017-10-13 18:08:11',	'2017-10-13 13:08:11'),
(422,	'Construcci?n de proyectos de servicio p?blico.',	'2017-10-13 18:08:11',	'2017-10-13 13:08:11'),
(429,	'Construcci?n de otras obras de ingenier?a civil.',	'2017-10-13 18:08:11',	'2017-10-13 13:08:11'),
(431,	'Demolici?n y preparaci?n del terreno.',	'2017-10-13 18:08:11',	'2017-10-13 13:08:11'),
(432,	'Instalaciones el?ctricas, de fontaner?a y otras instalaciones especializadas.',	'2017-10-13 18:08:11',	'2017-10-13 13:08:11'),
(433,	'Terminaci?n y acabado de edificios y obras de ingenier?a civil.',	'2017-10-13 18:08:11',	'2017-10-13 13:08:11'),
(439,	'Otras actividades especializadas para la construcci?n de edificios y obras de ingenier?a civil.',	'2017-10-13 18:08:11',	'2017-10-13 13:08:11'),
(451,	'Comercio de veh?culos automotores.',	'2017-10-13 18:08:11',	'2017-10-13 13:08:11'),
(452,	'Mantenimiento y reparaci?n de veh?culos automotores.',	'2017-10-13 18:08:11',	'2017-10-13 13:08:11'),
(453,	'Comercio de partes, piezas (autopartes) y accesorios (lujos) para veh?culos automotores.',	'2017-10-13 18:08:11',	'2017-10-13 13:08:11'),
(454,	'Comercio, mantenimiento y reparaci?n de motocicletas y de sus partes, piezas y accesorios.',	'2017-10-13 18:08:11',	'2017-10-13 13:08:11'),
(461,	'Comercio al por mayor a cambio de una retribuci?n o por contrata.',	'2017-10-13 18:08:11',	'2017-10-13 13:08:11'),
(462,	'Comercio al por mayor de materias primas agropecuarias; animales vivos.',	'2017-10-13 18:08:11',	'2017-10-13 13:08:11'),
(463,	'Comercio al por mayor de alimentos, bebidas y tabaco.',	'2017-10-13 18:08:11',	'2017-10-13 13:08:11'),
(464,	'Comercio al por mayor de art?culos y enseres dom?sticos (incluidas prendas de vestir).',	'2017-10-13 18:08:11',	'2017-10-13 13:08:11'),
(465,	'Comercio al por mayor de maquinaria y equipo.',	'2017-10-13 18:08:11',	'2017-10-13 13:08:11'),
(466,	'Comercio al por mayor especializado de otros productos.',	'2017-10-13 18:08:11',	'2017-10-13 13:08:11'),
(469,	'Comercio al por mayor no especializado.',	'2017-10-13 18:08:11',	'2017-10-13 13:08:11'),
(471,	'Comercio al por menor en establecimientos no especializados.',	'2017-10-13 18:08:11',	'2017-10-13 13:08:11'),
(472,	'Comercio al por menor de alimentos (v?veres en general), bebidas y tabaco, en establecimientos especializados.',	'2017-10-13 18:08:11',	'2017-10-13 13:08:11'),
(473,	'Comercio al por menor de combustible, lubricantes, aditivos y productos de limpieza para automotores, en establecimientos especializados.',	'2017-10-13 18:08:11',	'2017-10-13 13:08:11'),
(474,	'Comercio al por menor de equipos de inform?tica y de comunicaciones, en establecimientos especializados.',	'2017-10-13 18:08:11',	'2017-10-13 13:08:11'),
(475,	'Comercio al por menor de otros enseres dom?sticos en establecimientos especializados.',	'2017-10-13 18:08:11',	'2017-10-13 13:08:11'),
(476,	'Comercio al por menor de art?culos culturales y de entretenimiento, en establecimientos especializados.',	'2017-10-13 18:08:11',	'2017-10-13 13:08:11'),
(477,	'Comercio al por menor de otros productos en establecimientos especializados.',	'2017-10-13 18:08:11',	'2017-10-13 13:08:11'),
(478,	'Comercio al por menor en puestos de venta m?viles.',	'2017-10-13 18:08:11',	'2017-10-13 13:08:11'),
(479,	'Comercio al por menor no realizado en establecimientos, puestos de venta o mercados.',	'2017-10-13 18:08:11',	'2017-10-13 13:08:11'),
(491,	'Transporte f?rreo.',	'2017-10-13 18:08:11',	'2017-10-13 13:08:11'),
(492,	'Transporte terrestre p?blico automotor.',	'2017-10-13 18:08:11',	'2017-10-13 13:08:11'),
(493,	'Transporte por tuber?as.',	'2017-10-13 18:08:11',	'2017-10-13 13:08:11'),
(501,	'Transporte mar?timo y de cabotaje.',	'2017-10-13 18:08:11',	'2017-10-13 13:08:11'),
(502,	'Transporte fluvial.',	'2017-10-13 18:08:11',	'2017-10-13 13:08:11'),
(510,	' Extracci?n de hulla (carb?n de piedra).',	'2017-10-13 18:08:11',	'2017-10-13 13:08:11'),
(511,	'Transporte a?reo de pasajeros.',	'2017-10-13 18:08:11',	'2017-10-13 13:08:11'),
(512,	'Transporte a?reo de carga.',	'2017-10-13 18:08:11',	'2017-10-13 13:08:11'),
(520,	' Extracci?n de carb?n lignito.',	'2017-10-13 18:08:11',	'2017-10-13 13:08:11'),
(521,	'Almacenamiento y dep?sito.',	'2017-10-13 18:08:11',	'2017-10-13 13:08:11'),
(522,	'Actividades de las estaciones, v?as y servicios complementarios para el transporte.',	'2017-10-13 18:08:11',	'2017-10-13 13:08:11'),
(531,	'Actividades postales nacionales.',	'2017-10-13 18:08:11',	'2017-10-13 13:08:11'),
(532,	'Actividades de mensajer?a.',	'2017-10-13 18:08:11',	'2017-10-13 13:08:11'),
(551,	'Actividades de alojamiento de estancias cortas.',	'2017-10-13 18:08:11',	'2017-10-13 13:08:11'),
(552,	'Actividades de zonas de camping y parques para veh?culos recreacionales.',	'2017-10-13 18:08:11',	'2017-10-13 13:08:11'),
(553,	'Servicio por horas.',	'2017-10-13 18:08:11',	'2017-10-13 13:08:11'),
(559,	'Otros tipos de alojamiento n.c.p.',	'2017-10-13 18:08:11',	'2017-10-13 13:08:11'),
(561,	'Actividades de restaurantes, cafeter?as y servicio m?vil de comidas.',	'2017-10-13 18:08:11',	'2017-10-13 13:08:11'),
(562,	'Actividades de catering para eventos y otros servicios de comidas.',	'2017-10-13 18:08:11',	'2017-10-13 13:08:11'),
(563,	'Expendio de bebidas alcoh?licas para el consumo dentro del establecimiento.',	'2017-10-13 18:08:11',	'2017-10-13 13:08:11'),
(581,	'Edici?n de libros, publicaciones peri?dicas y otras actividades de edici',	'2017-10-13 18:08:11',	'2017-10-13 13:08:11'),
(582,	'Edici?n de programas de inform?tica (software).',	'2017-10-13 18:08:11',	'2017-10-13 13:08:11'),
(591,	'Actividades de producci?n de pel?culas cinematogr?ficas, video y producci?n de programas, anuncios y comerciales de televisi',	'2017-10-13 18:08:11',	'2017-10-13 13:08:11'),
(592,	'Actividades de grabaci?n de sonido y edici?n de m?sica.',	'2017-10-13 18:08:11',	'2017-10-13 13:08:11'),
(601,	'Actividades de programaci?n y transmisi?n en el servicio de radiodifusi?n sonora.',	'2017-10-13 18:08:11',	'2017-10-13 13:08:11'),
(602,	'Actividades de programaci?n y transmisi?n de televisi',	'2017-10-13 18:08:11',	'2017-10-13 13:08:11'),
(610,	' Extracci?n de petr?leo crudo.',	'2017-10-13 18:08:11',	'2017-10-13 13:08:11'),
(611,	'Actividades de telecomunicaciones al?mbricas.',	'2017-10-13 18:08:11',	'2017-10-13 13:08:11'),
(612,	'Actividades de telecomunicaciones inal?mbricas.',	'2017-10-13 18:08:11',	'2017-10-13 13:08:11'),
(613,	'Actividades de telecomunicaci?n satelital.',	'2017-10-13 18:08:11',	'2017-10-13 13:08:11'),
(619,	'Otras actividades de telecomunicaciones.',	'2017-10-13 18:08:11',	'2017-10-13 13:08:11'),
(620,	'Desarrollo de sistemas inform?ticos (planificaci?n, an?lisis, dise?o, programaci?n, pruebas), consultor?a inform?tica y actividades relacionadas.',	'2017-10-13 18:08:11',	'2017-10-13 13:08:11'),
(631,	'Procesamiento de datos, alojamiento (hosting) y actividades relacionadas; portales web.',	'2017-10-13 18:08:11',	'2017-10-13 13:08:11'),
(639,	'Otras actividades de servicio de informaci',	'2017-10-13 18:08:11',	'2017-10-13 13:08:11'),
(641,	'Intermediaci?n monetaria.',	'2017-10-13 18:08:11',	'2017-10-13 13:08:11'),
(642,	'Otros tipos de intermediaci?n monetaria.',	'2017-10-13 18:08:11',	'2017-10-13 13:08:11'),
(643,	'Fideicomisos, fondos (incluye fondos de cesant?as) y entidades financieras similares.',	'2017-10-13 18:08:11',	'2017-10-13 13:08:11'),
(649,	'Otras actividades de servicio financiero, excepto las de seguros y pensiones.',	'2017-10-13 18:08:11',	'2017-10-13 13:08:11'),
(651,	'Seguros y capitalizaci',	'2017-10-13 18:08:11',	'2017-10-13 13:08:11'),
(652,	'Servicios de seguros sociales de salud y riesgos profesionales.',	'2017-10-13 18:08:11',	'2017-10-13 13:08:11'),
(653,	'Servicios de seguros sociales de pensiones.',	'2017-10-13 18:08:11',	'2017-10-13 13:08:11'),
(661,	'Actividades auxiliares de las actividades de servicios financieros, excepto las de seguros y pensiones.',	'2017-10-13 18:08:11',	'2017-10-13 13:08:11'),
(662,	'Actividades de servicios auxiliares de los servicios de seguros y pensiones.',	'2017-10-13 18:08:11',	'2017-10-13 13:08:11'),
(663,	'Actividades de administraci?n de fondos.',	'2017-10-13 18:08:11',	'2017-10-13 13:08:11'),
(681,	'Actividades inmobiliarias realizadas con bienes propios o arrendados.',	'2017-10-13 18:08:11',	'2017-10-13 13:08:11'),
(682,	'Actividades inmobiliarias realizadas a cambio de una retribuci?n o por contrata.',	'2017-10-13 18:08:11',	'2017-10-13 13:08:11'),
(691,	'Actividades jur?dicas.',	'2017-10-13 18:08:11',	'2017-10-13 13:08:11'),
(692,	'Actividades de contabilidad, tenedur?a de libros, auditor?a financiera y asesor?a tributaria.',	'2017-10-13 18:08:11',	'2017-10-13 13:08:11'),
(701,	'Actividades de administraci?n empresarial.',	'2017-10-13 18:08:11',	'2017-10-13 13:08:11'),
(702,	'Actividades de consultar?a de gesti',	'2017-10-13 18:08:11',	'2017-10-13 13:08:11'),
(710,	' Extracci?n de minerales de hierro.',	'2017-10-13 18:08:11',	'2017-10-13 13:08:11'),
(711,	'Actividades de arquitectura e ingenier?a y otras actividades conexas de consultor?a t?cnica.',	'2017-10-13 18:08:11',	'2017-10-13 13:08:11'),
(712,	'Ensayos y an?lisis t?cnicos.',	'2017-10-13 18:08:11',	'2017-10-13 13:08:11'),
(721,	'Investigaciones y desarrollo experimental en el campo de las ciencias naturales y la ingenier?a.',	'2017-10-13 18:08:11',	'2017-10-13 13:08:11'),
(722,	'Investigaciones y desarrollo experimental en el campo de las ciencias sociales y las humanidades.',	'2017-10-13 18:08:11',	'2017-10-13 13:08:11'),
(723,	' Extracci?n de minerales de n?quel.',	'2017-10-13 18:08:11',	'2017-10-13 13:08:11'),
(729,	' Extracci?n de otros minerales metal?feros no ferrosos n.c.p.',	'2017-10-13 18:08:11',	'2017-10-13 13:08:11'),
(731,	'Publicidad.',	'2017-10-13 18:08:11',	'2017-10-13 13:08:11'),
(732,	'Estudios de mercado y realizaci?n de encuestas de opini?n p?blica.',	'2017-10-13 18:08:11',	'2017-10-13 13:08:11'),
(741,	'Actividades especializadas de dise',	'2017-10-13 18:08:11',	'2017-10-13 13:08:11'),
(742,	'Actividades de fotograf?a.',	'2017-10-13 18:08:11',	'2017-10-13 13:08:11'),
(749,	'Otras actividades profesionales, cient?ficas y t?cnicas n.c.p.',	'2017-10-13 18:08:11',	'2017-10-13 13:08:11'),
(750,	'Actividades veterinarias.',	'2017-10-13 18:08:11',	'2017-10-13 13:08:11'),
(771,	'Alquiler y arrendamiento de veh?culos automotores.',	'2017-10-13 18:08:11',	'2017-10-13 13:08:11'),
(772,	'Alquiler y arrendamiento de efectos personales y enseres dom?sticos.',	'2017-10-13 18:08:11',	'2017-10-13 13:08:11'),
(773,	'Alquiler y arrendamiento de otros tipos de maquinaria, equipo y bienes tangibles n.c.p.',	'2017-10-13 18:08:11',	'2017-10-13 13:08:11'),
(774,	'Arrendamiento de propiedad intelectual y productos similares, excepto obras protegidas por derechos de autor.',	'2017-10-13 18:08:11',	'2017-10-13 13:08:11'),
(781,	'Actividades de agencias de empleo.',	'2017-10-13 18:08:11',	'2017-10-13 13:08:11'),
(782,	'Actividades de agencias de empleo temporal.',	'2017-10-13 18:08:11',	'2017-10-13 13:08:11'),
(783,	'Otras actividades de suministro de recurso humano.',	'2017-10-13 18:08:11',	'2017-10-13 13:08:11'),
(791,	'Actividades de las agencias de viajes y operadores tur?sticos.',	'2017-10-13 18:08:11',	'2017-10-13 13:08:11'),
(799,	'Otros servicios de reserva y actividades relacionadas.',	'2017-10-13 18:08:11',	'2017-10-13 13:08:11'),
(801,	'Actividades de seguridad privada.',	'2017-10-13 18:08:11',	'2017-10-13 13:08:11'),
(802,	'Actividades de servicios de sistemas de seguridad.',	'2017-10-13 18:08:11',	'2017-10-13 13:08:11'),
(803,	'Actividades de detectives e investigadores privados.',	'2017-10-13 18:08:11',	'2017-10-13 13:08:11'),
(811,	'Actividades combinadas de apoyo a instalaciones.',	'2017-10-13 18:08:11',	'2017-10-13 13:08:11'),
(812,	'Actividades de limpieza.',	'2017-10-13 18:08:11',	'2017-10-13 13:08:11'),
(813,	'Actividades de paisajismo y servicios de mantenimiento conexos.',	'2017-10-13 18:08:11',	'2017-10-13 13:08:11'),
(820,	' Extracci?n de esmeraldas, piedras preciosas y semipreciosas.',	'2017-10-13 18:08:11',	'2017-10-13 13:08:11'),
(821,	'Actividades administrativas y de apoyo de oficina.',	'2017-10-13 18:08:11',	'2017-10-13 13:08:11'),
(822,	'Actividades de centros de llamadas (Call center).',	'2017-10-13 18:08:11',	'2017-10-13 13:08:11'),
(823,	'Organizaci?n de convenciones y eventos comerciales.',	'2017-10-13 18:08:11',	'2017-10-13 13:08:11'),
(829,	'Actividades de servicios de apoyo a las empresas n.c.p.',	'2017-10-13 18:08:11',	'2017-10-13 13:08:11'),
(841,	'Administraci?n del Estado y aplicaci?n de la pol?tica econ?mica y social de la comunidad.',	'2017-10-13 18:08:11',	'2017-10-13 13:08:11'),
(842,	'Prestaci?n de servicios a la comunidad en general.',	'2017-10-13 18:08:11',	'2017-10-13 13:08:11'),
(843,	'Actividades de planes de seguridad social de afiliaci?n obligatoria.',	'2017-10-13 18:08:11',	'2017-10-13 13:08:11'),
(851,	'Educaci?n de la primera infancia, preescolar y b?sica primaria.',	'2017-10-13 18:08:11',	'2017-10-13 13:08:11'),
(852,	'Educaci?n secundaria y de formaci?n laboral.',	'2017-10-13 18:08:11',	'2017-10-13 13:08:11'),
(853,	'Establecimientos que combinan diferentes niveles de educaci',	'2017-10-13 18:08:11',	'2017-10-13 13:08:11'),
(854,	'Educaci?n superior.',	'2017-10-13 18:08:11',	'2017-10-13 13:08:11'),
(855,	'Otros tipos de educaci',	'2017-10-13 18:08:11',	'2017-10-13 13:08:11'),
(856,	'Actividades de apoyo a la educaci',	'2017-10-13 18:08:11',	'2017-10-13 13:08:11'),
(861,	'Actividades de hospitales y cl?nicas, con internaci',	'2017-10-13 18:08:11',	'2017-10-13 13:08:11'),
(862,	'Actividades de pr?ctica m?dica y odontol?gica, sin internaci',	'2017-10-13 18:08:11',	'2017-10-13 13:08:11'),
(869,	'Otras actividades de atenci?n relacionadas con la salud humana.',	'2017-10-13 18:08:11',	'2017-10-13 13:08:11'),
(871,	'Actividades de atenci?n residencial medicalizada de tipo general.',	'2017-10-13 18:08:11',	'2017-10-13 13:08:11'),
(872,	'Actividades de atenci?n residencial, para el cuidado de pacientes con retardo mental, enfermedad mental y consumo de sustancias psicoactivas.',	'2017-10-13 18:08:11',	'2017-10-13 13:08:11'),
(873,	'Actividades de atenci?n en instituciones para el cuidado de personas mayores y/o discapacitadas.',	'2017-10-13 18:08:11',	'2017-10-13 13:08:11'),
(879,	'Otras actividades de atenci?n en instituciones con alojamiento.',	'2017-10-13 18:08:11',	'2017-10-13 13:08:11'),
(881,	'Actividades de asistencia social sin alojamiento para personas mayores y discapacitadas.',	'2017-10-13 18:08:11',	'2017-10-13 13:08:11'),
(889,	'Otras actividades de asistencia social sin alojamiento.',	'2017-10-13 18:08:11',	'2017-10-13 13:08:11'),
(891,	' Extracci?n de minerales para la fabricaci?n de abonos y productos qu?micos.',	'2017-10-13 18:08:11',	'2017-10-13 13:08:11'),
(892,	' Extracci?n de halita (sal).',	'2017-10-13 18:08:11',	'2017-10-13 13:08:11'),
(899,	' Extracci?n de otros minerales no met?licos n.c.p.',	'2017-10-13 18:08:11',	'2017-10-13 13:08:11'),
(900,	'Actividades creativas, art?sticas y de entretenimiento.',	'2017-10-13 18:08:11',	'2017-10-13 13:08:11'),
(910,	'Actividades de bibliotecas, archivos, museos y otras actividades culturales.',	'2017-10-13 18:08:11',	'2017-10-13 13:08:11'),
(920,	'Actividades de juegos de azar y apuestas.',	'2017-10-13 18:08:11',	'2017-10-13 13:08:11'),
(931,	'Actividades deportivas.',	'2017-10-13 18:08:11',	'2017-10-13 13:08:11'),
(932,	'Otras actividades recreativas y de esparcimiento.',	'2017-10-13 18:08:11',	'2017-10-13 13:08:11'),
(941,	'Actividades de asociaciones empresariales y de empleadores, y asociaciones profesionales.',	'2017-10-13 18:08:11',	'2017-10-13 13:08:11'),
(942,	'Actividades de sindicatos de empleados.',	'2017-10-13 18:08:11',	'2017-10-13 13:08:11'),
(949,	'Actividades de otras asociaciones.',	'2017-10-13 18:08:11',	'2017-10-13 13:08:11'),
(951,	'Mantenimiento y reparaci?n de computadores y equipo de comunicaciones.',	'2017-10-13 18:08:11',	'2017-10-13 13:08:11'),
(952,	'Mantenimiento y reparaci?n de efectos personales y enseres dom?sticos.',	'2017-10-13 18:08:11',	'2017-10-13 13:08:11'),
(960,	'Otras actividades de servicios personales.',	'2017-10-13 18:08:11',	'2017-10-13 13:08:11'),
(970,	'Actividades de los hogares individuales como empleadores de personal dom?stico.',	'2017-10-13 18:08:11',	'2017-10-13 13:08:11'),
(981,	'Actividades no diferenciadas de los hogares individuales como productores de bienes para uso propio.',	'2017-10-13 18:08:11',	'2017-10-13 13:08:11'),
(982,	'Actividades no diferenciadas de los hogares individuales como productores de servicios para uso propio.',	'2017-10-13 18:08:11',	'2017-10-13 13:08:11'),
(990,	'Actividades de organizaciones y entidades extraterritoriales.',	'2017-10-13 18:08:11',	'2017-10-13 13:08:11'),
(1011,	' Procesamiento y conservaci?n de carne y productos c?rnicos.',	'2017-10-13 18:08:11',	'2017-10-13 13:08:11'),
(1012,	' Procesamiento y conservaci?n de pescados, crust?ceos y moluscos.',	'2017-10-13 18:08:11',	'2017-10-13 13:08:11'),
(1020,	' Procesamiento y conservaci?n de frutas, legumbres, hortalizas y tub?rculos.',	'2017-10-13 18:08:11',	'2017-10-13 13:08:11'),
(1030,	' Elaboraci?n de aceites y grasas de origen vegetal y animal.',	'2017-10-13 18:08:11',	'2017-10-13 13:08:11'),
(1040,	' Elaboraci?n de productos l?cteos.',	'2017-10-13 18:08:11',	'2017-10-13 13:08:11'),
(1051,	' Elaboraci?n de productos de moliner?a.',	'2017-10-13 18:08:11',	'2017-10-13 13:08:11'),
(1052,	' Elaboraci?n de almidones y productos derivados del almid',	'2017-10-13 18:08:11',	'2017-10-13 13:08:11'),
(1061,	' Trilla de caf',	'2017-10-13 18:08:11',	'2017-10-13 13:08:11'),
(1062,	' Descafeinado, tosti?n y molienda del caf',	'2017-10-13 18:08:11',	'2017-10-13 13:08:11'),
(1063,	' Otros derivados del caf',	'2017-10-13 18:08:11',	'2017-10-13 13:08:11'),
(1071,	' Elaboraci?n y refinaci?n de az?car.',	'2017-10-13 18:08:11',	'2017-10-13 13:08:11'),
(1072,	' Elaboraci?n de panela.',	'2017-10-13 18:08:11',	'2017-10-13 13:08:11'),
(1081,	' Elaboraci?n de productos de panader?a.',	'2017-10-13 18:08:11',	'2017-10-13 13:08:11'),
(1082,	' Elaboraci?n de cacao, chocolate y productos de confiter?a.',	'2017-10-13 18:08:11',	'2017-10-13 13:08:11'),
(1083,	' Elaboraci?n de macarrones, fideos, alcuzcuz y productos farin?ceos similares.',	'2017-10-13 18:08:11',	'2017-10-13 13:08:11'),
(1084,	' Elaboraci?n de comidas y platos preparados.',	'2017-10-13 18:08:11',	'2017-10-13 13:08:11'),
(1089,	' Elaboraci?n de otros productos alimenticios n.c.p.',	'2017-10-13 18:08:11',	'2017-10-13 13:08:11'),
(1090,	' Elaboraci?n de alimentos preparados para animales.',	'2017-10-13 18:08:11',	'2017-10-13 13:08:11'),
(1101,	' Destilaci?n, rectificaci?n y mezcla de bebidas alcoh?licas.',	'2017-10-13 18:08:11',	'2017-10-13 13:08:11'),
(1102,	' Elaboraci?n de bebidas fermentadas no destiladas.',	'2017-10-13 18:08:11',	'2017-10-13 13:08:11'),
(1103,	' Producci?n de malta, elaboraci?n de cervezas y otras bebidas malteadas.',	'2017-10-13 18:08:11',	'2017-10-13 13:08:11'),
(1104,	' Elaboraci?n de bebidas no alcoh?licas, producci?n de aguas minerales y de otras aguas embotelladas.',	'2017-10-13 18:08:11',	'2017-10-13 13:08:11'),
(1200,	' Elaboraci?n de productos de tabaco.',	'2017-10-13 18:08:11',	'2017-10-13 13:08:11'),
(1311,	' Preparaci?n e hilatura de fibras textiles.',	'2017-10-13 18:08:11',	'2017-10-13 13:08:11'),
(1312,	' Tejedur?a de productos textiles.',	'2017-10-13 18:08:11',	'2017-10-13 13:08:11'),
(1313,	' Acabado de productos textiles.',	'2017-10-13 18:08:11',	'2017-10-13 13:08:11'),
(1391,	' Fabricaci?n de tejidos de punto y ganchillo.',	'2017-10-13 18:08:11',	'2017-10-13 13:08:11'),
(1392,	' Confecci?n de art?culos con materiales textiles, excepto prendas de vestir.',	'2017-10-13 18:08:11',	'2017-10-13 13:08:11'),
(1393,	' Fabricaci?n de tapetes y alfombras para pisos.',	'2017-10-13 18:08:11',	'2017-10-13 13:08:11'),
(1394,	' Fabricaci?n de cuerdas, cordeles, cables, bramantes y redes.',	'2017-10-13 18:08:11',	'2017-10-13 13:08:11'),
(1399,	' Fabricaci?n de otros art?culos textiles n.c.p.',	'2017-10-13 18:08:11',	'2017-10-13 13:08:11'),
(1410,	' Confecci?n de prendas de vestir, excepto prendas de piel.',	'2017-10-13 18:08:11',	'2017-10-13 13:08:11'),
(1420,	' Fabricaci?n de art?culos de piel.',	'2017-10-13 18:08:11',	'2017-10-13 13:08:11'),
(1430,	' Fabricaci?n de art?culos de punto y ganchillo.',	'2017-10-13 18:08:11',	'2017-10-13 13:08:11'),
(1511,	' Curtido y recurtido de cueros; recurtido y te?ido de pieles.',	'2017-10-13 18:08:11',	'2017-10-13 13:08:11'),
(1512,	' Fabricaci?n de art?culos de viaje, bolsos de mano y art?culos similares elaborados en cuero, y fabricaci?n de art?culos de talabarter?a y guarnicioner?a.',	'2017-10-13 18:08:11',	'2017-10-13 13:08:11'),
(1513,	' Fabricaci?n de art?culos de viaje, bolsos de mano y art?culos similares; art?culos de talabarter?a y guarnicioner?a elaborados en otros materiales.',	'2017-10-13 18:08:11',	'2017-10-13 13:08:11'),
(1521,	' Fabricaci?n de calzado de cuero y piel, con cualquier tipo de suela.',	'2017-10-13 18:08:11',	'2017-10-13 13:08:11'),
(1522,	' Fabricaci?n de otros tipos de calzado, excepto calzado de cuero y piel.',	'2017-10-13 18:08:11',	'2017-10-13 13:08:11'),
(1523,	' Fabricaci?n de partes del calzado.',	'2017-10-13 18:08:11',	'2017-10-13 13:08:11'),
(1610,	' Aserrado, acepillado e impregnaci?n de la madera.',	'2017-10-13 18:08:11',	'2017-10-13 13:08:11'),
(1620,	' Fabricaci?n de hojas de madera para enchapado; fabricaci?n de tableros contrachapados, tableros laminados, tableros de part?culas y otros tableros y paneles.',	'2017-10-13 18:08:11',	'2017-10-13 13:08:11'),
(1630,	' Fabricaci?n de partes y piezas de madera, de carpinter?a y ebanister?a para la construcci',	'2017-10-13 18:08:11',	'2017-10-13 13:08:11'),
(1640,	' Fabricaci?n de recipientes de madera.',	'2017-10-13 18:08:11',	'2017-10-13 13:08:11'),
(1690,	' Fabricaci?n de otros productos de madera; fabricaci?n de art?culos de corcho, cester?a y esparter?a.',	'2017-10-13 18:08:11',	'2017-10-13 13:08:11'),
(1701,	' Fabricaci?n de pulpas (pastas) celul?sicas; papel y cart',	'2017-10-13 18:08:11',	'2017-10-13 13:08:11'),
(1702,	' Fabricaci?n de papel y cart?n ondulado (corrugado); fabricaci?n de envases, empaques y de embalajes de papel y cart',	'2017-10-13 18:08:11',	'2017-10-13 13:08:11'),
(1709,	' Fabricaci?n de otros art?culos de papel y cart',	'2017-10-13 18:08:11',	'2017-10-13 13:08:11'),
(1811,	' Actividades de impresi',	'2017-10-13 18:08:11',	'2017-10-13 13:08:11'),
(1812,	' Actividades de servicios relacionados con la impresi',	'2017-10-13 18:08:11',	'2017-10-13 13:08:11'),
(1820,	' Producci?n de copias a partir de grabaciones originales.',	'2017-10-13 18:08:11',	'2017-10-13 13:08:11'),
(1910,	' Fabricaci?n de productos de hornos de coque.',	'2017-10-13 18:08:11',	'2017-10-13 13:08:11'),
(1921,	' Fabricaci?n de productos de la refinaci?n del petr?leo.',	'2017-10-13 18:08:11',	'2017-10-13 13:08:11'),
(1922,	' Actividad de mezcla de combustibles.',	'2017-10-13 18:08:11',	'2017-10-13 13:08:11'),
(2011,	' Fabricaci?n de sustancias y productos qu?micos b?sicos.',	'2017-10-13 18:08:11',	'2017-10-13 13:08:11'),
(2012,	' Fabricaci?n de abonos y compuestos inorg?nicos nitrogenados.',	'2017-10-13 18:08:11',	'2017-10-13 13:08:11'),
(2013,	' Fabricaci?n de pl?sticos en formas primarias.',	'2017-10-13 18:08:11',	'2017-10-13 13:08:11'),
(2014,	' Fabricaci?n de caucho sint?tico en formas primarias.',	'2017-10-13 18:08:11',	'2017-10-13 13:08:11'),
(2021,	' Fabricaci?n de plaguicidas y otros productos qu?micos de uso agropecuario.',	'2017-10-13 18:08:11',	'2017-10-13 13:08:11'),
(2022,	' Fabricaci?n de pinturas, barnices y revestimientos similares, tintas para impresi?n y masillas.',	'2017-10-13 18:08:11',	'2017-10-13 13:08:11'),
(2023,	' Fabricaci?n de jabones y detergentes, preparados para limpiar y pulir; perfumes y preparados de tocador.',	'2017-10-13 18:08:11',	'2017-10-13 13:08:11'),
(2029,	' Fabricaci?n de otros productos qu?micos n.c.p.',	'2017-10-13 18:08:11',	'2017-10-13 13:08:11'),
(2030,	' Fabricaci?n de fibras sint?ticas y artificiales.',	'2017-10-13 18:08:11',	'2017-10-13 13:08:11'),
(2100,	' Fabricaci?n de productos farmac?uticos, sustancias qu?micas medicinales y productos bot?nicos de uso farmac?utico.',	'2017-10-13 18:08:11',	'2017-10-13 13:08:11'),
(2211,	' Fabricaci?n de llantas y neum?ticos de caucho',	'2017-10-13 18:08:11',	'2017-10-13 13:08:11'),
(2212,	' Reencauche de llantas usadas',	'2017-10-13 18:08:11',	'2017-10-13 13:08:11'),
(2219,	' Fabricaci?n de formas b?sicas de caucho y otros productos de caucho n.c.p.',	'2017-10-13 18:08:11',	'2017-10-13 13:08:11'),
(2221,	' Fabricaci?n de formas b?sicas de pl?stico.',	'2017-10-13 18:08:11',	'2017-10-13 13:08:11'),
(2229,	' Fabricaci?n de art?culos de pl?stico n.c.p.',	'2017-10-13 18:08:11',	'2017-10-13 13:08:11'),
(2310,	' Fabricaci?n de vidrio y productos de vidrio.',	'2017-10-13 18:08:11',	'2017-10-13 13:08:11'),
(2391,	' Fabricaci?n de productos refractarios.',	'2017-10-13 18:08:11',	'2017-10-13 13:08:11'),
(2392,	' Fabricaci?n de materiales de arcilla para la construcci',	'2017-10-13 18:08:11',	'2017-10-13 13:08:11'),
(2393,	' Fabricaci?n de otros productos de cer?mica y porcelana.',	'2017-10-13 18:08:11',	'2017-10-13 13:08:11'),
(2394,	' Fabricaci?n de cemento, cal y yeso.',	'2017-10-13 18:08:11',	'2017-10-13 13:08:11'),
(2395,	' Fabricaci?n de art?culos de hormig?n, cemento y yeso.',	'2017-10-13 18:08:11',	'2017-10-13 13:08:11'),
(2396,	' Corte, tallado y acabado de la piedra.',	'2017-10-13 18:08:11',	'2017-10-13 13:08:11'),
(2399,	' Fabricaci?n de otros productos minerales no met?licos n.c.p.',	'2017-10-13 18:08:11',	'2017-10-13 13:08:11'),
(2410,	' Industrias b?sicas de hierro y de acero.',	'2017-10-13 18:08:11',	'2017-10-13 13:08:11'),
(2421,	' Industrias b?sicas de metales preciosos.',	'2017-10-13 18:08:11',	'2017-10-13 13:08:11'),
(2429,	' Industrias b?sicas de otros metales no ferrosos.',	'2017-10-13 18:08:11',	'2017-10-13 13:08:11'),
(2431,	' Fundici?n de hierro y de acero.',	'2017-10-13 18:08:11',	'2017-10-13 13:08:11'),
(2432,	' Fundici?n de metales no ferrosos.',	'2017-10-13 18:08:11',	'2017-10-13 13:08:11'),
(2511,	' Fabricaci?n de productos met?licos para uso estructural.',	'2017-10-13 18:08:11',	'2017-10-13 13:08:11'),
(2512,	' Fabricaci?n de tanques, dep?sitos y recipientes de metal, excepto los utilizados para el envase o transporte de mercanc?as.',	'2017-10-13 18:08:11',	'2017-10-13 13:08:11'),
(2513,	' Fabricaci?n de generadores de vapor, excepto calderas de agua caliente para calefacci?n central.',	'2017-10-13 18:08:11',	'2017-10-13 13:08:11'),
(2520,	' Fabricaci?n de armas y municiones.',	'2017-10-13 18:08:11',	'2017-10-13 13:08:11'),
(2591,	' Forja, prensado, estampado y laminado de metal; pulvimetalurgia.',	'2017-10-13 18:08:11',	'2017-10-13 13:08:11'),
(2592,	' Tratamiento y revestimiento de metales; mecanizado.',	'2017-10-13 18:08:11',	'2017-10-13 13:08:11'),
(2593,	' Fabricaci?n de art?culos de cuchiller?a, herramientas de mano y art?culos de ferreter?a.',	'2017-10-13 18:08:11',	'2017-10-13 13:08:11'),
(2599,	' Fabricaci?n de otros productos elaborados de metal n.c.p.',	'2017-10-13 18:08:11',	'2017-10-13 13:08:11'),
(2610,	' Fabricaci?n de componentes y tableros electr?nicos.',	'2017-10-13 18:08:11',	'2017-10-13 13:08:11'),
(2620,	' Fabricaci?n de computadoras y de equipo perif?rico.',	'2017-10-13 18:08:11',	'2017-10-13 13:08:11'),
(2630,	' Fabricaci?n de equipos de comunicaci',	'2017-10-13 18:08:11',	'2017-10-13 13:08:11'),
(2640,	' Fabricaci?n de aparatos electr?nicos de consumo.',	'2017-10-13 18:08:11',	'2017-10-13 13:08:11'),
(2651,	' Fabricaci?n de equipo de medici?n, prueba, navegaci?n y control.',	'2017-10-13 18:08:11',	'2017-10-13 13:08:11'),
(2652,	' Fabricaci?n de relojes.',	'2017-10-13 18:08:11',	'2017-10-13 13:08:11'),
(2660,	' Fabricaci?n de equipo de irradiaci?n y equipo electr?nico de uso m?dico y terap?utico.',	'2017-10-13 18:08:11',	'2017-10-13 13:08:11'),
(2670,	' Fabricaci?n de instrumentos ?pticos y equipo fotogr?fico.',	'2017-10-13 18:08:11',	'2017-10-13 13:08:11'),
(2680,	' Fabricaci?n de medios magn?ticos y ?pticos para almacenamiento de datos.',	'2017-10-13 18:08:11',	'2017-10-13 13:08:11'),
(2711,	' Fabricaci?n de motores, generadores y transformadores el?ctricos.',	'2017-10-13 18:08:11',	'2017-10-13 13:08:11'),
(2712,	' Fabricaci?n de aparatos de distribuci?n y control de la energ?a el?ctrica.',	'2017-10-13 18:08:11',	'2017-10-13 13:08:11'),
(2720,	' Fabricaci?n de pilas, bater?as y acumuladores el?ctricos.',	'2017-10-13 18:08:11',	'2017-10-13 13:08:11'),
(2731,	' Fabricaci?n de hilos y cables el?ctricos y de fibra ?ptica.',	'2017-10-13 18:08:11',	'2017-10-13 13:08:11'),
(2732,	' Fabricaci?n de dispositivos de cableado.',	'2017-10-13 18:08:11',	'2017-10-13 13:08:11'),
(2740,	' Fabricaci?n de equipos el?ctricos de iluminaci',	'2017-10-13 18:08:11',	'2017-10-13 13:08:11'),
(2750,	' Fabricaci?n de aparatos de uso dom?stico.',	'2017-10-13 18:08:11',	'2017-10-13 13:08:11'),
(2790,	' Fabricaci?n de otros tipos de equipo el?ctrico n.c.p.',	'2017-10-13 18:08:11',	'2017-10-13 13:08:11'),
(2811,	' Fabricaci?n de motores, turbinas, y partes para motores de combusti?n interna.',	'2017-10-13 18:08:11',	'2017-10-13 13:08:11'),
(2812,	' Fabricaci?n de equipos de potencia hidr?ulica y neum?tica.',	'2017-10-13 18:08:11',	'2017-10-13 13:08:11'),
(2813,	' Fabricaci?n de otras bombas, compresores, grifos y v?lvulas.',	'2017-10-13 18:08:11',	'2017-10-13 13:08:11'),
(2814,	' Fabricaci?n de cojinetes, engranajes, trenes de engranajes y piezas de transmisi',	'2017-10-13 18:08:11',	'2017-10-13 13:08:11'),
(2815,	' Fabricaci?n de hornos, hogares y quemadores industriales.',	'2017-10-13 18:08:11',	'2017-10-13 13:08:11'),
(2816,	' Fabricaci?n de equipo de elevaci?n y manipulaci',	'2017-10-13 18:08:11',	'2017-10-13 13:08:11'),
(2817,	' Fabricaci?n de maquinaria y equipo de oficina (excepto computadoras y equipo perif?rico).',	'2017-10-13 18:08:11',	'2017-10-13 13:08:11'),
(2818,	' Fabricaci?n de herramientas manuales con motor.',	'2017-10-13 18:08:11',	'2017-10-13 13:08:11'),
(2819,	' Fabricaci?n de otros tipos de maquinaria y equipo de uso general n.c.p.',	'2017-10-13 18:08:11',	'2017-10-13 13:08:11'),
(2821,	' Fabricaci?n de maquinaria agropecuaria y forestal.',	'2017-10-13 18:08:11',	'2017-10-13 13:08:11'),
(2822,	' Fabricaci?n de m?quinas formadoras de metal y de m?quinas herramienta.',	'2017-10-13 18:08:11',	'2017-10-13 13:08:11'),
(2823,	' Fabricaci?n de maquinaria para la metalurgia.',	'2017-10-13 18:08:11',	'2017-10-13 13:08:11'),
(2824,	' Fabricaci?n de maquinaria para explotaci?n de minas y canteras y para obras de construcci',	'2017-10-13 18:08:11',	'2017-10-13 13:08:11'),
(2825,	' Fabricaci?n de maquinaria para la elaboraci?n de alimentos, bebidas y tabaco.',	'2017-10-13 18:08:11',	'2017-10-13 13:08:11'),
(2826,	' Fabricaci?n de maquinaria para la elaboraci?n de productos textiles, prendas de vestir y cueros.',	'2017-10-13 18:08:11',	'2017-10-13 13:08:11'),
(2829,	' Fabricaci?n de otros tipos de maquinaria y equipo de uso especial n.c.p.',	'2017-10-13 18:08:11',	'2017-10-13 13:08:11'),
(2910,	' Fabricaci?n de veh?culos automotores y sus motores.',	'2017-10-13 18:08:11',	'2017-10-13 13:08:11'),
(2920,	' Fabricaci?n de carrocer?as para veh?culos automotores; fabricaci?n de remolques y semirremolques.',	'2017-10-13 18:08:11',	'2017-10-13 13:08:11'),
(2930,	' Fabricaci?n de partes, piezas (autopartes) y accesorios (lujos) para veh?culos automotores.',	'2017-10-13 18:08:11',	'2017-10-13 13:08:11'),
(3011,	' Construcci?n de barcos y de estructuras flotantes.',	'2017-10-13 18:08:11',	'2017-10-13 13:08:11'),
(3012,	' Construcci?n de embarcaciones de recreo y deporte.',	'2017-10-13 18:08:11',	'2017-10-13 13:08:11'),
(3020,	' Fabricaci?n de locomotoras y de material rodante para ferrocarriles.',	'2017-10-13 18:08:11',	'2017-10-13 13:08:11'),
(3030,	' Fabricaci?n de aeronaves, naves espaciales y de maquinaria conexa.',	'2017-10-13 18:08:11',	'2017-10-13 13:08:11'),
(3040,	' Fabricaci?n de veh?culos militares de combate.',	'2017-10-13 18:08:11',	'2017-10-13 13:08:11'),
(3091,	' Fabricaci?n de motocicletas.',	'2017-10-13 18:08:11',	'2017-10-13 13:08:11'),
(3092,	' Fabricaci?n de bicicletas y de sillas de ruedas para personas con discapacidad.',	'2017-10-13 18:08:11',	'2017-10-13 13:08:11'),
(3099,	' Fabricaci?n de otros tipos de equipo de transporte n.c.p.',	'2017-10-13 18:08:11',	'2017-10-13 13:08:11'),
(3110,	' Fabricaci?n de muebles.',	'2017-10-13 18:08:11',	'2017-10-13 13:08:11'),
(3120,	' Fabricaci?n de colchones y somieres.',	'2017-10-13 18:08:11',	'2017-10-13 13:08:11'),
(3210,	' Fabricaci?n de joyas, bisuter?a y art?culos conexos.',	'2017-10-13 18:08:11',	'2017-10-13 13:08:11'),
(3220,	' Fabricaci?n de instrumentos musicales.',	'2017-10-13 18:08:11',	'2017-10-13 13:08:11'),
(3230,	' Fabricaci?n de art?culos y equipo para la pr?ctica del deporte.',	'2017-10-13 18:08:11',	'2017-10-13 13:08:11'),
(3240,	' Fabricaci?n de juegos, juguetes y rompecabezas.',	'2017-10-13 18:08:11',	'2017-10-13 13:08:11'),
(3250,	' Fabricaci?n de instrumentos, aparatos y materiales m?dicos y odontol?gicos (incluido mobiliario).',	'2017-10-13 18:08:11',	'2017-10-13 13:08:11'),
(3290,	' Otras industrias manufactureras n.c.p.',	'2017-10-13 18:08:11',	'2017-10-13 13:08:11'),
(3311,	' Mantenimiento y reparaci?n especializado de productos elaborados en metal.',	'2017-10-13 18:08:11',	'2017-10-13 13:08:11'),
(3312,	' Mantenimiento y reparaci?n especializado de maquinaria y equipo.',	'2017-10-13 18:08:11',	'2017-10-13 13:08:11'),
(3313,	' Mantenimiento y reparaci?n especializado de equipo electr?nico y ?ptico.',	'2017-10-13 18:08:11',	'2017-10-13 13:08:11'),
(3314,	' Mantenimiento y reparaci?n especializado de equipo el?ctrico.',	'2017-10-13 18:08:11',	'2017-10-13 13:08:11'),
(3315,	' Mantenimiento y reparaci?n especializado de equipo de transporte, excepto los veh?culos automotores, motocicletas y bicicletas.',	'2017-10-13 18:08:11',	'2017-10-13 13:08:11'),
(3319,	' Mantenimiento y reparaci?n de otros tipos de equipos y sus componentes n.c.p.',	'2017-10-13 18:08:11',	'2017-10-13 13:08:11'),
(3320,	' Instalaci?n especializada de maquinaria y equipo industrial.',	'2017-10-13 18:08:11',	'2017-10-13 13:08:11'),
(3511,	' Generaci?n de energ?a el?ctrica.',	'2017-10-13 18:08:11',	'2017-10-13 13:08:11'),
(3512,	' Transmisi?n de energ?a el?ctrica.',	'2017-10-13 18:08:11',	'2017-10-13 13:08:11'),
(3513,	' Distribuci?n de energ?a el?ctrica.',	'2017-10-13 18:08:11',	'2017-10-13 13:08:11'),
(3514,	' Comercializaci?n de energ?a el?ctrica.',	'2017-10-13 18:08:11',	'2017-10-13 13:08:11'),
(3520,	' Producci?n de gas; distribuci?n de combustibles gaseosos por tuber?as.',	'2017-10-13 18:08:11',	'2017-10-13 13:08:11'),
(3530,	' Suministro de vapor y aire acondicionado.',	'2017-10-13 18:08:11',	'2017-10-13 13:08:11'),
(3600,	' Captaci?n, tratamiento y distribuci?n de agua.',	'2017-10-13 18:08:11',	'2017-10-13 13:08:11'),
(3700,	' Evacuaci?n y tratamiento de aguas residuales.',	'2017-10-13 18:08:11',	'2017-10-13 13:08:11'),
(3811,	' Recolecci?n de desechos no peligrosos.',	'2017-10-13 18:08:11',	'2017-10-13 13:08:11'),
(3812,	' Recolecci?n de desechos peligrosos.',	'2017-10-13 18:08:11',	'2017-10-13 13:08:11'),
(3821,	' Tratamiento y disposici?n de desechos no peligrosos.',	'2017-10-13 18:08:11',	'2017-10-13 13:08:11'),
(3822,	' Tratamiento y disposici?n de desechos peligrosos.',	'2017-10-13 18:08:11',	'2017-10-13 13:08:11'),
(3830,	' Recuperaci?n de materiales.',	'2017-10-13 18:08:11',	'2017-10-13 13:08:11'),
(3900,	' Actividades de saneamiento ambiental y otros servicios de gesti?n de desechos.',	'2017-10-13 18:08:11',	'2017-10-13 13:08:11'),
(4111,	' Construcci?n de edificios residenciales.',	'2017-10-13 18:08:11',	'2017-10-13 13:08:11'),
(4112,	' Construcci?n de edificios no residenciales.',	'2017-10-13 18:08:11',	'2017-10-13 13:08:11'),
(4210,	' Construcci?n de carreteras y v?as de ferrocarril.',	'2017-10-13 18:08:11',	'2017-10-13 13:08:11'),
(4220,	' Construcci?n de proyectos de servicio p?blico.',	'2017-10-13 18:08:11',	'2017-10-13 13:08:11'),
(4290,	' Construcci?n de otras obras de ingenier?a civil.',	'2017-10-13 18:08:11',	'2017-10-13 13:08:11'),
(4311,	' Demolici',	'2017-10-13 18:08:11',	'2017-10-13 13:08:11'),
(4312,	' Preparaci?n del terreno.',	'2017-10-13 18:08:11',	'2017-10-13 13:08:11'),
(4321,	' Instalaciones el?ctricas.',	'2017-10-13 18:08:11',	'2017-10-13 13:08:11'),
(4322,	' Instalaciones de fontaner?a, calefacci?n y aire acondicionado.',	'2017-10-13 18:08:11',	'2017-10-13 13:08:11'),
(4329,	' Otras instalaciones especializadas.',	'2017-10-13 18:08:11',	'2017-10-13 13:08:11'),
(4330,	' Terminaci?n y acabado de edificios y obras de ingenier?a civil.',	'2017-10-13 18:08:11',	'2017-10-13 13:08:11'),
(4390,	' Otras actividades especializadas para la construcci?n de edificios y obras de ingenier?a civil.',	'2017-10-13 18:08:11',	'2017-10-13 13:08:11'),
(4511,	' Comercio de veh?culos automotores nuevos.',	'2017-10-13 18:08:11',	'2017-10-13 13:08:11'),
(4512,	' Comercio de veh?culos automotores usados.',	'2017-10-13 18:08:11',	'2017-10-13 13:08:11'),
(4520,	' Mantenimiento y reparaci?n de veh?culos automotores.',	'2017-10-13 18:08:11',	'2017-10-13 13:08:11'),
(4530,	' Comercio de partes, piezas (autopartes) y accesorios (lujos) para veh?culos automotores.',	'2017-10-13 18:08:11',	'2017-10-13 13:08:11'),
(4541,	' Comercio de motocicletas y de sus partes, piezas y accesorios.',	'2017-10-13 18:08:11',	'2017-10-13 13:08:11'),
(4542,	' Mantenimiento y reparaci?n de motocicletas y de sus partes y piezas.',	'2017-10-13 18:08:11',	'2017-10-13 13:08:11'),
(4610,	' Comercio al por mayor a cambio de una retribuci?n o por contrata.',	'2017-10-13 18:08:11',	'2017-10-13 13:08:11'),
(4620,	' Comercio al por mayor de materias primas agropecuarias; animales vivos.',	'2017-10-13 18:08:11',	'2017-10-13 13:08:11'),
(4631,	' Comercio al por mayor de productos alimenticios.',	'2017-10-13 18:08:11',	'2017-10-13 13:08:11'),
(4632,	' Comercio al por mayor de bebidas y tabaco.',	'2017-10-13 18:08:11',	'2017-10-13 13:08:11'),
(4641,	' Comercio al por mayor de productos textiles, productos confeccionados para uso dom?stico.',	'2017-10-13 18:08:11',	'2017-10-13 13:08:11'),
(4642,	' Comercio al por mayor de prendas de vestir.',	'2017-10-13 18:08:11',	'2017-10-13 13:08:11'),
(4643,	' Comercio al por mayor de calzado.',	'2017-10-13 18:08:11',	'2017-10-13 13:08:11'),
(4644,	' Comercio al por mayor de aparatos y equipo de uso dom?stico.',	'2017-10-13 18:08:11',	'2017-10-13 13:08:11'),
(4645,	' Comercio al por mayor de productos farmac?uticos, medicinales, cosm?ticos y de tocador.',	'2017-10-13 18:08:11',	'2017-10-13 13:08:11'),
(4649,	' Comercio al por mayor de otros utensilios dom?sticos n.c.p.',	'2017-10-13 18:08:11',	'2017-10-13 13:08:11'),
(4651,	' Comercio al por mayor de computadores, equipo perif?rico y programas de inform?tica.',	'2017-10-13 18:08:11',	'2017-10-13 13:08:11'),
(4652,	' Comercio al por mayor de equipo, partes y piezas electr?nicos y de telecomunicaciones.',	'2017-10-13 18:08:11',	'2017-10-13 13:08:11'),
(4653,	' Comercio al por mayor de maquinaria y equipo agropecuarios.',	'2017-10-13 18:08:11',	'2017-10-13 13:08:11'),
(4659,	' Comercio al por mayor de otros tipos de maquinaria y equipo n.c.p.',	'2017-10-13 18:08:11',	'2017-10-13 13:08:11'),
(4661,	' Comercio al por mayor de combustibles s?lidos, l?quidos, gaseosos y productos conexos.',	'2017-10-13 18:08:11',	'2017-10-13 13:08:11'),
(4662,	' Comercio al por mayor de metales y productos metal?feros.',	'2017-10-13 18:08:11',	'2017-10-13 13:08:11'),
(4663,	' Comercio al por mayor de materiales de construcci?n, art?culos de ferreter?a, pinturas, productos de vidrio, equipo y materiales de fontaner?a y calefacci',	'2017-10-13 18:08:11',	'2017-10-13 13:08:11'),
(4664,	' Comercio al por mayor de productos qu?micos b?sicos, cauchos y pl?sticos en formas primarias y productos qu?micos de uso agropecuario.',	'2017-10-13 18:08:11',	'2017-10-13 13:08:11'),
(4665,	' Comercio al por mayor de desperdicios, desechos y chatarra.',	'2017-10-13 18:08:11',	'2017-10-13 13:08:11'),
(4669,	' Comercio al por mayor de otros productos n.c.p.',	'2017-10-13 18:08:11',	'2017-10-13 13:08:11'),
(4690,	' Comercio al por mayor no especializado.',	'2017-10-13 18:08:11',	'2017-10-13 13:08:11'),
(4711,	' Comercio al por menor en establecimientos no especializados con surtido compuesto principalmente por alimentos, bebidas o tabaco.',	'2017-10-13 18:08:11',	'2017-10-13 13:08:11'),
(4719,	' Comercio al por menor en establecimientos no especializados, con surtido compuesto principalmente por productos diferentes de alimentos (v?veres en general), bebidas y tabaco.',	'2017-10-13 18:08:11',	'2017-10-13 13:08:11'),
(4721,	' Comercio al por menor de productos agr?colas para el consumo en establecimientos especializados.',	'2017-10-13 18:08:11',	'2017-10-13 13:08:11'),
(4722,	' Comercio al por menor de leche, productos l?cteos y huevos, en establecimientos especializados.',	'2017-10-13 18:08:11',	'2017-10-13 13:08:11'),
(4723,	' Comercio al por menor de carnes (incluye aves de corral), productos c?rnicos, pescados y productos de mar, en establecimientos especializados.',	'2017-10-13 18:08:11',	'2017-10-13 13:08:11'),
(4724,	' Comercio al por menor de bebidas y productos del tabaco, en establecimientos especializados.',	'2017-10-13 18:08:11',	'2017-10-13 13:08:11'),
(4729,	' Comercio al por menor de otros productos alimenticios n.c.p., en establecimientos especializados.',	'2017-10-13 18:08:11',	'2017-10-13 13:08:11'),
(4731,	' Comercio al por menor de combustible para automotores.',	'2017-10-13 18:08:11',	'2017-10-13 13:08:11'),
(4732,	' Comercio al por menor de lubricantes (aceites, grasas), aditivos y productos de limpieza para veh?culos automotores.',	'2017-10-13 18:08:11',	'2017-10-13 13:08:11'),
(4741,	' Comercio al por menor de computadores, equipos perif?ricos, programas de inform?tica y equipos de telecomunicaciones en establecimientos especializados.',	'2017-10-13 18:08:11',	'2017-10-13 13:08:11'),
(4742,	' Comercio al por menor de equipos y aparatos de sonido y de video, en establecimientos especializados.',	'2017-10-13 18:08:11',	'2017-10-13 13:08:11'),
(4751,	' Comercio al por menor de productos textiles en establecimientos especializados.',	'2017-10-13 18:08:11',	'2017-10-13 13:08:11'),
(4752,	' Comercio al por menor de art?culos de ferreter?a, pinturas y productos de vidrio en establecimientos especializados.',	'2017-10-13 18:08:11',	'2017-10-13 13:08:11'),
(4753,	' Comercio al por menor de tapices, alfombras y cubrimientos para paredes y pisos en establecimientos especializados.',	'2017-10-13 18:08:11',	'2017-10-13 13:08:11'),
(4754,	' Comercio al por menor de electrodom?sticos y gasodom?sticos de uso dom?stico, muebles y equipos de iluminaci',	'2017-10-13 18:08:11',	'2017-10-13 13:08:11'),
(4755,	' Comercio al por menor de art?culos y utensilios de uso dom?stico.',	'2017-10-13 18:08:11',	'2017-10-13 13:08:11'),
(4759,	' Comercio al por menor de otros art?culos dom?sticos en establecimientos especializados.',	'2017-10-13 18:08:11',	'2017-10-13 13:08:11'),
(4761,	' Comercio al por menor de libros, peri?dicos, materiales y art?culos de papeler?a y escritorio, en establecimientos especializados.',	'2017-10-13 18:08:11',	'2017-10-13 13:08:11'),
(4762,	' Comercio al por menor de art?culos deportivos, en establecimientos especializados.',	'2017-10-13 18:08:11',	'2017-10-13 13:08:11'),
(4769,	' Comercio al por menor de otros art?culos culturales y de entretenimiento n.c.p. en establecimientos especializados.',	'2017-10-13 18:08:11',	'2017-10-13 13:08:11'),
(4771,	' Comercio al por menor de prendas de vestir y sus accesorios (incluye art?culos de piel) en establecimientos especializados.',	'2017-10-13 18:08:11',	'2017-10-13 13:08:11'),
(4772,	' Comercio al por menor de todo tipo de calzado y art?culos de cuero y suced?neos del cuero en establecimientos especializados.',	'2017-10-13 18:08:11',	'2017-10-13 13:08:11'),
(4773,	' Comercio al por menor de productos farmac?uticos y medicinales, cosm?ticos y art?culos de tocador en establecimientos especializados.',	'2017-10-13 18:08:11',	'2017-10-13 13:08:11'),
(4774,	' Comercio al por menor de otros productos nuevos en establecimientos especializados.',	'2017-10-13 18:08:11',	'2017-10-13 13:08:11'),
(4775,	' Comercio al por menor de art?culos de segunda mano.',	'2017-10-13 18:08:11',	'2017-10-13 13:08:11'),
(4781,	' Comercio al por menor de alimentos, bebidas y tabaco, en puestos de venta m?viles.',	'2017-10-13 18:08:11',	'2017-10-13 13:08:11'),
(4782,	' Comercio al por menor de productos textiles, prendas de vestir y calzado, en puestos de venta m?viles.',	'2017-10-13 18:08:11',	'2017-10-13 13:08:11'),
(4789,	' Comercio al por menor de otros productos en puestos de venta m?viles.',	'2017-10-13 18:08:11',	'2017-10-13 13:08:11'),
(4791,	' Comercio al por menor realizado a trav?s de internet.',	'2017-10-13 18:08:11',	'2017-10-13 13:08:11'),
(4792,	' Comercio al por menor realizado a trav?s de casas de venta o por correo.',	'2017-10-13 18:08:11',	'2017-10-13 13:08:11'),
(4799,	' Otros tipos de comercio al por menor no realizado en establecimientos, puestos de venta o mercados.',	'2017-10-13 18:08:11',	'2017-10-13 13:08:11'),
(4911,	' Transporte f?rreo de pasajeros.',	'2017-10-13 18:08:11',	'2017-10-13 13:08:11'),
(4912,	' Transporte f?rreo de carga.',	'2017-10-13 18:08:11',	'2017-10-13 13:08:11'),
(4921,	' Transporte de pasajeros.',	'2017-10-13 18:08:11',	'2017-10-13 13:08:11'),
(4922,	' Transporte mixto.',	'2017-10-13 18:08:11',	'2017-10-13 13:08:11'),
(4923,	' Transporte de carga por carretera.',	'2017-10-13 18:08:11',	'2017-10-13 13:08:11'),
(4930,	' Transporte por tuber?as.',	'2017-10-13 18:08:11',	'2017-10-13 13:08:11'),
(5011,	' Transporte de pasajeros mar?timo y de cabotaje.',	'2017-10-13 18:08:11',	'2017-10-13 13:08:11'),
(5012,	' Transporte de carga mar?timo y de cabotaje.',	'2017-10-13 18:08:11',	'2017-10-13 13:08:11'),
(5021,	' Transporte fluvial de pasajeros.',	'2017-10-13 18:08:11',	'2017-10-13 13:08:11'),
(5022,	' Transporte fluvial de carga.',	'2017-10-13 18:08:11',	'2017-10-13 13:08:11'),
(5111,	' Transporte a?reo nacional de pasajeros.',	'2017-10-13 18:08:11',	'2017-10-13 13:08:11'),
(5112,	' Transporte a?reo internacional de pasajeros.',	'2017-10-13 18:08:11',	'2017-10-13 13:08:11'),
(5121,	' Transporte a?reo nacional de carga.',	'2017-10-13 18:08:11',	'2017-10-13 13:08:11'),
(5122,	' Transporte a?reo internacional de carga.',	'2017-10-13 18:08:11',	'2017-10-13 13:08:11'),
(5210,	' Almacenamiento y dep?sito.',	'2017-10-13 18:08:11',	'2017-10-13 13:08:11'),
(5221,	' Actividades de estaciones, v?as y servicios complementarios para el transporte terrestre.',	'2017-10-13 18:08:11',	'2017-10-13 13:08:11'),
(5222,	' Actividades de puertos y servicios complementarios para el transporte acu?tico.',	'2017-10-13 18:08:11',	'2017-10-13 13:08:11'),
(5223,	' Actividades de aeropuertos, servicios de navegaci?n a?rea y dem?s actividades conexas al transporte a?reo.',	'2017-10-13 18:08:11',	'2017-10-13 13:08:11'),
(5224,	' Manipulaci?n de carga.',	'2017-10-13 18:08:11',	'2017-10-13 13:08:11'),
(5229,	' Otras actividades complementarias al transporte.',	'2017-10-13 18:08:11',	'2017-10-13 13:08:11'),
(5310,	' Actividades postales nacionales.',	'2017-10-13 18:08:11',	'2017-10-13 13:08:11'),
(5320,	' Actividades de mensajer?a.',	'2017-10-13 18:08:11',	'2017-10-13 13:08:11'),
(5511,	' Alojamiento en hoteles.',	'2017-10-13 18:08:11',	'2017-10-13 13:08:11'),
(5512,	' Alojamiento en apartahoteles.',	'2017-10-13 18:08:11',	'2017-10-13 13:08:11'),
(5513,	' Alojamiento en centros vacacionales.',	'2017-10-13 18:08:11',	'2017-10-13 13:08:11'),
(5514,	' Alojamiento rural.',	'2017-10-13 18:08:11',	'2017-10-13 13:08:11'),
(5519,	' Otros tipos de alojamientos para visitantes.',	'2017-10-13 18:08:11',	'2017-10-13 13:08:11'),
(5520,	' Actividades de zonas de camping y parques para veh?culos recreacionales.',	'2017-10-13 18:08:11',	'2017-10-13 13:08:11'),
(5530,	' Servicio por horas',	'2017-10-13 18:08:11',	'2017-10-13 13:08:11'),
(5590,	' Otros tipos de alojamiento n.c.p.',	'2017-10-13 18:08:11',	'2017-10-13 13:08:11'),
(5611,	' Expendio a la mesa de comidas preparadas.',	'2017-10-13 18:08:11',	'2017-10-13 13:08:11'),
(5612,	' Expendio por autoservicio de comidas preparadas.',	'2017-10-13 18:08:11',	'2017-10-13 13:08:11'),
(5613,	' Expendio de comidas preparadas en cafeter?as.',	'2017-10-13 18:08:11',	'2017-10-13 13:08:11'),
(5619,	' Otros tipos de expendio de comidas preparadas n.c.p.',	'2017-10-13 18:08:11',	'2017-10-13 13:08:11'),
(5621,	' Catering para eventos.',	'2017-10-13 18:08:11',	'2017-10-13 13:08:11'),
(5629,	' Actividades de otros servicios de comidas.',	'2017-10-13 18:08:11',	'2017-10-13 13:08:11'),
(5630,	' Expendio de bebidas alcoh?licas para el consumo dentro del establecimiento.',	'2017-10-13 18:08:11',	'2017-10-13 13:08:11'),
(5811,	' Edici?n de libros.',	'2017-10-13 18:08:11',	'2017-10-13 13:08:11'),
(5812,	' Edici?n de directorios y listas de correo.',	'2017-10-13 18:08:11',	'2017-10-13 13:08:11'),
(5813,	' Edici?n de peri?dicos, revistas y otras publicaciones peri?dicas.',	'2017-10-13 18:08:11',	'2017-10-13 13:08:11'),
(5819,	' Otros trabajos de edici',	'2017-10-13 18:08:11',	'2017-10-13 13:08:11'),
(5820,	' Edici?n de programas de inform?tica (software).',	'2017-10-13 18:08:11',	'2017-10-13 13:08:11'),
(5911,	' Actividades de producci?n de pel?culas cinematogr?ficas, videos, programas, anuncios y comerciales de televisi',	'2017-10-13 18:08:11',	'2017-10-13 13:08:11'),
(5912,	' Actividades de posproducci?n de pel?culas cinematogr?ficas, videos, programas, anuncios y comerciales de televisi',	'2017-10-13 18:08:11',	'2017-10-13 13:08:11'),
(5913,	' Actividades de distribuci?n de pel?culas cinematogr?ficas, videos, programas, anuncios y comerciales de televisi',	'2017-10-13 18:08:11',	'2017-10-13 13:08:11'),
(5914,	' Actividades de exhibici?n de pel?culas cinematogr?ficas y videos.',	'2017-10-13 18:08:11',	'2017-10-13 13:08:11'),
(5920,	' Actividades de grabaci?n de sonido y edici?n de m?sica.',	'2017-10-13 18:08:11',	'2017-10-13 13:08:11'),
(6010,	' Actividades de programaci?n y transmisi?n en el servicio de radiodifusi?n sonora.',	'2017-10-13 18:08:11',	'2017-10-13 13:08:11'),
(6020,	' Actividades de programaci?n y transmisi?n de televisi',	'2017-10-13 18:08:11',	'2017-10-13 13:08:11'),
(6110,	' Actividades de telecomunicaciones al?mbricas.',	'2017-10-13 18:08:11',	'2017-10-13 13:08:11'),
(6120,	' Actividades de telecomunicaciones inal?mbricas.',	'2017-10-13 18:08:11',	'2017-10-13 13:08:11'),
(6130,	' Actividades de telecomunicaci?n satelital.',	'2017-10-13 18:08:11',	'2017-10-13 13:08:11'),
(6190,	' Otras actividades de telecomunicaciones.',	'2017-10-13 18:08:11',	'2017-10-13 13:08:11'),
(6201,	' Actividades de desarrollo de sistemas inform?ticos (planificaci?n, an?lisis, dise?o, programaci?n, pruebas).',	'2017-10-13 18:08:11',	'2017-10-13 13:08:11'),
(6202,	' Actividades de consultor?a inform?tica y actividades de administraci?n de instalaciones inform?ticas.',	'2017-10-13 18:08:11',	'2017-10-13 13:08:11'),
(6209,	' Otras actividades de tecnolog?as de informaci?n y actividades de servicios inform?ticos.',	'2017-10-13 18:08:11',	'2017-10-13 13:08:11'),
(6311,	' Procesamiento de datos, alojamiento (hosting) y actividades relacionadas.',	'2017-10-13 18:08:11',	'2017-10-13 13:08:11'),
(6312,	' Portales web.',	'2017-10-13 18:08:11',	'2017-10-13 13:08:11'),
(6391,	' Actividades de agencias de noticias.',	'2017-10-13 18:08:11',	'2017-10-13 13:08:11'),
(6399,	' Otras actividades de servicio de informaci?n n.c.p.',	'2017-10-13 18:08:11',	'2017-10-13 13:08:11'),
(6411,	' Banco Central.',	'2017-10-13 18:08:11',	'2017-10-13 13:08:11'),
(6412,	' Bancos comerciales.',	'2017-10-13 18:08:11',	'2017-10-13 13:08:11'),
(6421,	' Actividades de las corporaciones financieras.',	'2017-10-13 18:08:11',	'2017-10-13 13:08:11'),
(6422,	' Actividades de las compa??as de financiamiento.',	'2017-10-13 18:08:11',	'2017-10-13 13:08:11'),
(6423,	' Banca de segundo piso.',	'2017-10-13 18:08:11',	'2017-10-13 13:08:11'),
(6424,	' Actividades de las cooperativas financieras.',	'2017-10-13 18:08:11',	'2017-10-13 13:08:11'),
(6431,	' Fideicomisos, fondos y entidades financieras similares.',	'2017-10-13 18:08:11',	'2017-10-13 13:08:11'),
(6432,	' Fondos de cesant?as.',	'2017-10-13 18:08:11',	'2017-10-13 13:08:11'),
(6491,	' Leasing financiero (arrendamiento financiero).',	'2017-10-13 18:08:11',	'2017-10-13 13:08:11'),
(6492,	' Actividades financieras de fondos de empleados y otras formas asociativas del sector solidario.',	'2017-10-13 18:08:11',	'2017-10-13 13:08:11'),
(6493,	' Actividades de compra de cartera o factoring.',	'2017-10-13 18:08:11',	'2017-10-13 13:08:11'),
(6494,	' Otras actividades de distribuci?n de fondos.',	'2017-10-13 18:08:11',	'2017-10-13 13:08:11'),
(6495,	' Instituciones especiales oficiales.',	'2017-10-13 18:08:11',	'2017-10-13 13:08:11'),
(6499,	' Otras actividades de servicio financiero, excepto las de seguros y pensiones n.c.p.',	'2017-10-13 18:08:11',	'2017-10-13 13:08:11'),
(6511,	' Seguros generales.',	'2017-10-13 18:08:11',	'2017-10-13 13:08:11'),
(6512,	' Seguros de vida.',	'2017-10-13 18:08:11',	'2017-10-13 13:08:11'),
(6513,	' Reaseguros.',	'2017-10-13 18:08:11',	'2017-10-13 13:08:11'),
(6514,	' Capitalizaci',	'2017-10-13 18:08:11',	'2017-10-13 13:08:11'),
(6521,	' Servicios de seguros sociales de salud.',	'2017-10-13 18:08:11',	'2017-10-13 13:08:11'),
(6522,	' Servicios de seguros sociales de riesgos profesionales.',	'2017-10-13 18:08:11',	'2017-10-13 13:08:11'),
(6531,	' R?gimen de prima media con prestaci?n definida (RPM).',	'2017-10-13 18:08:11',	'2017-10-13 13:08:11'),
(6532,	' R?gimen de ahorro individual (RAI).',	'2017-10-13 18:08:11',	'2017-10-13 13:08:11'),
(6611,	' Administraci?n de mercados financieros.',	'2017-10-13 18:08:11',	'2017-10-13 13:08:11'),
(6612,	' Corretaje de valores y de contratos de productos b?sicos.',	'2017-10-13 18:08:11',	'2017-10-13 13:08:11'),
(6613,	' Otras actividades relacionadas con el mercado de valores.',	'2017-10-13 18:08:11',	'2017-10-13 13:08:11'),
(6614,	' Actividades de las casas de cambio.',	'2017-10-13 18:08:11',	'2017-10-13 13:08:11'),
(6615,	' Actividades de los profesionales de compra y venta de divisas.',	'2017-10-13 18:08:11',	'2017-10-13 13:08:11'),
(6619,	' Otras actividades auxiliares de las actividades de servicios financieros n.c.p.',	'2017-10-13 18:08:11',	'2017-10-13 13:08:11'),
(6621,	' Actividades de agentes y corredores de seguros',	'2017-10-13 18:08:11',	'2017-10-13 13:08:11'),
(6629,	' Evaluaci?n de riesgos y da?os, y otras actividades de servicios auxiliares',	'2017-10-13 18:08:11',	'2017-10-13 13:08:11'),
(6630,	' Actividades de administraci?n de fondos.',	'2017-10-13 18:08:11',	'2017-10-13 13:08:11'),
(6810,	' Actividades inmobiliarias realizadas con bienes propios o arrendados.',	'2017-10-13 18:08:11',	'2017-10-13 13:08:11'),
(6820,	' Actividades inmobiliarias realizadas a cambio de una retribuci?n o por contrata.',	'2017-10-13 18:08:11',	'2017-10-13 13:08:11'),
(6910,	' Actividades jur?dicas.',	'2017-10-13 18:08:11',	'2017-10-13 13:08:11'),
(6920,	' Actividades de contabilidad, tenedur?a de libros, auditor?a financiera y asesor?a tributaria.',	'2017-10-13 18:08:11',	'2017-10-13 13:08:11'),
(7010,	' Actividades de administraci?n empresarial.',	'2017-10-13 18:08:11',	'2017-10-13 13:08:11'),
(7020,	' Actividades de consultar?a de gesti',	'2017-10-13 18:08:11',	'2017-10-13 13:08:11'),
(7110,	' Actividades de arquitectura e ingenier?a y otras actividades conexas de consultor?a t?cnica.',	'2017-10-13 18:08:11',	'2017-10-13 13:08:11'),
(7120,	' Ensayos y an?lisis t?cnicos.',	'2017-10-13 18:08:11',	'2017-10-13 13:08:11'),
(7210,	' Investigaciones y desarrollo experimental en el campo de las ciencias naturales y la ingenier?a.',	'2017-10-13 18:08:11',	'2017-10-13 13:08:11'),
(7220,	' Investigaciones y desarrollo experimental en el campo de las ciencias sociales y las humanidades.',	'2017-10-13 18:08:11',	'2017-10-13 13:08:11'),
(7310,	' Publicidad.',	'2017-10-13 18:08:11',	'2017-10-13 13:08:11'),
(7320,	' Estudios de mercado y realizaci?n de encuestas de opini?n p?blica.',	'2017-10-13 18:08:11',	'2017-10-13 13:08:11'),
(7410,	' Actividades especializadas de dise',	'2017-10-13 18:08:11',	'2017-10-13 13:08:11'),
(7420,	' Actividades de fotograf?a.',	'2017-10-13 18:08:11',	'2017-10-13 13:08:11'),
(7490,	' Otras actividades profesionales, cient?ficas y t?cnicas n.c.p.',	'2017-10-13 18:08:11',	'2017-10-13 13:08:11'),
(7500,	' Actividades veterinarias.',	'2017-10-13 18:08:11',	'2017-10-13 13:08:11'),
(7710,	' Alquiler y arrendamiento de veh?culos automotores.',	'2017-10-13 18:08:11',	'2017-10-13 13:08:11'),
(7721,	' Alquiler y arrendamiento de equipo recreativo y deportivo.',	'2017-10-13 18:08:11',	'2017-10-13 13:08:11'),
(7722,	' Alquiler de videos y discos.',	'2017-10-13 18:08:11',	'2017-10-13 13:08:11'),
(7729,	' Alquiler y arrendamiento de otros efectos personales y enseres dom?sticos n.c.p.',	'2017-10-13 18:08:11',	'2017-10-13 13:08:11'),
(7730,	' Alquiler y arrendamiento de otros tipos de maquinaria, equipo y bienes tangibles n.c.p.',	'2017-10-13 18:08:11',	'2017-10-13 13:08:11'),
(7740,	' Arrendamiento de propiedad intelectual y productos similares, excepto obras protegidas por derechos de autor.',	'2017-10-13 18:08:11',	'2017-10-13 13:08:11'),
(7810,	' Actividades de agencias de empleo.',	'2017-10-13 18:08:11',	'2017-10-13 13:08:11'),
(7820,	' Actividades de agencias de empleo temporal.',	'2017-10-13 18:08:11',	'2017-10-13 13:08:11'),
(7830,	' Otras actividades de suministro de recurso humano.',	'2017-10-13 18:08:11',	'2017-10-13 13:08:11'),
(7911,	' Actividades de las agencias de viaje.',	'2017-10-13 18:08:11',	'2017-10-13 13:08:11'),
(7912,	' Actividades de operadores tur?sticos.',	'2017-10-13 18:08:11',	'2017-10-13 13:08:11'),
(7990,	' Otros servicios de reserva y actividades relacionadas.',	'2017-10-13 18:08:11',	'2017-10-13 13:08:11'),
(8010,	' Actividades de seguridad privada.',	'2017-10-13 18:08:11',	'2017-10-13 13:08:11'),
(8020,	' Actividades de servicios de sistemas de seguridad.',	'2017-10-13 18:08:11',	'2017-10-13 13:08:11'),
(8030,	' Actividades de detectives e investigadores privados.',	'2017-10-13 18:08:11',	'2017-10-13 13:08:11'),
(8110,	' Actividades combinadas de apoyo a instalaciones.',	'2017-10-13 18:08:11',	'2017-10-13 13:08:11'),
(8121,	' Limpieza general interior de edificios.',	'2017-10-13 18:08:11',	'2017-10-13 13:08:11'),
(8129,	' Otras actividades de limpieza de edificios e instalaciones industriales.',	'2017-10-13 18:08:11',	'2017-10-13 13:08:11'),
(8130,	' Actividades de paisajismo y servicios de mantenimiento conexos.',	'2017-10-13 18:08:11',	'2017-10-13 13:08:11'),
(8211,	' Actividades combinadas de servicios administrativos de oficina.',	'2017-10-13 18:08:11',	'2017-10-13 13:08:11'),
(8219,	' Fotocopiado, preparaci?n de documentos y otras actividades especializadas de apoyo a oficina.',	'2017-10-13 18:08:11',	'2017-10-13 13:08:11'),
(8220,	' Actividades de centros de llamadas (Call center).',	'2017-10-13 18:08:11',	'2017-10-13 13:08:11'),
(8230,	' Organizaci?n de convenciones y eventos comerciales.',	'2017-10-13 18:08:11',	'2017-10-13 13:08:11'),
(8291,	' Actividades de agencias de cobranza y oficinas de calificaci?n crediticia.',	'2017-10-13 18:08:11',	'2017-10-13 13:08:11'),
(8292,	' Actividades de envase y empaque.',	'2017-10-13 18:08:11',	'2017-10-13 13:08:11'),
(8299,	' Otras actividades de servicio de apoyo a las empresas n.c.p.',	'2017-10-13 18:08:11',	'2017-10-13 13:08:11'),
(8411,	' Actividades legislativas de la administraci?n p?blica.',	'2017-10-13 18:08:11',	'2017-10-13 13:08:11'),
(8412,	' Actividades ejecutivas de la administraci?n p?blica.',	'2017-10-13 18:08:11',	'2017-10-13 13:08:11'),
(8413,	' Regulaci?n de las actividades de organismos que prestan servicios de salud, educativos, culturales y otros servicios sociales, excepto servicios de seguridad social.',	'2017-10-13 18:08:11',	'2017-10-13 13:08:11'),
(8414,	' Actividades reguladoras y facilitadoras de la actividad econ?mica.',	'2017-10-13 18:08:11',	'2017-10-13 13:08:11'),
(8415,	' Actividades de los otros ?rganos de control.',	'2017-10-13 18:08:11',	'2017-10-13 13:08:11'),
(8421,	' Relaciones exteriores.',	'2017-10-13 18:08:11',	'2017-10-13 13:08:11'),
(8422,	' Actividades de defensa.',	'2017-10-13 18:08:11',	'2017-10-13 13:08:11'),
(8423,	' Orden p?blico y actividades de seguridad.',	'2017-10-13 18:08:11',	'2017-10-13 13:08:11'),
(8424,	' Administraci?n de justicia.',	'2017-10-13 18:08:11',	'2017-10-13 13:08:11'),
(8430,	' Actividades de planes de seguridad social de afiliaci?n obligatoria.',	'2017-10-13 18:08:11',	'2017-10-13 13:08:11'),
(8511,	' Educaci?n de la primera infancia.',	'2017-10-13 18:08:11',	'2017-10-13 13:08:11'),
(8512,	' Educaci?n preescolar.',	'2017-10-13 18:08:11',	'2017-10-13 13:08:11'),
(8513,	' Educaci?n b?sica primaria.',	'2017-10-13 18:08:11',	'2017-10-13 13:08:11'),
(8521,	' Educaci?n b?sica secundaria.',	'2017-10-13 18:08:11',	'2017-10-13 13:08:11'),
(8522,	' Educaci?n media acad?mica.',	'2017-10-13 18:08:11',	'2017-10-13 13:08:11'),
(8523,	' Educaci?n media t?cnica y de formaci?n laboral.',	'2017-10-13 18:08:11',	'2017-10-13 13:08:11'),
(8530,	' Establecimientos que combinan diferentes niveles de educaci',	'2017-10-13 18:08:11',	'2017-10-13 13:08:11'),
(8541,	' Educaci?n t?cnica profesional.',	'2017-10-13 18:08:11',	'2017-10-13 13:08:11'),
(8542,	' Educaci?n tecnol?gica.',	'2017-10-13 18:08:11',	'2017-10-13 13:08:11'),
(8543,	' Educaci?n de instituciones universitarias o de escuelas tecnol?gicas.',	'2017-10-13 18:08:11',	'2017-10-13 13:08:11'),
(8544,	' Educaci?n de universidades.',	'2017-10-13 18:08:11',	'2017-10-13 13:08:11'),
(8551,	' Formaci?n acad?mica no formal.',	'2017-10-13 18:08:11',	'2017-10-13 13:08:11'),
(8552,	' Ense?anza deportiva y recreativa.',	'2017-10-13 18:08:11',	'2017-10-13 13:08:11'),
(8553,	' Ense?anza cultural.',	'2017-10-13 18:08:11',	'2017-10-13 13:08:11'),
(8559,	' Otros tipos de educaci?n n.c.p.',	'2017-10-13 18:08:11',	'2017-10-13 13:08:11'),
(8560,	' Actividades de apoyo a la educaci',	'2017-10-13 18:08:11',	'2017-10-13 13:08:11'),
(8610,	' Actividades de hospitales y cl?nicas, con internaci',	'2017-10-13 18:08:11',	'2017-10-13 13:08:11'),
(8621,	' Actividades de la pr?ctica m?dica, sin internaci',	'2017-10-13 18:08:11',	'2017-10-13 13:08:11'),
(8622,	' Actividades de la pr?ctica odontol?gica.',	'2017-10-13 18:08:11',	'2017-10-13 13:08:11'),
(8691,	' Actividades de apoyo diagn?stico.',	'2017-10-13 18:08:11',	'2017-10-13 13:08:11'),
(8692,	' Actividades de apoyo terap?utico.',	'2017-10-13 18:08:11',	'2017-10-13 13:08:11'),
(8699,	' Otras actividades de atenci?n de la salud humana.',	'2017-10-13 18:08:11',	'2017-10-13 13:08:11'),
(8710,	' Actividades de atenci?n residencial medicalizada de tipo general.',	'2017-10-13 18:08:11',	'2017-10-13 13:08:11'),
(8720,	' Actividades de atenci?n residencial, para el cuidado de pacientes con retardo mental, enfermedad mental y consumo de sustancias psicoactivas.',	'2017-10-13 18:08:11',	'2017-10-13 13:08:11'),
(8730,	' Actividades de atenci?n en instituciones para el cuidado de personas mayores y/o discapacitadas.',	'2017-10-13 18:08:11',	'2017-10-13 13:08:11'),
(8790,	' Otras actividades de atenci?n en instituciones con alojamiento',	'2017-10-13 18:08:11',	'2017-10-13 13:08:11'),
(8810,	' Actividades de asistencia social sin alojamiento para personas mayores y discapacitadas.',	'2017-10-13 18:08:11',	'2017-10-13 13:08:11'),
(8890,	' Otras actividades de asistencia social sin alojamiento.',	'2017-10-13 18:08:11',	'2017-10-13 13:08:11'),
(9001,	' Creaci?n literaria.',	'2017-10-13 18:08:11',	'2017-10-13 13:08:11'),
(9002,	' Creaci?n musical.',	'2017-10-13 18:08:11',	'2017-10-13 13:08:11'),
(9003,	' Creaci?n teatral.',	'2017-10-13 18:08:11',	'2017-10-13 13:08:11'),
(9004,	' Creaci?n audiovisual.',	'2017-10-13 18:08:11',	'2017-10-13 13:08:11'),
(9005,	' Artes pl?sticas y visuales.',	'2017-10-13 18:08:11',	'2017-10-13 13:08:11'),
(9006,	' Actividades teatrales.',	'2017-10-13 18:08:11',	'2017-10-13 13:08:11'),
(9007,	' Actividades de espect?culos musicales en vivo.',	'2017-10-13 18:08:11',	'2017-10-13 13:08:11'),
(9008,	' Otras actividades de espect?culos en vivo.',	'2017-10-13 18:08:11',	'2017-10-13 13:08:11'),
(9101,	' Actividades de bibliotecas y archivos.',	'2017-10-13 18:08:11',	'2017-10-13 13:08:11'),
(9102,	' Actividades y funcionamiento de museos, conservaci?n de edificios y sitios hist?ricos.',	'2017-10-13 18:08:11',	'2017-10-13 13:08:11'),
(9103,	' Actividades de jardines bot?nicos, zool?gicos y reservas naturales.',	'2017-10-13 18:08:11',	'2017-10-13 13:08:11'),
(9200,	' Actividades de juegos de azar y apuestas.',	'2017-10-13 18:08:11',	'2017-10-13 13:08:11'),
(9311,	' Gesti?n de instalaciones deportivas.',	'2017-10-13 18:08:11',	'2017-10-13 13:08:11'),
(9312,	' Actividades de clubes deportivos.',	'2017-10-13 18:08:11',	'2017-10-13 13:08:11'),
(9319,	' Otras actividades deportivas.',	'2017-10-13 18:08:11',	'2017-10-13 13:08:11'),
(9321,	' Actividades de parques de atracciones y parques tem?ticos.',	'2017-10-13 18:08:11',	'2017-10-13 13:08:11'),
(9329,	' Otras actividades recreativas y de esparcimiento n.c.p.',	'2017-10-13 18:08:11',	'2017-10-13 13:08:11'),
(9411,	' Actividades de asociaciones empresariales y de empleadores',	'2017-10-13 18:08:11',	'2017-10-13 13:08:11'),
(9412,	' Actividades de asociaciones profesionales',	'2017-10-13 18:08:11',	'2017-10-13 13:08:11'),
(9420,	' Actividades de sindicatos de empleados.',	'2017-10-13 18:08:11',	'2017-10-13 13:08:11'),
(9491,	' Actividades de asociaciones religiosas.',	'2017-10-13 18:08:11',	'2017-10-13 13:08:11'),
(9492,	' Actividades de asociaciones pol?ticas.',	'2017-10-13 18:08:11',	'2017-10-13 13:08:11'),
(9499,	' Actividades de otras asociaciones n.c.p.',	'2017-10-13 18:08:11',	'2017-10-13 13:08:11'),
(9511,	' Mantenimiento y reparaci?n de computadores y de equipo perif?rico.',	'2017-10-13 18:08:11',	'2017-10-13 13:08:11'),
(9512,	' Mantenimiento y reparaci?n de equipos de comunicaci',	'2017-10-13 18:08:11',	'2017-10-13 13:08:11'),
(9521,	' Mantenimiento y reparaci?n de aparatos electr?nicos de consumo.',	'2017-10-13 18:08:11',	'2017-10-13 13:08:11'),
(9522,	' Mantenimiento y reparaci?n de aparatos y equipos dom?sticos y de jardiner?a.',	'2017-10-13 18:08:11',	'2017-10-13 13:08:11'),
(9523,	' Reparaci?n de calzado y art?culos de cuero.',	'2017-10-13 18:08:11',	'2017-10-13 13:08:11'),
(9524,	' Reparaci?n de muebles y accesorios para el hogar.',	'2017-10-13 18:08:11',	'2017-10-13 13:08:11'),
(9529,	' Mantenimiento y reparaci?n de otros efectos personales y enseres dom?sticos.',	'2017-10-13 18:08:11',	'2017-10-13 13:08:11'),
(9601,	' Lavado y limpieza, incluso la limpieza en seco, de productos textiles y de piel.',	'2017-10-13 18:08:11',	'2017-10-13 13:08:11'),
(9602,	' Peluquer?a y otros tratamientos de belleza.',	'2017-10-13 18:08:11',	'2017-10-13 13:08:11'),
(9603,	' Pompas f?nebres y actividades relacionadas.',	'2017-10-13 18:08:11',	'2017-10-13 13:08:11'),
(9609,	' Otras actividades de servicios personales n.c.p.',	'2017-10-13 18:08:11',	'2017-10-13 13:08:11'),
(9700,	' Actividades de los hogares individuales como empleadores de personal dom?stico.',	'2017-10-13 18:08:11',	'2017-10-13 13:08:11'),
(9810,	' Actividades no diferenciadas de los hogares individuales como productores de bienes para uso propio.',	'2017-10-13 18:08:11',	'2017-10-13 13:08:11'),
(9820,	' Actividades no diferenciadas de los hogares individuales como productores de servicios para uso propio.',	'2017-10-13 18:08:11',	'2017-10-13 13:08:11'),
(9900,	' Actividades de organizaciones y entidades extraterritoriales.',	'2017-10-13 18:08:11',	'2017-10-13 13:08:11');

INSERT INTO `clasecuenta` (`PUC`, `Clase`, `Valor`, `Updated`, `Sync`) VALUES
('1',	'Activo',	'0',	'2017-10-13 18:08:16',	'2017-10-13 13:08:16'),
('2',	'Pasivo',	'0',	'2017-10-13 18:08:16',	'2017-10-13 13:08:16'),
('3',	'Patrimonio',	'0',	'2017-10-13 18:08:16',	'2017-10-13 13:08:16'),
('4',	'Ingresos',	'0',	'2017-10-13 18:08:16',	'2017-10-13 13:08:16'),
('5',	'Gastos',	'0',	'2017-10-13 18:08:16',	'2017-10-13 13:08:16'),
('6',	'Costos de Venta',	'0',	'2017-10-13 18:08:16',	'2017-10-13 13:08:16'),
('7',	'Costos de produccion o de operacion',	'0',	'2017-10-13 18:08:16',	'2017-10-13 13:08:16'),
('8',	'Cuentas de Orden Deudoras',	'0',	'2017-10-13 18:08:16',	'2017-10-13 13:08:16'),
('9',	'Cuentas de orden Acreedoras',	'0',	'2017-10-13 18:08:16',	'2017-10-13 13:08:16');


INSERT INTO `cod_departamentos` (`Cod_dpto`, `Nombre`, `Updated`, `Sync`) VALUES
(5,	'ANTIOQUIA',	'2017-10-13 18:08:27',	'2017-10-13 13:08:27'),
(8,	'ATLANTICO',	'2017-10-13 18:08:27',	'2017-10-13 13:08:27'),
(11,	'BOGOTA',	'2017-10-13 18:08:27',	'2017-10-13 13:08:27'),
(13,	'BOLIVAR',	'2017-10-13 18:08:27',	'2017-10-13 13:08:27'),
(15,	'BOYACA',	'2017-10-13 18:08:27',	'2017-10-13 13:08:27'),
(17,	'CALDAS',	'2017-10-13 18:08:27',	'2017-10-13 13:08:27'),
(18,	'CAQUETA',	'2017-10-13 18:08:27',	'2017-10-13 13:08:27'),
(19,	'CAUCA',	'2017-10-13 18:08:27',	'2017-10-13 13:08:27'),
(20,	'CESAR',	'2017-10-13 18:08:27',	'2017-10-13 13:08:27'),
(23,	'CORDOBA',	'2017-10-13 18:08:27',	'2017-10-13 13:08:27'),
(25,	'CUNDINAMARCA',	'2017-10-13 18:08:27',	'2017-10-13 13:08:27'),
(27,	'CHOCO',	'2017-10-13 18:08:27',	'2017-10-13 13:08:27'),
(41,	'HUILA',	'2017-10-13 18:08:27',	'2017-10-13 13:08:27'),
(44,	'LA GUAJIRA',	'2017-10-13 18:08:27',	'2017-10-13 13:08:27'),
(47,	'MAGDALENA',	'2017-10-13 18:08:27',	'2017-10-13 13:08:27'),
(50,	'META',	'2017-10-13 18:08:27',	'2017-10-13 13:08:27'),
(52,	'NARI?O',	'2017-10-13 18:08:27',	'2017-10-13 13:08:27'),
(54,	'N. DE SANTANDER',	'2017-10-13 18:08:27',	'2017-10-13 13:08:27'),
(63,	'QUINDIO',	'2017-10-13 18:08:27',	'2017-10-13 13:08:27'),
(66,	'RISARALDA',	'2017-10-13 18:08:27',	'2017-10-13 13:08:27'),
(68,	'SANTANDER',	'2017-10-13 18:08:27',	'2017-10-13 13:08:27'),
(70,	'SUCRE',	'2017-10-13 18:08:27',	'2017-10-13 13:08:27'),
(73,	'TOLIMA',	'2017-10-13 18:08:27',	'2017-10-13 13:08:27'),
(76,	'VALLE DEL CAUCA',	'2017-10-13 18:08:27',	'2017-10-13 13:08:27'),
(81,	'ARAUCA',	'2017-10-13 18:08:27',	'2017-10-13 13:08:27'),
(85,	'CASANARE',	'2017-10-13 18:08:27',	'2017-10-13 13:08:27'),
(86,	'PUTUMAYO',	'2017-10-13 18:08:27',	'2017-10-13 13:08:27'),
(88,	'SAN ANDRES',	'2017-10-13 18:08:27',	'2017-10-13 13:08:27'),
(91,	'AMAZONAS',	'2017-10-13 18:08:27',	'2017-10-13 13:08:27'),
(94,	'GUAINIA',	'2017-10-13 18:08:27',	'2017-10-13 13:08:27'),
(95,	'GUAVIARE',	'2017-10-13 18:08:27',	'2017-10-13 13:08:27'),
(97,	'VAUPES',	'2017-10-13 18:08:27',	'2017-10-13 13:08:27'),
(99,	'VICHADA',	'2017-10-13 18:08:27',	'2017-10-13 13:08:27');

INSERT INTO `cod_documentos` (`Codigo`, `Descripcion`, `Updated`, `Sync`) VALUES
(11,	'Registro civil de nacimiento ',	'2017-10-13 18:08:29',	'2017-10-13 13:08:29'),
(12,	'Tarjeta de identidad ',	'2017-10-13 18:08:29',	'2017-10-13 13:08:29'),
(13,	'C?dula de ciudadan?a ',	'2017-10-13 18:08:29',	'2017-10-13 13:08:29'),
(14,	'Certificado de la Registradur?a para sucesiones il?quidas de personas naturales que no tienen ning?n documento de identificaci?n. ',	'2017-10-13 18:08:29',	'2017-10-13 13:08:29'),
(15,	'Tipo de documento que identifica una sucesi?n il?quida, expedido por la notaria o por un juzgado',	'2017-10-13 18:08:29',	'2017-10-13 13:08:29'),
(21,	'Tarjeta de extranjer',	'2017-10-13 18:08:29',	'2017-10-13 13:08:29'),
(22,	'C?dula de extranjer?a ',	'2017-10-13 18:08:29',	'2017-10-13 13:08:29'),
(31,	'NIT ',	'2017-10-13 18:08:29',	'2017-10-13 13:08:29'),
(33,	'Identificaci?n de extranjeros diferente al NIT asignado DIAN',	'2017-10-13 18:08:29',	'2017-10-13 13:08:29'),
(41,	'Pasaporte ',	'2017-10-13 18:08:29',	'2017-10-13 13:08:29'),
(42,	'Documento de identificaci?n extranjero ',	'2017-10-13 18:08:29',	'2017-10-13 13:08:29'),
(43,	'Sin identificaci?n del exterior o para uso definido por la DIAN. ',	'2017-10-13 18:08:29',	'2017-10-13 13:08:29'),
(44,	'Documento de Identificaci?n extranjero Persona Jur?dica ',	'2017-10-13 18:08:29',	'2017-10-13 13:08:29'),
(46,	'Carn? Diplom?tico: Documento expedido por el Ministerio de relaciones Exteriores a los miembros de la misiones diplom?ticas y consulares, con el que se deben identificar ente las autoridades nacionale',	'2017-10-13 18:08:29',	'2017-10-13 13:08:29');

INSERT INTO `cod_municipios_dptos` (`ID`, `Cod_mcipio`, `Cod_Dpto`, `Departamento`, `Ciudad`, `Updated`, `Sync`) VALUES
('1',	'001',	5,	'ANTIOQUIA',	'MEDELLIN',	'2017-10-13 18:08:32',	'2017-10-13 13:08:32'),
('10',	'040',	5,	'ANTIOQUIA',	'ANORI',	'2017-10-13 18:08:32',	'2017-10-13 13:08:32'),
('100',	'674',	5,	'ANTIOQUIA',	'SAN VICENTE',	'2017-10-13 18:08:32',	'2017-10-13 13:08:32'),
('1000',	'854',	73,	'TOLIMA',	'VALLE DE SAN JUAN',	'2017-10-13 18:08:32',	'2017-10-13 13:08:32'),
('1001',	'861',	73,	'TOLIMA',	'VENADILLO',	'2017-10-13 18:08:32',	'2017-10-13 13:08:32'),
('1002',	'870',	73,	'TOLIMA',	'VILLAHERMOSA',	'2017-10-13 18:08:32',	'2017-10-13 13:08:32'),
('1003',	'873',	73,	'TOLIMA',	'VILLARRICA',	'2017-10-13 18:08:32',	'2017-10-13 13:08:32'),
('1004',	'001',	76,	'VALLE DEL CAUCA',	'CALI',	'2017-10-13 18:08:32',	'2017-10-13 13:08:32'),
('1005',	'020',	76,	'VALLE DEL CAUCA',	'ALCALA',	'2017-10-13 18:08:32',	'2017-10-13 13:08:32'),
('1006',	'036',	76,	'VALLE DEL CAUCA',	'ANDALUCIA',	'2017-10-13 18:08:32',	'2017-10-13 13:08:32'),
('1007',	'041',	76,	'VALLE DEL CAUCA',	'ANSERMANUEVO',	'2017-10-13 18:08:32',	'2017-10-13 13:08:32'),
('1008',	'054',	76,	'VALLE DEL CAUCA',	'ARGELIA',	'2017-10-13 18:08:32',	'2017-10-13 13:08:32'),
('1009',	'100',	76,	'VALLE DEL CAUCA',	'BOLIVAR',	'2017-10-13 18:08:32',	'2017-10-13 13:08:32'),
('101',	'679',	5,	'ANTIOQUIA',	'SANTA BARBARA',	'2017-10-13 18:08:32',	'2017-10-13 13:08:32'),
('1010',	'109',	76,	'VALLE DEL CAUCA',	'BUENAVENTURA',	'2017-10-13 18:08:32',	'2017-10-13 13:08:32'),
('1011',	'111',	76,	'VALLE DEL CAUCA',	'GUADALAJARA DE BUGA',	'2017-10-13 18:08:32',	'2017-10-13 13:08:32'),
('1012',	'113',	76,	'VALLE DEL CAUCA',	'BUGALAGRANDE',	'2017-10-13 18:08:32',	'2017-10-13 13:08:32'),
('1013',	'122',	76,	'VALLE DEL CAUCA',	'CAICEDONIA',	'2017-10-13 18:08:32',	'2017-10-13 13:08:32'),
('1014',	'126',	76,	'VALLE DEL CAUCA',	'CALIMA',	'2017-10-13 18:08:32',	'2017-10-13 13:08:32'),
('1015',	'130',	76,	'VALLE DEL CAUCA',	'CANDELARIA',	'2017-10-13 18:08:32',	'2017-10-13 13:08:32'),
('1016',	'147',	76,	'VALLE DEL CAUCA',	'CARTAGO',	'2017-10-13 18:08:32',	'2017-10-13 13:08:32'),
('1017',	'233',	76,	'VALLE DEL CAUCA',	'DAGUA',	'2017-10-13 18:08:32',	'2017-10-13 13:08:32'),
('1018',	'243',	76,	'VALLE DEL CAUCA',	'EL AGUILA',	'2017-10-13 18:08:32',	'2017-10-13 13:08:32'),
('1019',	'246',	76,	'VALLE DEL CAUCA',	'EL CAIRO',	'2017-10-13 18:08:32',	'2017-10-13 13:08:32'),
('102',	'686',	5,	'ANTIOQUIA',	'SANTA ROSA DE OSOS',	'2017-10-13 18:08:32',	'2017-10-13 13:08:32'),
('1020',	'248',	76,	'VALLE DEL CAUCA',	'EL CERRITO',	'2017-10-13 18:08:32',	'2017-10-13 13:08:32'),
('1021',	'250',	76,	'VALLE DEL CAUCA',	'EL DOVIO',	'2017-10-13 18:08:32',	'2017-10-13 13:08:32'),
('1022',	'275',	76,	'VALLE DEL CAUCA',	'FLORIDA',	'2017-10-13 18:08:32',	'2017-10-13 13:08:32'),
('1023',	'306',	76,	'VALLE DEL CAUCA',	'GINEBRA',	'2017-10-13 18:08:32',	'2017-10-13 13:08:32'),
('1024',	'318',	76,	'VALLE DEL CAUCA',	'GUACARI',	'2017-10-13 18:08:32',	'2017-10-13 13:08:32'),
('1025',	'364',	76,	'VALLE DEL CAUCA',	'JAMUNDI',	'2017-10-13 18:08:32',	'2017-10-13 13:08:32'),
('1026',	'377',	76,	'VALLE DEL CAUCA',	'LA CUMBRE',	'2017-10-13 18:08:32',	'2017-10-13 13:08:32'),
('1027',	'400',	76,	'VALLE DEL CAUCA',	'LA UNION',	'2017-10-13 18:08:32',	'2017-10-13 13:08:32'),
('1028',	'403',	76,	'VALLE DEL CAUCA',	'LA VICTORIA',	'2017-10-13 18:08:32',	'2017-10-13 13:08:32'),
('1029',	'497',	76,	'VALLE DEL CAUCA',	'OBANDO',	'2017-10-13 18:08:32',	'2017-10-13 13:08:32'),
('103',	'690',	5,	'ANTIOQUIA',	'SANTO DOMINGO',	'2017-10-13 18:08:32',	'2017-10-13 13:08:32'),
('1030',	'520',	76,	'VALLE DEL CAUCA',	'PALMIRA',	'2017-10-13 18:08:32',	'2017-10-13 13:08:32'),
('1031',	'563',	76,	'VALLE DEL CAUCA',	'PRADERA',	'2017-10-13 18:08:32',	'2017-10-13 13:08:32'),
('1032',	'606',	76,	'VALLE DEL CAUCA',	'RESTREPO',	'2017-10-13 18:08:32',	'2017-10-13 13:08:32'),
('1033',	'616',	76,	'VALLE DEL CAUCA',	'RIOFRIO',	'2017-10-13 18:08:32',	'2017-10-13 13:08:32'),
('1034',	'622',	76,	'VALLE DEL CAUCA',	'ROLDANILLO',	'2017-10-13 18:08:32',	'2017-10-13 13:08:32'),
('1035',	'670',	76,	'VALLE DEL CAUCA',	'SAN PEDRO',	'2017-10-13 18:08:32',	'2017-10-13 13:08:32'),
('1036',	'736',	76,	'VALLE DEL CAUCA',	'SEVILLA',	'2017-10-13 18:08:32',	'2017-10-13 13:08:32'),
('1037',	'823',	76,	'VALLE DEL CAUCA',	'TORO',	'2017-10-13 18:08:32',	'2017-10-13 13:08:32'),
('1038',	'828',	76,	'VALLE DEL CAUCA',	'TRUJILLO',	'2017-10-13 18:08:32',	'2017-10-13 13:08:32'),
('1039',	'834',	76,	'VALLE DEL CAUCA',	'TULUA',	'2017-10-13 18:08:32',	'2017-10-13 13:08:32'),
('104',	'697',	5,	'ANTIOQUIA',	'EL SANTUARIO',	'2017-10-13 18:08:32',	'2017-10-13 13:08:32'),
('1040',	'845',	76,	'VALLE DEL CAUCA',	'ULLOA',	'2017-10-13 18:08:32',	'2017-10-13 13:08:32'),
('1041',	'863',	76,	'VALLE DEL CAUCA',	'VERSALLES',	'2017-10-13 18:08:32',	'2017-10-13 13:08:32'),
('1042',	'869',	76,	'VALLE DEL CAUCA',	'VIJES',	'2017-10-13 18:08:32',	'2017-10-13 13:08:32'),
('1043',	'890',	76,	'VALLE DEL CAUCA',	'YOTOCO',	'2017-10-13 18:08:32',	'2017-10-13 13:08:32'),
('1044',	'892',	76,	'VALLE DEL CAUCA',	'YUMBO',	'2017-10-13 18:08:32',	'2017-10-13 13:08:32'),
('1045',	'895',	76,	'VALLE DEL CAUCA',	'ZARZAL',	'2017-10-13 18:08:32',	'2017-10-13 13:08:32'),
('1046',	'001',	81,	'ARAUCA',	'ARAUCA',	'2017-10-13 18:08:32',	'2017-10-13 13:08:32'),
('1047',	'065',	81,	'ARAUCA',	'ARAUQUITA',	'2017-10-13 18:08:32',	'2017-10-13 13:08:32'),
('1048',	'220',	81,	'ARAUCA',	'CRAVO NORTE',	'2017-10-13 18:08:32',	'2017-10-13 13:08:32'),
('1049',	'300',	81,	'ARAUCA',	'FORTUL',	'2017-10-13 18:08:32',	'2017-10-13 13:08:32'),
('105',	'736',	5,	'ANTIOQUIA',	'SEGOVIA',	'2017-10-13 18:08:32',	'2017-10-13 13:08:32'),
('1050',	'591',	81,	'ARAUCA',	'PUERTO RONDON',	'2017-10-13 18:08:32',	'2017-10-13 13:08:32'),
('1051',	'736',	81,	'ARAUCA',	'SARAVENA',	'2017-10-13 18:08:32',	'2017-10-13 13:08:32'),
('1052',	'794',	81,	'ARAUCA',	'TAME',	'2017-10-13 18:08:32',	'2017-10-13 13:08:32'),
('1053',	'001',	85,	'CASANARE',	'YOPAL',	'2017-10-13 18:08:32',	'2017-10-13 13:08:32'),
('1054',	'010',	85,	'CASANARE',	'AGUAZUL',	'2017-10-13 18:08:32',	'2017-10-13 13:08:32'),
('1055',	'015',	85,	'CASANARE',	'CHAMEZA',	'2017-10-13 18:08:32',	'2017-10-13 13:08:32'),
('1056',	'125',	85,	'CASANARE',	'HATO COROZAL',	'2017-10-13 18:08:32',	'2017-10-13 13:08:32'),
('1057',	'136',	85,	'CASANARE',	'LA SALINA',	'2017-10-13 18:08:32',	'2017-10-13 13:08:32'),
('1058',	'139',	85,	'CASANARE',	'MANI',	'2017-10-13 18:08:32',	'2017-10-13 13:08:32'),
('1059',	'162',	85,	'CASANARE',	'MONTERREY',	'2017-10-13 18:08:32',	'2017-10-13 13:08:32'),
('106',	'756',	5,	'ANTIOQUIA',	'SONSON',	'2017-10-13 18:08:32',	'2017-10-13 13:08:32'),
('1060',	'225',	85,	'CASANARE',	'NUNCHIA',	'2017-10-13 18:08:32',	'2017-10-13 13:08:32'),
('1061',	'230',	85,	'CASANARE',	'OROCUE',	'2017-10-13 18:08:32',	'2017-10-13 13:08:32'),
('1062',	'250',	85,	'CASANARE',	'PAZ DE ARIPORO',	'2017-10-13 18:08:32',	'2017-10-13 13:08:32'),
('1063',	'263',	85,	'CASANARE',	'PORE',	'2017-10-13 18:08:32',	'2017-10-13 13:08:32'),
('1064',	'279',	85,	'CASANARE',	'RECETOR',	'2017-10-13 18:08:32',	'2017-10-13 13:08:32'),
('1065',	'300',	85,	'CASANARE',	'SABANALARGA',	'2017-10-13 18:08:32',	'2017-10-13 13:08:32'),
('1066',	'315',	85,	'CASANARE',	'SACAMA',	'2017-10-13 18:08:32',	'2017-10-13 13:08:32'),
('1067',	'325',	85,	'CASANARE',	'SAN LUIS DE PALENQUE',	'2017-10-13 18:08:32',	'2017-10-13 13:08:32'),
('1068',	'400',	85,	'CASANARE',	'TAMARA',	'2017-10-13 18:08:32',	'2017-10-13 13:08:32'),
('1069',	'410',	85,	'CASANARE',	'TAURAMENA',	'2017-10-13 18:08:32',	'2017-10-13 13:08:32'),
('107',	'761',	5,	'ANTIOQUIA',	'SOPETRAN',	'2017-10-13 18:08:32',	'2017-10-13 13:08:32'),
('1070',	'430',	85,	'CASANARE',	'TRINIDAD',	'2017-10-13 18:08:32',	'2017-10-13 13:08:32'),
('1071',	'440',	85,	'CASANARE',	'VILLANUEVA',	'2017-10-13 18:08:32',	'2017-10-13 13:08:32'),
('1072',	'001',	86,	'PUTUMAYO',	'MOCOA',	'2017-10-13 18:08:32',	'2017-10-13 13:08:32'),
('1073',	'219',	86,	'PUTUMAYO',	'COLON',	'2017-10-13 18:08:32',	'2017-10-13 13:08:32'),
('1074',	'320',	86,	'PUTUMAYO',	'ORITO',	'2017-10-13 18:08:32',	'2017-10-13 13:08:32'),
('1075',	'568',	86,	'PUTUMAYO',	'PUERTO ASIS',	'2017-10-13 18:08:32',	'2017-10-13 13:08:32'),
('1076',	'569',	86,	'PUTUMAYO',	'PUERTO CAICEDO',	'2017-10-13 18:08:32',	'2017-10-13 13:08:32'),
('1077',	'571',	86,	'PUTUMAYO',	'PUERTO GUZMAN',	'2017-10-13 18:08:32',	'2017-10-13 13:08:32'),
('1078',	'573',	86,	'PUTUMAYO',	'LEGUIZAMO',	'2017-10-13 18:08:32',	'2017-10-13 13:08:32'),
('1079',	'749',	86,	'PUTUMAYO',	'SIBUNDOY',	'2017-10-13 18:08:32',	'2017-10-13 13:08:32'),
('108',	'789',	5,	'ANTIOQUIA',	'TAMESIS',	'2017-10-13 18:08:32',	'2017-10-13 13:08:32'),
('1080',	'755',	86,	'PUTUMAYO',	'SAN FRANCISCO',	'2017-10-13 18:08:32',	'2017-10-13 13:08:32'),
('1081',	'757',	86,	'PUTUMAYO',	'SAN MIGUEL',	'2017-10-13 18:08:32',	'2017-10-13 13:08:32'),
('1082',	'760',	86,	'PUTUMAYO',	'SANTIAGO',	'2017-10-13 18:08:32',	'2017-10-13 13:08:32'),
('1083',	'865',	86,	'PUTUMAYO',	'VALLE DEL GUAMUEZ',	'2017-10-13 18:08:32',	'2017-10-13 13:08:32'),
('1084',	'885',	86,	'PUTUMAYO',	'VILLAGARZON',	'2017-10-13 18:08:32',	'2017-10-13 13:08:32'),
('1085',	'001',	88,	'SAN ANDRES',	'SAN ANDRES',	'2017-10-13 18:08:32',	'2017-10-13 13:08:32'),
('1086',	'564',	88,	'SAN ANDRES',	'PROVIDENCIA',	'2017-10-13 18:08:32',	'2017-10-13 13:08:32'),
('1087',	'001',	91,	'AMAZONAS',	'LETICIA',	'2017-10-13 18:08:32',	'2017-10-13 13:08:32'),
('1088',	'263',	91,	'AMAZONAS',	'EL ENCANTO',	'2017-10-13 18:08:32',	'2017-10-13 13:08:32'),
('1089',	'405',	91,	'AMAZONAS',	'LA CHORRERA',	'2017-10-13 18:08:32',	'2017-10-13 13:08:32'),
('109',	'790',	5,	'ANTIOQUIA',	'TARAZA',	'2017-10-13 18:08:32',	'2017-10-13 13:08:32'),
('1090',	'407',	91,	'AMAZONAS',	'LA PEDRERA',	'2017-10-13 18:08:32',	'2017-10-13 13:08:32'),
('1091',	'430',	91,	'AMAZONAS',	'LA VICTORIA',	'2017-10-13 18:08:32',	'2017-10-13 13:08:32'),
('1092',	'460',	91,	'AMAZONAS',	'MIRITI - PARANA',	'2017-10-13 18:08:32',	'2017-10-13 13:08:32'),
('1093',	'530',	91,	'AMAZONAS',	'PUERTO ALEGRIA',	'2017-10-13 18:08:32',	'2017-10-13 13:08:32'),
('1094',	'536',	91,	'AMAZONAS',	'PUERTO ARICA',	'2017-10-13 18:08:32',	'2017-10-13 13:08:32'),
('1095',	'540',	91,	'AMAZONAS',	'PUERTO NARI?O',	'2017-10-13 18:08:32',	'2017-10-13 13:08:32'),
('1096',	'669',	91,	'AMAZONAS',	'PUERTO SANTANDER',	'2017-10-13 18:08:32',	'2017-10-13 13:08:32'),
('1097',	'798',	91,	'AMAZONAS',	'TARAPACA',	'2017-10-13 18:08:32',	'2017-10-13 13:08:32'),
('1098',	'001',	94,	'GUAINIA',	'INIRIDA',	'2017-10-13 18:08:32',	'2017-10-13 13:08:32'),
('1099',	'343',	94,	'GUAINIA',	'BARRANCO MINAS',	'2017-10-13 18:08:32',	'2017-10-13 13:08:32'),
('11',	'042',	5,	'ANTIOQUIA',	'SANTAFE DE ANTIOQUIA',	'2017-10-13 18:08:32',	'2017-10-13 13:08:32'),
('110',	'792',	5,	'ANTIOQUIA',	'TARSO',	'2017-10-13 18:08:32',	'2017-10-13 13:08:32'),
('1100',	'663',	94,	'GUAINIA',	'MAPIRIPANA',	'2017-10-13 18:08:32',	'2017-10-13 13:08:32'),
('1101',	'883',	94,	'GUAINIA',	'SAN FELIPE',	'2017-10-13 18:08:32',	'2017-10-13 13:08:32'),
('1102',	'884',	94,	'GUAINIA',	'PUERTO COLOMBIA',	'2017-10-13 18:08:32',	'2017-10-13 13:08:32'),
('1103',	'885',	94,	'GUAINIA',	'LA GUADALUPE',	'2017-10-13 18:08:32',	'2017-10-13 13:08:32'),
('1104',	'886',	94,	'GUAINIA',	'CACAHUAL',	'2017-10-13 18:08:32',	'2017-10-13 13:08:32'),
('1105',	'887',	94,	'GUAINIA',	'PANA PANA',	'2017-10-13 18:08:32',	'2017-10-13 13:08:32'),
('1106',	'888',	94,	'GUAINIA',	'MORICHAL',	'2017-10-13 18:08:32',	'2017-10-13 13:08:32'),
('1107',	'001',	95,	'GUAVIARE',	'SAN JOSE DEL GUAVIARE',	'2017-10-13 18:08:32',	'2017-10-13 13:08:32'),
('1108',	'015',	95,	'GUAVIARE',	'CALAMAR',	'2017-10-13 18:08:32',	'2017-10-13 13:08:32'),
('1109',	'025',	95,	'GUAVIARE',	'EL RETORNO',	'2017-10-13 18:08:32',	'2017-10-13 13:08:32'),
('111',	'809',	5,	'ANTIOQUIA',	'TITIRIBI',	'2017-10-13 18:08:32',	'2017-10-13 13:08:32'),
('1110',	'200',	95,	'GUAVIARE',	'MIRAFLORES',	'2017-10-13 18:08:32',	'2017-10-13 13:08:32'),
('1111',	'001',	97,	'VAUPES',	'MITU',	'2017-10-13 18:08:32',	'2017-10-13 13:08:32'),
('1112',	'161',	97,	'VAUPES',	'CARURU',	'2017-10-13 18:08:32',	'2017-10-13 13:08:32'),
('1113',	'511',	97,	'VAUPES',	'PACOA',	'2017-10-13 18:08:32',	'2017-10-13 13:08:32'),
('1114',	'666',	97,	'VAUPES',	'TARAIRA',	'2017-10-13 18:08:32',	'2017-10-13 13:08:32'),
('1115',	'777',	97,	'VAUPES',	'PAPUNAUA',	'2017-10-13 18:08:32',	'2017-10-13 13:08:32'),
('1116',	'889',	97,	'VAUPES',	'YAVARATE',	'2017-10-13 18:08:32',	'2017-10-13 13:08:32'),
('1117',	'001',	99,	'VICHADA',	'PUERTO CARRE?O',	'2017-10-13 18:08:32',	'2017-10-13 13:08:32'),
('1118',	'524',	99,	'VICHADA',	'LA PRIMAVERA',	'2017-10-13 18:08:32',	'2017-10-13 13:08:32'),
('1119',	'624',	99,	'VICHADA',	'SANTA ROSALIA',	'2017-10-13 18:08:32',	'2017-10-13 13:08:32'),
('112',	'819',	5,	'ANTIOQUIA',	'TOLEDO',	'2017-10-13 18:08:32',	'2017-10-13 13:08:32'),
('1120',	'773',	99,	'VICHADA',	'CUMARIBO',	'2017-10-13 18:08:32',	'2017-10-13 13:08:32'),
('113',	'837',	5,	'ANTIOQUIA',	'TURBO',	'2017-10-13 18:08:32',	'2017-10-13 13:08:32'),
('114',	'842',	5,	'ANTIOQUIA',	'URAMITA',	'2017-10-13 18:08:32',	'2017-10-13 13:08:32'),
('115',	'847',	5,	'ANTIOQUIA',	'URRAO',	'2017-10-13 18:08:32',	'2017-10-13 13:08:32'),
('116',	'854',	5,	'ANTIOQUIA',	'VALDIVIA',	'2017-10-13 18:08:32',	'2017-10-13 13:08:32'),
('117',	'856',	5,	'ANTIOQUIA',	'VALPARAISO',	'2017-10-13 18:08:32',	'2017-10-13 13:08:32'),
('118',	'858',	5,	'ANTIOQUIA',	'VEGACHI',	'2017-10-13 18:08:32',	'2017-10-13 13:08:32'),
('119',	'861',	5,	'ANTIOQUIA',	'VENECIA',	'2017-10-13 18:08:32',	'2017-10-13 13:08:32'),
('12',	'044',	5,	'ANTIOQUIA',	'ANZA',	'2017-10-13 18:08:32',	'2017-10-13 13:08:32'),
('120',	'873',	5,	'ANTIOQUIA',	'VIGIA DEL FUERTE',	'2017-10-13 18:08:32',	'2017-10-13 13:08:32'),
('121',	'885',	5,	'ANTIOQUIA',	'YALI',	'2017-10-13 18:08:32',	'2017-10-13 13:08:32'),
('122',	'887',	5,	'ANTIOQUIA',	'YARUMAL',	'2017-10-13 18:08:32',	'2017-10-13 13:08:32'),
('123',	'890',	5,	'ANTIOQUIA',	'YOLOMBO',	'2017-10-13 18:08:32',	'2017-10-13 13:08:32'),
('124',	'893',	5,	'ANTIOQUIA',	'YONDO',	'2017-10-13 18:08:32',	'2017-10-13 13:08:32'),
('125',	'895',	5,	'ANTIOQUIA',	'ZARAGOZA',	'2017-10-13 18:08:32',	'2017-10-13 13:08:32'),
('126',	'001',	8,	'ATLANTICO',	'BARRANQUILLA',	'2017-10-13 18:08:32',	'2017-10-13 13:08:32'),
('127',	'078',	8,	'ATLANTICO',	'BARANOA',	'2017-10-13 18:08:32',	'2017-10-13 13:08:32'),
('128',	'137',	8,	'ATLANTICO',	'CAMPO DE LA CRUZ',	'2017-10-13 18:08:32',	'2017-10-13 13:08:32'),
('129',	'141',	8,	'ATLANTICO',	'CANDELARIA',	'2017-10-13 18:08:32',	'2017-10-13 13:08:32'),
('13',	'045',	5,	'ANTIOQUIA',	'APARTADO',	'2017-10-13 18:08:32',	'2017-10-13 13:08:32'),
('130',	'296',	8,	'ATLANTICO',	'GALAPA',	'2017-10-13 18:08:32',	'2017-10-13 13:08:32'),
('131',	'372',	8,	'ATLANTICO',	'JUAN DE ACOSTA',	'2017-10-13 18:08:32',	'2017-10-13 13:08:32'),
('132',	'421',	8,	'ATLANTICO',	'LURUACO',	'2017-10-13 18:08:32',	'2017-10-13 13:08:32'),
('133',	'433',	8,	'ATLANTICO',	'MALAMBO',	'2017-10-13 18:08:32',	'2017-10-13 13:08:32'),
('134',	'436',	8,	'ATLANTICO',	'MANATI',	'2017-10-13 18:08:32',	'2017-10-13 13:08:32'),
('135',	'520',	8,	'ATLANTICO',	'PALMAR DE VARELA',	'2017-10-13 18:08:32',	'2017-10-13 13:08:32'),
('136',	'549',	8,	'ATLANTICO',	'PIOJO',	'2017-10-13 18:08:32',	'2017-10-13 13:08:32'),
('137',	'558',	8,	'ATLANTICO',	'POLONUEVO',	'2017-10-13 18:08:32',	'2017-10-13 13:08:32'),
('138',	'560',	8,	'ATLANTICO',	'PONEDERA',	'2017-10-13 18:08:32',	'2017-10-13 13:08:32'),
('139',	'573',	8,	'ATLANTICO',	'PUERTO COLOMBIA',	'2017-10-13 18:08:32',	'2017-10-13 13:08:32'),
('14',	'051',	5,	'ANTIOQUIA',	'ARBOLETES',	'2017-10-13 18:08:32',	'2017-10-13 13:08:32'),
('140',	'606',	8,	'ATLANTICO',	'REPELON',	'2017-10-13 18:08:32',	'2017-10-13 13:08:32'),
('141',	'634',	8,	'ATLANTICO',	'SABANAGRANDE',	'2017-10-13 18:08:32',	'2017-10-13 13:08:32'),
('142',	'638',	8,	'ATLANTICO',	'SABANALARGA',	'2017-10-13 18:08:32',	'2017-10-13 13:08:32'),
('143',	'675',	8,	'ATLANTICO',	'SANTA LUCIA',	'2017-10-13 18:08:32',	'2017-10-13 13:08:32'),
('144',	'685',	8,	'ATLANTICO',	'SANTO TOMAS',	'2017-10-13 18:08:32',	'2017-10-13 13:08:32'),
('145',	'758',	8,	'ATLANTICO',	'SOLEDAD',	'2017-10-13 18:08:32',	'2017-10-13 13:08:32'),
('146',	'770',	8,	'ATLANTICO',	'SUAN',	'2017-10-13 18:08:32',	'2017-10-13 13:08:32'),
('147',	'832',	8,	'ATLANTICO',	'TUBARA',	'2017-10-13 18:08:32',	'2017-10-13 13:08:32'),
('148',	'849',	8,	'ATLANTICO',	'USIACURI',	'2017-10-13 18:08:32',	'2017-10-13 13:08:32'),
('149',	'001',	11,	'BOGOTA',	'BOGOTA, D.C.',	'2017-10-13 18:08:32',	'2017-10-13 13:08:32'),
('15',	'055',	5,	'ANTIOQUIA',	'ARGELIA',	'2017-10-13 18:08:32',	'2017-10-13 13:08:32'),
('150',	'001',	13,	'BOLIVAR',	'CARTAGENA',	'2017-10-13 18:08:32',	'2017-10-13 13:08:32'),
('151',	'006',	13,	'BOLIVAR',	'ACHI',	'2017-10-13 18:08:32',	'2017-10-13 13:08:32'),
('152',	'030',	13,	'BOLIVAR',	'ALTOS DEL ROSARIO',	'2017-10-13 18:08:32',	'2017-10-13 13:08:32'),
('153',	'042',	13,	'BOLIVAR',	'ARENAL',	'2017-10-13 18:08:32',	'2017-10-13 13:08:32'),
('154',	'052',	13,	'BOLIVAR',	'ARJONA',	'2017-10-13 18:08:32',	'2017-10-13 13:08:32'),
('155',	'062',	13,	'BOLIVAR',	'ARROYOHONDO',	'2017-10-13 18:08:32',	'2017-10-13 13:08:32'),
('156',	'074',	13,	'BOLIVAR',	'BARRANCO DE LOBA',	'2017-10-13 18:08:32',	'2017-10-13 13:08:32'),
('157',	'140',	13,	'BOLIVAR',	'CALAMAR',	'2017-10-13 18:08:32',	'2017-10-13 13:08:32'),
('158',	'160',	13,	'BOLIVAR',	'CANTAGALLO',	'2017-10-13 18:08:32',	'2017-10-13 13:08:32'),
('159',	'188',	13,	'BOLIVAR',	'CICUCO',	'2017-10-13 18:08:32',	'2017-10-13 13:08:32'),
('16',	'059',	5,	'ANTIOQUIA',	'ARMENIA',	'2017-10-13 18:08:32',	'2017-10-13 13:08:32'),
('160',	'212',	13,	'BOLIVAR',	'CORDOBA',	'2017-10-13 18:08:32',	'2017-10-13 13:08:32'),
('161',	'222',	13,	'BOLIVAR',	'CLEMENCIA',	'2017-10-13 18:08:32',	'2017-10-13 13:08:32'),
('162',	'244',	13,	'BOLIVAR',	'EL CARMEN DE BOLIVAR',	'2017-10-13 18:08:32',	'2017-10-13 13:08:32'),
('163',	'248',	13,	'BOLIVAR',	'EL GUAMO',	'2017-10-13 18:08:32',	'2017-10-13 13:08:32'),
('164',	'268',	13,	'BOLIVAR',	'EL PE?ON',	'2017-10-13 18:08:32',	'2017-10-13 13:08:32'),
('165',	'300',	13,	'BOLIVAR',	'HATILLO DE LOBA',	'2017-10-13 18:08:32',	'2017-10-13 13:08:32'),
('166',	'430',	13,	'BOLIVAR',	'MAGANGUE',	'2017-10-13 18:08:32',	'2017-10-13 13:08:32'),
('167',	'433',	13,	'BOLIVAR',	'MAHATES',	'2017-10-13 18:08:32',	'2017-10-13 13:08:32'),
('168',	'440',	13,	'BOLIVAR',	'MARGARITA',	'2017-10-13 18:08:32',	'2017-10-13 13:08:32'),
('169',	'442',	13,	'BOLIVAR',	'MARIA LA BAJA',	'2017-10-13 18:08:32',	'2017-10-13 13:08:32'),
('17',	'079',	5,	'ANTIOQUIA',	'BARBOSA',	'2017-10-13 18:08:32',	'2017-10-13 13:08:32'),
('170',	'458',	13,	'BOLIVAR',	'MONTECRISTO',	'2017-10-13 18:08:32',	'2017-10-13 13:08:32'),
('171',	'468',	13,	'BOLIVAR',	'MOMPOS',	'2017-10-13 18:08:32',	'2017-10-13 13:08:32'),
('172',	'490',	13,	'BOLIVAR',	'NOROSI',	'2017-10-13 18:08:32',	'2017-10-13 13:08:32'),
('173',	'473',	13,	'BOLIVAR',	'MORALES',	'2017-10-13 18:08:32',	'2017-10-13 13:08:32'),
('174',	'549',	13,	'BOLIVAR',	'PINILLOS',	'2017-10-13 18:08:32',	'2017-10-13 13:08:32'),
('175',	'580',	13,	'BOLIVAR',	'REGIDOR',	'2017-10-13 18:08:32',	'2017-10-13 13:08:32'),
('176',	'600',	13,	'BOLIVAR',	'RIO VIEJO',	'2017-10-13 18:08:32',	'2017-10-13 13:08:32'),
('177',	'620',	13,	'BOLIVAR',	'SAN CRISTOBAL',	'2017-10-13 18:08:32',	'2017-10-13 13:08:32'),
('178',	'647',	13,	'BOLIVAR',	'SAN ESTANISLAO',	'2017-10-13 18:08:32',	'2017-10-13 13:08:32'),
('179',	'650',	13,	'BOLIVAR',	'SAN FERNANDO',	'2017-10-13 18:08:32',	'2017-10-13 13:08:32'),
('18',	'086',	5,	'ANTIOQUIA',	'BELMIRA',	'2017-10-13 18:08:32',	'2017-10-13 13:08:32'),
('180',	'654',	13,	'BOLIVAR',	'SAN JACINTO',	'2017-10-13 18:08:32',	'2017-10-13 13:08:32'),
('181',	'655',	13,	'BOLIVAR',	'SAN JACINTO DEL CAUCA',	'2017-10-13 18:08:32',	'2017-10-13 13:08:32'),
('182',	'657',	13,	'BOLIVAR',	'SAN JUAN NEPOMUCENO',	'2017-10-13 18:08:32',	'2017-10-13 13:08:32'),
('183',	'667',	13,	'BOLIVAR',	'SAN MARTIN DE LOBA',	'2017-10-13 18:08:32',	'2017-10-13 13:08:32'),
('184',	'670',	13,	'BOLIVAR',	'SAN PABLO',	'2017-10-13 18:08:32',	'2017-10-13 13:08:32'),
('185',	'673',	13,	'BOLIVAR',	'SANTA CATALINA',	'2017-10-13 18:08:32',	'2017-10-13 13:08:32'),
('186',	'683',	13,	'BOLIVAR',	'SANTA ROSA',	'2017-10-13 18:08:32',	'2017-10-13 13:08:32'),
('187',	'688',	13,	'BOLIVAR',	'SANTA ROSA DEL SUR',	'2017-10-13 18:08:32',	'2017-10-13 13:08:32'),
('188',	'744',	13,	'BOLIVAR',	'SIMITI',	'2017-10-13 18:08:32',	'2017-10-13 13:08:32'),
('189',	'760',	13,	'BOLIVAR',	'SOPLAVIENTO',	'2017-10-13 18:08:32',	'2017-10-13 13:08:32'),
('19',	'088',	5,	'ANTIOQUIA',	'BELLO',	'2017-10-13 18:08:32',	'2017-10-13 13:08:32'),
('190',	'780',	13,	'BOLIVAR',	'TALAIGUA NUEVO',	'2017-10-13 18:08:32',	'2017-10-13 13:08:32'),
('191',	'810',	13,	'BOLIVAR',	'TIQUISIO',	'2017-10-13 18:08:32',	'2017-10-13 13:08:32'),
('192',	'836',	13,	'BOLIVAR',	'TURBACO',	'2017-10-13 18:08:32',	'2017-10-13 13:08:32'),
('193',	'838',	13,	'BOLIVAR',	'TURBANA',	'2017-10-13 18:08:32',	'2017-10-13 13:08:32'),
('194',	'873',	13,	'BOLIVAR',	'VILLANUEVA',	'2017-10-13 18:08:32',	'2017-10-13 13:08:32'),
('195',	'894',	13,	'BOLIVAR',	'ZAMBRANO',	'2017-10-13 18:08:32',	'2017-10-13 13:08:32'),
('196',	'001',	15,	'BOYACA',	'TUNJA',	'2017-10-13 18:08:32',	'2017-10-13 13:08:32'),
('197',	'022',	15,	'BOYACA',	'ALMEIDA',	'2017-10-13 18:08:32',	'2017-10-13 13:08:32'),
('198',	'047',	15,	'BOYACA',	'AQUITANIA',	'2017-10-13 18:08:32',	'2017-10-13 13:08:32'),
('199',	'051',	15,	'BOYACA',	'ARCABUCO',	'2017-10-13 18:08:32',	'2017-10-13 13:08:32'),
('2',	'002',	5,	'ANTIOQUIA',	'ABEJORRAL',	'2017-10-13 18:08:32',	'2017-10-13 13:08:32'),
('20',	'091',	5,	'ANTIOQUIA',	'BETANIA',	'2017-10-13 18:08:32',	'2017-10-13 13:08:32'),
('200',	'087',	15,	'BOYACA',	'BELEN',	'2017-10-13 18:08:32',	'2017-10-13 13:08:32'),
('201',	'090',	15,	'BOYACA',	'BERBEO',	'2017-10-13 18:08:32',	'2017-10-13 13:08:32'),
('202',	'092',	15,	'BOYACA',	'BETEITIVA',	'2017-10-13 18:08:32',	'2017-10-13 13:08:32'),
('203',	'097',	15,	'BOYACA',	'BOAVITA',	'2017-10-13 18:08:32',	'2017-10-13 13:08:32'),
('204',	'104',	15,	'BOYACA',	'BOYACA',	'2017-10-13 18:08:32',	'2017-10-13 13:08:32'),
('205',	'106',	15,	'BOYACA',	'BRICE?O',	'2017-10-13 18:08:32',	'2017-10-13 13:08:32'),
('206',	'109',	15,	'BOYACA',	'BUENAVISTA',	'2017-10-13 18:08:32',	'2017-10-13 13:08:32'),
('207',	'114',	15,	'BOYACA',	'BUSBANZA',	'2017-10-13 18:08:32',	'2017-10-13 13:08:32'),
('208',	'131',	15,	'BOYACA',	'CALDAS',	'2017-10-13 18:08:32',	'2017-10-13 13:08:32'),
('209',	'135',	15,	'BOYACA',	'CAMPOHERMOSO',	'2017-10-13 18:08:32',	'2017-10-13 13:08:32'),
('21',	'093',	5,	'ANTIOQUIA',	'BETULIA',	'2017-10-13 18:08:32',	'2017-10-13 13:08:32'),
('210',	'162',	15,	'BOYACA',	'CERINZA',	'2017-10-13 18:08:32',	'2017-10-13 13:08:32'),
('211',	'172',	15,	'BOYACA',	'CHINAVITA',	'2017-10-13 18:08:32',	'2017-10-13 13:08:32'),
('212',	'176',	15,	'BOYACA',	'CHIQUINQUIRA',	'2017-10-13 18:08:32',	'2017-10-13 13:08:32'),
('213',	'180',	15,	'BOYACA',	'CHISCAS',	'2017-10-13 18:08:32',	'2017-10-13 13:08:32'),
('214',	'183',	15,	'BOYACA',	'CHITA',	'2017-10-13 18:08:32',	'2017-10-13 13:08:32'),
('215',	'185',	15,	'BOYACA',	'CHITARAQUE',	'2017-10-13 18:08:32',	'2017-10-13 13:08:32'),
('216',	'187',	15,	'BOYACA',	'CHIVATA',	'2017-10-13 18:08:32',	'2017-10-13 13:08:32'),
('217',	'189',	15,	'BOYACA',	'CIENEGA',	'2017-10-13 18:08:32',	'2017-10-13 13:08:32'),
('218',	'204',	15,	'BOYACA',	'COMBITA',	'2017-10-13 18:08:32',	'2017-10-13 13:08:32'),
('219',	'212',	15,	'BOYACA',	'COPER',	'2017-10-13 18:08:32',	'2017-10-13 13:08:32'),
('22',	'101',	5,	'ANTIOQUIA',	'CIUDAD BOLIVAR',	'2017-10-13 18:08:32',	'2017-10-13 13:08:32'),
('220',	'215',	15,	'BOYACA',	'CORRALES',	'2017-10-13 18:08:32',	'2017-10-13 13:08:32'),
('221',	'218',	15,	'BOYACA',	'COVARACHIA',	'2017-10-13 18:08:32',	'2017-10-13 13:08:32'),
('222',	'223',	15,	'BOYACA',	'CUBARA',	'2017-10-13 18:08:32',	'2017-10-13 13:08:32'),
('223',	'224',	15,	'BOYACA',	'CUCAITA',	'2017-10-13 18:08:32',	'2017-10-13 13:08:32'),
('224',	'226',	15,	'BOYACA',	'CUITIVA',	'2017-10-13 18:08:32',	'2017-10-13 13:08:32'),
('225',	'232',	15,	'BOYACA',	'CHIQUIZA',	'2017-10-13 18:08:32',	'2017-10-13 13:08:32'),
('226',	'236',	15,	'BOYACA',	'CHIVOR',	'2017-10-13 18:08:32',	'2017-10-13 13:08:32'),
('227',	'238',	15,	'BOYACA',	'DUITAMA',	'2017-10-13 18:08:32',	'2017-10-13 13:08:32'),
('228',	'244',	15,	'BOYACA',	'EL COCUY',	'2017-10-13 18:08:32',	'2017-10-13 13:08:32'),
('229',	'248',	15,	'BOYACA',	'EL ESPINO',	'2017-10-13 18:08:32',	'2017-10-13 13:08:32'),
('23',	'107',	5,	'ANTIOQUIA',	'BRICE?O',	'2017-10-13 18:08:32',	'2017-10-13 13:08:32'),
('230',	'272',	15,	'BOYACA',	'FIRAVITOBA',	'2017-10-13 18:08:32',	'2017-10-13 13:08:32'),
('231',	'276',	15,	'BOYACA',	'FLORESTA',	'2017-10-13 18:08:32',	'2017-10-13 13:08:32'),
('232',	'293',	15,	'BOYACA',	'GACHANTIVA',	'2017-10-13 18:08:32',	'2017-10-13 13:08:32'),
('233',	'296',	15,	'BOYACA',	'GAMEZA',	'2017-10-13 18:08:32',	'2017-10-13 13:08:32'),
('234',	'299',	15,	'BOYACA',	'GARAGOA',	'2017-10-13 18:08:32',	'2017-10-13 13:08:32'),
('235',	'317',	15,	'BOYACA',	'GUACAMAYAS',	'2017-10-13 18:08:32',	'2017-10-13 13:08:32'),
('236',	'322',	15,	'BOYACA',	'GUATEQUE',	'2017-10-13 18:08:32',	'2017-10-13 13:08:32'),
('237',	'325',	15,	'BOYACA',	'GUAYATA',	'2017-10-13 18:08:32',	'2017-10-13 13:08:32'),
('238',	'332',	15,	'BOYACA',	'GsICAN',	'2017-10-13 18:08:32',	'2017-10-13 13:08:32'),
('239',	'362',	15,	'BOYACA',	'IZA',	'2017-10-13 18:08:32',	'2017-10-13 13:08:32'),
('24',	'113',	5,	'ANTIOQUIA',	'BURITICA',	'2017-10-13 18:08:32',	'2017-10-13 13:08:32'),
('240',	'367',	15,	'BOYACA',	'JENESANO',	'2017-10-13 18:08:32',	'2017-10-13 13:08:32'),
('241',	'368',	15,	'BOYACA',	'JERICO',	'2017-10-13 18:08:32',	'2017-10-13 13:08:32'),
('242',	'377',	15,	'BOYACA',	'LABRANZAGRANDE',	'2017-10-13 18:08:32',	'2017-10-13 13:08:32'),
('243',	'380',	15,	'BOYACA',	'LA CAPILLA',	'2017-10-13 18:08:32',	'2017-10-13 13:08:32'),
('244',	'401',	15,	'BOYACA',	'LA VICTORIA',	'2017-10-13 18:08:32',	'2017-10-13 13:08:32'),
('245',	'403',	15,	'BOYACA',	'LA UVITA',	'2017-10-13 18:08:32',	'2017-10-13 13:08:32'),
('246',	'407',	15,	'BOYACA',	'VILLA DE LEYVA',	'2017-10-13 18:08:32',	'2017-10-13 13:08:32'),
('247',	'425',	15,	'BOYACA',	'MACANAL',	'2017-10-13 18:08:32',	'2017-10-13 13:08:32'),
('248',	'442',	15,	'BOYACA',	'MARIPI',	'2017-10-13 18:08:32',	'2017-10-13 13:08:32'),
('249',	'455',	15,	'BOYACA',	'MIRAFLORES',	'2017-10-13 18:08:32',	'2017-10-13 13:08:32'),
('25',	'120',	5,	'ANTIOQUIA',	'CACERES',	'2017-10-13 18:08:32',	'2017-10-13 13:08:32'),
('250',	'464',	15,	'BOYACA',	'MONGUA',	'2017-10-13 18:08:32',	'2017-10-13 13:08:32'),
('251',	'466',	15,	'BOYACA',	'MONGUI',	'2017-10-13 18:08:32',	'2017-10-13 13:08:32'),
('252',	'469',	15,	'BOYACA',	'MONIQUIRA',	'2017-10-13 18:08:32',	'2017-10-13 13:08:32'),
('253',	'476',	15,	'BOYACA',	'MOTAVITA',	'2017-10-13 18:08:32',	'2017-10-13 13:08:32'),
('254',	'480',	15,	'BOYACA',	'MUZO',	'2017-10-13 18:08:32',	'2017-10-13 13:08:32'),
('255',	'491',	15,	'BOYACA',	'NOBSA',	'2017-10-13 18:08:32',	'2017-10-13 13:08:32'),
('256',	'494',	15,	'BOYACA',	'NUEVO COLON',	'2017-10-13 18:08:32',	'2017-10-13 13:08:32'),
('257',	'500',	15,	'BOYACA',	'OICATA',	'2017-10-13 18:08:32',	'2017-10-13 13:08:32'),
('258',	'507',	15,	'BOYACA',	'OTANCHE',	'2017-10-13 18:08:32',	'2017-10-13 13:08:32'),
('259',	'511',	15,	'BOYACA',	'PACHAVITA',	'2017-10-13 18:08:32',	'2017-10-13 13:08:32'),
('26',	'125',	5,	'ANTIOQUIA',	'CAICEDO',	'2017-10-13 18:08:32',	'2017-10-13 13:08:32'),
('260',	'514',	15,	'BOYACA',	'PAEZ',	'2017-10-13 18:08:32',	'2017-10-13 13:08:32'),
('261',	'516',	15,	'BOYACA',	'PAIPA',	'2017-10-13 18:08:32',	'2017-10-13 13:08:32'),
('262',	'518',	15,	'BOYACA',	'PAJARITO',	'2017-10-13 18:08:32',	'2017-10-13 13:08:32'),
('263',	'522',	15,	'BOYACA',	'PANQUEBA',	'2017-10-13 18:08:32',	'2017-10-13 13:08:32'),
('264',	'531',	15,	'BOYACA',	'PAUNA',	'2017-10-13 18:08:32',	'2017-10-13 13:08:32'),
('265',	'533',	15,	'BOYACA',	'PAYA',	'2017-10-13 18:08:32',	'2017-10-13 13:08:32'),
('266',	'537',	15,	'BOYACA',	'PAZ DE RIO',	'2017-10-13 18:08:32',	'2017-10-13 13:08:32'),
('267',	'542',	15,	'BOYACA',	'PESCA',	'2017-10-13 18:08:32',	'2017-10-13 13:08:32'),
('268',	'550',	15,	'BOYACA',	'PISBA',	'2017-10-13 18:08:32',	'2017-10-13 13:08:32'),
('269',	'572',	15,	'BOYACA',	'PUERTO BOYACA',	'2017-10-13 18:08:32',	'2017-10-13 13:08:32'),
('27',	'129',	5,	'ANTIOQUIA',	'CALDAS',	'2017-10-13 18:08:32',	'2017-10-13 13:08:32'),
('270',	'580',	15,	'BOYACA',	'QUIPAMA',	'2017-10-13 18:08:32',	'2017-10-13 13:08:32'),
('271',	'599',	15,	'BOYACA',	'RAMIRIQUI',	'2017-10-13 18:08:32',	'2017-10-13 13:08:32'),
('272',	'600',	15,	'BOYACA',	'RAQUIRA',	'2017-10-13 18:08:32',	'2017-10-13 13:08:32'),
('273',	'621',	15,	'BOYACA',	'RONDON',	'2017-10-13 18:08:32',	'2017-10-13 13:08:32'),
('274',	'632',	15,	'BOYACA',	'SABOYA',	'2017-10-13 18:08:32',	'2017-10-13 13:08:32'),
('275',	'638',	15,	'BOYACA',	'SACHICA',	'2017-10-13 18:08:32',	'2017-10-13 13:08:32'),
('276',	'646',	15,	'BOYACA',	'SAMACA',	'2017-10-13 18:08:32',	'2017-10-13 13:08:32'),
('277',	'660',	15,	'BOYACA',	'SAN EDUARDO',	'2017-10-13 18:08:32',	'2017-10-13 13:08:32'),
('278',	'664',	15,	'BOYACA',	'SAN JOSE DE PARE',	'2017-10-13 18:08:32',	'2017-10-13 13:08:32'),
('279',	'667',	15,	'BOYACA',	'SAN LUIS DE GACENO',	'2017-10-13 18:08:32',	'2017-10-13 13:08:32'),
('28',	'134',	5,	'ANTIOQUIA',	'CAMPAMENTO',	'2017-10-13 18:08:32',	'2017-10-13 13:08:32'),
('280',	'673',	15,	'BOYACA',	'SAN MATEO',	'2017-10-13 18:08:32',	'2017-10-13 13:08:32'),
('281',	'676',	15,	'BOYACA',	'SAN MIGUEL DE SEMA',	'2017-10-13 18:08:32',	'2017-10-13 13:08:32'),
('282',	'681',	15,	'BOYACA',	'SAN PABLO DE BORBUR',	'2017-10-13 18:08:32',	'2017-10-13 13:08:32'),
('283',	'686',	15,	'BOYACA',	'SANTANA',	'2017-10-13 18:08:32',	'2017-10-13 13:08:32'),
('284',	'690',	15,	'BOYACA',	'SANTA MARIA',	'2017-10-13 18:08:32',	'2017-10-13 13:08:32'),
('285',	'693',	15,	'BOYACA',	'SANTA ROSA DE VITERBO',	'2017-10-13 18:08:32',	'2017-10-13 13:08:32'),
('286',	'696',	15,	'BOYACA',	'SANTA SOFIA',	'2017-10-13 18:08:32',	'2017-10-13 13:08:32'),
('287',	'720',	15,	'BOYACA',	'SATIVANORTE',	'2017-10-13 18:08:32',	'2017-10-13 13:08:32'),
('288',	'723',	15,	'BOYACA',	'SATIVASUR',	'2017-10-13 18:08:32',	'2017-10-13 13:08:32'),
('289',	'740',	15,	'BOYACA',	'SIACHOQUE',	'2017-10-13 18:08:32',	'2017-10-13 13:08:32'),
('29',	'138',	5,	'ANTIOQUIA',	'CA?ASGORDAS',	'2017-10-13 18:08:32',	'2017-10-13 13:08:32'),
('290',	'753',	15,	'BOYACA',	'SOATA',	'2017-10-13 18:08:32',	'2017-10-13 13:08:32'),
('291',	'755',	15,	'BOYACA',	'SOCOTA',	'2017-10-13 18:08:32',	'2017-10-13 13:08:32'),
('292',	'757',	15,	'BOYACA',	'SOCHA',	'2017-10-13 18:08:32',	'2017-10-13 13:08:32'),
('293',	'759',	15,	'BOYACA',	'SOGAMOSO',	'2017-10-13 18:08:32',	'2017-10-13 13:08:32'),
('294',	'761',	15,	'BOYACA',	'SOMONDOCO',	'2017-10-13 18:08:32',	'2017-10-13 13:08:32'),
('295',	'762',	15,	'BOYACA',	'SORA',	'2017-10-13 18:08:32',	'2017-10-13 13:08:32'),
('296',	'763',	15,	'BOYACA',	'SOTAQUIRA',	'2017-10-13 18:08:32',	'2017-10-13 13:08:32'),
('297',	'764',	15,	'BOYACA',	'SORACA',	'2017-10-13 18:08:32',	'2017-10-13 13:08:32'),
('298',	'774',	15,	'BOYACA',	'SUSACON',	'2017-10-13 18:08:32',	'2017-10-13 13:08:32'),
('299',	'776',	15,	'BOYACA',	'SUTAMARCHAN',	'2017-10-13 18:08:32',	'2017-10-13 13:08:32'),
('3',	'004',	5,	'ANTIOQUIA',	'ABRIAQUI',	'2017-10-13 18:08:32',	'2017-10-13 13:08:32'),
('30',	'142',	5,	'ANTIOQUIA',	'CARACOLI',	'2017-10-13 18:08:32',	'2017-10-13 13:08:32'),
('300',	'778',	15,	'BOYACA',	'SUTATENZA',	'2017-10-13 18:08:32',	'2017-10-13 13:08:32'),
('301',	'790',	15,	'BOYACA',	'TASCO',	'2017-10-13 18:08:32',	'2017-10-13 13:08:32'),
('302',	'798',	15,	'BOYACA',	'TENZA',	'2017-10-13 18:08:32',	'2017-10-13 13:08:32'),
('303',	'804',	15,	'BOYACA',	'TIBANA',	'2017-10-13 18:08:32',	'2017-10-13 13:08:32'),
('304',	'806',	15,	'BOYACA',	'TIBASOSA',	'2017-10-13 18:08:32',	'2017-10-13 13:08:32'),
('305',	'808',	15,	'BOYACA',	'TINJACA',	'2017-10-13 18:08:32',	'2017-10-13 13:08:32'),
('306',	'810',	15,	'BOYACA',	'TIPACOQUE',	'2017-10-13 18:08:32',	'2017-10-13 13:08:32'),
('307',	'814',	15,	'BOYACA',	'TOCA',	'2017-10-13 18:08:32',	'2017-10-13 13:08:32'),
('308',	'816',	15,	'BOYACA',	'TOGsI',	'2017-10-13 18:08:32',	'2017-10-13 13:08:32'),
('309',	'820',	15,	'BOYACA',	'TOPAGA',	'2017-10-13 18:08:32',	'2017-10-13 13:08:32'),
('31',	'145',	5,	'ANTIOQUIA',	'CARAMANTA',	'2017-10-13 18:08:32',	'2017-10-13 13:08:32'),
('310',	'822',	15,	'BOYACA',	'TOTA',	'2017-10-13 18:08:32',	'2017-10-13 13:08:32'),
('311',	'832',	15,	'BOYACA',	'TUNUNGUA',	'2017-10-13 18:08:32',	'2017-10-13 13:08:32'),
('312',	'835',	15,	'BOYACA',	'TURMEQUE',	'2017-10-13 18:08:32',	'2017-10-13 13:08:32'),
('313',	'837',	15,	'BOYACA',	'TUTA',	'2017-10-13 18:08:32',	'2017-10-13 13:08:32'),
('314',	'839',	15,	'BOYACA',	'TUTAZA',	'2017-10-13 18:08:32',	'2017-10-13 13:08:32'),
('315',	'842',	15,	'BOYACA',	'UMBITA',	'2017-10-13 18:08:32',	'2017-10-13 13:08:32'),
('316',	'861',	15,	'BOYACA',	'VENTAQUEMADA',	'2017-10-13 18:08:32',	'2017-10-13 13:08:32'),
('317',	'879',	15,	'BOYACA',	'VIRACACHA',	'2017-10-13 18:08:32',	'2017-10-13 13:08:32'),
('318',	'897',	15,	'BOYACA',	'ZETAQUIRA',	'2017-10-13 18:08:32',	'2017-10-13 13:08:32'),
('319',	'001',	17,	'CALDAS',	'MANIZALES',	'2017-10-13 18:08:32',	'2017-10-13 13:08:32'),
('32',	'147',	5,	'ANTIOQUIA',	'CAREPA',	'2017-10-13 18:08:32',	'2017-10-13 13:08:32'),
('320',	'013',	17,	'CALDAS',	'AGUADAS',	'2017-10-13 18:08:32',	'2017-10-13 13:08:32'),
('321',	'042',	17,	'CALDAS',	'ANSERMA',	'2017-10-13 18:08:32',	'2017-10-13 13:08:32'),
('322',	'050',	17,	'CALDAS',	'ARANZAZU',	'2017-10-13 18:08:32',	'2017-10-13 13:08:32'),
('323',	'088',	17,	'CALDAS',	'BELALCAZAR',	'2017-10-13 18:08:32',	'2017-10-13 13:08:32'),
('324',	'174',	17,	'CALDAS',	'CHINCHINA',	'2017-10-13 18:08:32',	'2017-10-13 13:08:32'),
('325',	'272',	17,	'CALDAS',	'FILADELFIA',	'2017-10-13 18:08:32',	'2017-10-13 13:08:32'),
('326',	'380',	17,	'CALDAS',	'LA DORADA',	'2017-10-13 18:08:32',	'2017-10-13 13:08:32'),
('327',	'388',	17,	'CALDAS',	'LA MERCED',	'2017-10-13 18:08:32',	'2017-10-13 13:08:32'),
('328',	'433',	17,	'CALDAS',	'MANZANARES',	'2017-10-13 18:08:32',	'2017-10-13 13:08:32'),
('329',	'442',	17,	'CALDAS',	'MARMATO',	'2017-10-13 18:08:32',	'2017-10-13 13:08:32'),
('33',	'148',	5,	'ANTIOQUIA',	'EL CARMEN DE VIBORAL',	'2017-10-13 18:08:32',	'2017-10-13 13:08:32'),
('330',	'444',	17,	'CALDAS',	'MARQUETALIA',	'2017-10-13 18:08:32',	'2017-10-13 13:08:32'),
('331',	'446',	17,	'CALDAS',	'MARULANDA',	'2017-10-13 18:08:32',	'2017-10-13 13:08:32'),
('332',	'486',	17,	'CALDAS',	'NEIRA',	'2017-10-13 18:08:32',	'2017-10-13 13:08:32'),
('333',	'495',	17,	'CALDAS',	'NORCASIA',	'2017-10-13 18:08:32',	'2017-10-13 13:08:32'),
('334',	'513',	17,	'CALDAS',	'PACORA',	'2017-10-13 18:08:32',	'2017-10-13 13:08:32'),
('335',	'524',	17,	'CALDAS',	'PALESTINA',	'2017-10-13 18:08:32',	'2017-10-13 13:08:32'),
('336',	'541',	17,	'CALDAS',	'PENSILVANIA',	'2017-10-13 18:08:32',	'2017-10-13 13:08:32'),
('337',	'614',	17,	'CALDAS',	'RIOSUCIO',	'2017-10-13 18:08:32',	'2017-10-13 13:08:32'),
('338',	'616',	17,	'CALDAS',	'RISARALDA',	'2017-10-13 18:08:32',	'2017-10-13 13:08:32'),
('339',	'653',	17,	'CALDAS',	'SALAMINA',	'2017-10-13 18:08:32',	'2017-10-13 13:08:32'),
('34',	'150',	5,	'ANTIOQUIA',	'CAROLINA',	'2017-10-13 18:08:32',	'2017-10-13 13:08:32'),
('340',	'662',	17,	'CALDAS',	'SAMANA',	'2017-10-13 18:08:32',	'2017-10-13 13:08:32'),
('341',	'665',	17,	'CALDAS',	'SAN JOSE',	'2017-10-13 18:08:32',	'2017-10-13 13:08:32'),
('342',	'777',	17,	'CALDAS',	'SUPIA',	'2017-10-13 18:08:32',	'2017-10-13 13:08:32'),
('343',	'867',	17,	'CALDAS',	'VICTORIA',	'2017-10-13 18:08:32',	'2017-10-13 13:08:32'),
('344',	'873',	17,	'CALDAS',	'VILLAMARIA',	'2017-10-13 18:08:32',	'2017-10-13 13:08:32'),
('345',	'877',	17,	'CALDAS',	'VITERBO',	'2017-10-13 18:08:32',	'2017-10-13 13:08:32'),
('346',	'001',	18,	'CAQUETA',	'FLORENCIA',	'2017-10-13 18:08:32',	'2017-10-13 13:08:32'),
('347',	'029',	18,	'CAQUETA',	'ALBANIA',	'2017-10-13 18:08:32',	'2017-10-13 13:08:32'),
('348',	'094',	18,	'CAQUETA',	'BELEN DE LOS ANDAQUIES',	'2017-10-13 18:08:32',	'2017-10-13 13:08:32'),
('349',	'150',	18,	'CAQUETA',	'CARTAGENA DEL CHAIRA',	'2017-10-13 18:08:32',	'2017-10-13 13:08:32'),
('35',	'154',	5,	'ANTIOQUIA',	'CAUCASIA',	'2017-10-13 18:08:32',	'2017-10-13 13:08:32'),
('350',	'205',	18,	'CAQUETA',	'CURILLO',	'2017-10-13 18:08:32',	'2017-10-13 13:08:32'),
('351',	'247',	18,	'CAQUETA',	'EL DONCELLO',	'2017-10-13 18:08:32',	'2017-10-13 13:08:32'),
('352',	'256',	18,	'CAQUETA',	'EL PAUJIL',	'2017-10-13 18:08:32',	'2017-10-13 13:08:32'),
('353',	'410',	18,	'CAQUETA',	'LA MONTA?ITA',	'2017-10-13 18:08:32',	'2017-10-13 13:08:32'),
('354',	'460',	18,	'CAQUETA',	'MILAN',	'2017-10-13 18:08:32',	'2017-10-13 13:08:32'),
('355',	'479',	18,	'CAQUETA',	'MORELIA',	'2017-10-13 18:08:32',	'2017-10-13 13:08:32'),
('356',	'592',	18,	'CAQUETA',	'PUERTO RICO',	'2017-10-13 18:08:32',	'2017-10-13 13:08:32'),
('357',	'610',	18,	'CAQUETA',	'SAN JOSE DEL FRAGUA',	'2017-10-13 18:08:32',	'2017-10-13 13:08:32'),
('358',	'753',	18,	'CAQUETA',	'SAN VICENTE DEL CAGUAN',	'2017-10-13 18:08:32',	'2017-10-13 13:08:32'),
('359',	'756',	18,	'CAQUETA',	'SOLANO',	'2017-10-13 18:08:32',	'2017-10-13 13:08:32'),
('36',	'172',	5,	'ANTIOQUIA',	'CHIGORODO',	'2017-10-13 18:08:32',	'2017-10-13 13:08:32'),
('360',	'785',	18,	'CAQUETA',	'SOLITA',	'2017-10-13 18:08:32',	'2017-10-13 13:08:32'),
('361',	'860',	18,	'CAQUETA',	'VALPARAISO',	'2017-10-13 18:08:32',	'2017-10-13 13:08:32'),
('362',	'001',	19,	'CAUCA',	'POPAYAN',	'2017-10-13 18:08:32',	'2017-10-13 13:08:32'),
('363',	'022',	19,	'CAUCA',	'ALMAGUER',	'2017-10-13 18:08:32',	'2017-10-13 13:08:32'),
('364',	'050',	19,	'CAUCA',	'ARGELIA',	'2017-10-13 18:08:32',	'2017-10-13 13:08:32'),
('365',	'075',	19,	'CAUCA',	'BALBOA',	'2017-10-13 18:08:32',	'2017-10-13 13:08:32'),
('366',	'100',	19,	'CAUCA',	'BOLIVAR',	'2017-10-13 18:08:32',	'2017-10-13 13:08:32'),
('367',	'110',	19,	'CAUCA',	'BUENOS AIRES',	'2017-10-13 18:08:32',	'2017-10-13 13:08:32'),
('368',	'130',	19,	'CAUCA',	'CAJIBIO',	'2017-10-13 18:08:32',	'2017-10-13 13:08:32'),
('369',	'137',	19,	'CAUCA',	'CALDONO',	'2017-10-13 18:08:32',	'2017-10-13 13:08:32'),
('37',	'190',	5,	'ANTIOQUIA',	'CISNEROS',	'2017-10-13 18:08:32',	'2017-10-13 13:08:32'),
('370',	'142',	19,	'CAUCA',	'CALOTO',	'2017-10-13 18:08:32',	'2017-10-13 13:08:32'),
('371',	'212',	19,	'CAUCA',	'CORINTO',	'2017-10-13 18:08:32',	'2017-10-13 13:08:32'),
('372',	'256',	19,	'CAUCA',	'EL TAMBO',	'2017-10-13 18:08:32',	'2017-10-13 13:08:32'),
('373',	'290',	19,	'CAUCA',	'FLORENCIA',	'2017-10-13 18:08:32',	'2017-10-13 13:08:32'),
('374',	'300',	19,	'CAUCA',	'GUACHENE',	'2017-10-13 18:08:32',	'2017-10-13 13:08:32'),
('375',	'318',	19,	'CAUCA',	'GUAPI',	'2017-10-13 18:08:32',	'2017-10-13 13:08:32'),
('376',	'355',	19,	'CAUCA',	'INZA',	'2017-10-13 18:08:32',	'2017-10-13 13:08:32'),
('377',	'364',	19,	'CAUCA',	'JAMBALO',	'2017-10-13 18:08:32',	'2017-10-13 13:08:32'),
('378',	'392',	19,	'CAUCA',	'LA SIERRA',	'2017-10-13 18:08:32',	'2017-10-13 13:08:32'),
('379',	'397',	19,	'CAUCA',	'LA VEGA',	'2017-10-13 18:08:32',	'2017-10-13 13:08:32'),
('38',	'197',	5,	'ANTIOQUIA',	'COCORNA',	'2017-10-13 18:08:32',	'2017-10-13 13:08:32'),
('380',	'418',	19,	'CAUCA',	'LOPEZ',	'2017-10-13 18:08:32',	'2017-10-13 13:08:32'),
('381',	'450',	19,	'CAUCA',	'MERCADERES',	'2017-10-13 18:08:32',	'2017-10-13 13:08:32'),
('382',	'455',	19,	'CAUCA',	'MIRANDA',	'2017-10-13 18:08:32',	'2017-10-13 13:08:32'),
('383',	'473',	19,	'CAUCA',	'MORALES',	'2017-10-13 18:08:32',	'2017-10-13 13:08:32'),
('384',	'513',	19,	'CAUCA',	'PADILLA',	'2017-10-13 18:08:32',	'2017-10-13 13:08:32'),
('385',	'517',	19,	'CAUCA',	'PAEZ',	'2017-10-13 18:08:32',	'2017-10-13 13:08:32'),
('386',	'532',	19,	'CAUCA',	'PATIA',	'2017-10-13 18:08:32',	'2017-10-13 13:08:32'),
('387',	'533',	19,	'CAUCA',	'PIAMONTE',	'2017-10-13 18:08:32',	'2017-10-13 13:08:32'),
('388',	'548',	19,	'CAUCA',	'PIENDAMO',	'2017-10-13 18:08:32',	'2017-10-13 13:08:32'),
('389',	'573',	19,	'CAUCA',	'PUERTO TEJADA',	'2017-10-13 18:08:32',	'2017-10-13 13:08:32'),
('39',	'206',	5,	'ANTIOQUIA',	'CONCEPCION',	'2017-10-13 18:08:32',	'2017-10-13 13:08:32'),
('390',	'585',	19,	'CAUCA',	'PURACE',	'2017-10-13 18:08:32',	'2017-10-13 13:08:32'),
('391',	'622',	19,	'CAUCA',	'ROSAS',	'2017-10-13 18:08:32',	'2017-10-13 13:08:32'),
('392',	'693',	19,	'CAUCA',	'SAN SEBASTIAN',	'2017-10-13 18:08:32',	'2017-10-13 13:08:32'),
('393',	'698',	19,	'CAUCA',	'SANTANDER DE QUILICHAO',	'2017-10-13 18:08:32',	'2017-10-13 13:08:32'),
('394',	'701',	19,	'CAUCA',	'SANTA ROSA',	'2017-10-13 18:08:32',	'2017-10-13 13:08:32'),
('395',	'743',	19,	'CAUCA',	'SILVIA',	'2017-10-13 18:08:32',	'2017-10-13 13:08:32'),
('396',	'760',	19,	'CAUCA',	'SOTARA',	'2017-10-13 18:08:32',	'2017-10-13 13:08:32'),
('397',	'780',	19,	'CAUCA',	'SUAREZ',	'2017-10-13 18:08:32',	'2017-10-13 13:08:32'),
('398',	'785',	19,	'CAUCA',	'SUCRE',	'2017-10-13 18:08:32',	'2017-10-13 13:08:32'),
('399',	'807',	19,	'CAUCA',	'TIMBIO',	'2017-10-13 18:08:32',	'2017-10-13 13:08:32'),
('4',	'021',	5,	'ANTIOQUIA',	'ALEJANDRIA',	'2017-10-13 18:08:32',	'2017-10-13 13:08:32'),
('40',	'209',	5,	'ANTIOQUIA',	'CONCORDIA',	'2017-10-13 18:08:32',	'2017-10-13 13:08:32'),
('400',	'809',	19,	'CAUCA',	'TIMBIQUI',	'2017-10-13 18:08:32',	'2017-10-13 13:08:32'),
('401',	'821',	19,	'CAUCA',	'TORIBIO',	'2017-10-13 18:08:32',	'2017-10-13 13:08:32'),
('402',	'824',	19,	'CAUCA',	'TOTORO',	'2017-10-13 18:08:32',	'2017-10-13 13:08:32'),
('403',	'845',	19,	'CAUCA',	'VILLA RICA',	'2017-10-13 18:08:32',	'2017-10-13 13:08:32'),
('404',	'001',	20,	'CESAR',	'VALLEDUPAR',	'2017-10-13 18:08:32',	'2017-10-13 13:08:32'),
('405',	'011',	20,	'CESAR',	'AGUACHICA',	'2017-10-13 18:08:32',	'2017-10-13 13:08:32'),
('406',	'013',	20,	'CESAR',	'AGUSTIN CODAZZI',	'2017-10-13 18:08:32',	'2017-10-13 13:08:32'),
('407',	'032',	20,	'CESAR',	'ASTREA',	'2017-10-13 18:08:32',	'2017-10-13 13:08:32'),
('408',	'045',	20,	'CESAR',	'BECERRIL',	'2017-10-13 18:08:32',	'2017-10-13 13:08:32'),
('409',	'060',	20,	'CESAR',	'BOSCONIA',	'2017-10-13 18:08:32',	'2017-10-13 13:08:32'),
('41',	'212',	5,	'ANTIOQUIA',	'COPACABANA',	'2017-10-13 18:08:32',	'2017-10-13 13:08:32'),
('410',	'175',	20,	'CESAR',	'CHIMICHAGUA',	'2017-10-13 18:08:32',	'2017-10-13 13:08:32'),
('411',	'178',	20,	'CESAR',	'CHIRIGUANA',	'2017-10-13 18:08:32',	'2017-10-13 13:08:32'),
('412',	'228',	20,	'CESAR',	'CURUMANI',	'2017-10-13 18:08:32',	'2017-10-13 13:08:32'),
('413',	'238',	20,	'CESAR',	'EL COPEY',	'2017-10-13 18:08:32',	'2017-10-13 13:08:32'),
('414',	'250',	20,	'CESAR',	'EL PASO',	'2017-10-13 18:08:32',	'2017-10-13 13:08:32'),
('415',	'295',	20,	'CESAR',	'GAMARRA',	'2017-10-13 18:08:32',	'2017-10-13 13:08:32'),
('416',	'310',	20,	'CESAR',	'GONZALEZ',	'2017-10-13 18:08:32',	'2017-10-13 13:08:32'),
('417',	'383',	20,	'CESAR',	'LA GLORIA',	'2017-10-13 18:08:32',	'2017-10-13 13:08:32'),
('418',	'400',	20,	'CESAR',	'LA JAGUA DE IBIRICO',	'2017-10-13 18:08:32',	'2017-10-13 13:08:32'),
('419',	'443',	20,	'CESAR',	'MANAURE',	'2017-10-13 18:08:32',	'2017-10-13 13:08:32'),
('42',	'234',	5,	'ANTIOQUIA',	'DABEIBA',	'2017-10-13 18:08:32',	'2017-10-13 13:08:32'),
('420',	'517',	20,	'CESAR',	'PAILITAS',	'2017-10-13 18:08:32',	'2017-10-13 13:08:32'),
('421',	'550',	20,	'CESAR',	'PELAYA',	'2017-10-13 18:08:32',	'2017-10-13 13:08:32'),
('422',	'570',	20,	'CESAR',	'PUEBLO BELLO',	'2017-10-13 18:08:32',	'2017-10-13 13:08:32'),
('423',	'614',	20,	'CESAR',	'RIO DE ORO',	'2017-10-13 18:08:32',	'2017-10-13 13:08:32'),
('424',	'621',	20,	'CESAR',	'LA PAZ',	'2017-10-13 18:08:32',	'2017-10-13 13:08:32'),
('425',	'710',	20,	'CESAR',	'SAN ALBERTO',	'2017-10-13 18:08:32',	'2017-10-13 13:08:32'),
('426',	'750',	20,	'CESAR',	'SAN DIEGO',	'2017-10-13 18:08:32',	'2017-10-13 13:08:32'),
('427',	'770',	20,	'CESAR',	'SAN MARTIN',	'2017-10-13 18:08:32',	'2017-10-13 13:08:32'),
('428',	'787',	20,	'CESAR',	'TAMALAMEQUE',	'2017-10-13 18:08:32',	'2017-10-13 13:08:32'),
('429',	'001',	23,	'CORDOBA',	'MONTERIA',	'2017-10-13 18:08:32',	'2017-10-13 13:08:32'),
('43',	'237',	5,	'ANTIOQUIA',	'DON MATIAS',	'2017-10-13 18:08:32',	'2017-10-13 13:08:32'),
('430',	'068',	23,	'CORDOBA',	'AYAPEL',	'2017-10-13 18:08:32',	'2017-10-13 13:08:32'),
('431',	'079',	23,	'CORDOBA',	'BUENAVISTA',	'2017-10-13 18:08:32',	'2017-10-13 13:08:32'),
('432',	'090',	23,	'CORDOBA',	'CANALETE',	'2017-10-13 18:08:32',	'2017-10-13 13:08:32'),
('433',	'162',	23,	'CORDOBA',	'CERETE',	'2017-10-13 18:08:32',	'2017-10-13 13:08:32'),
('434',	'168',	23,	'CORDOBA',	'CHIMA',	'2017-10-13 18:08:32',	'2017-10-13 13:08:32'),
('435',	'182',	23,	'CORDOBA',	'CHINU',	'2017-10-13 18:08:32',	'2017-10-13 13:08:32'),
('436',	'189',	23,	'CORDOBA',	'CIENAGA DE ORO',	'2017-10-13 18:08:32',	'2017-10-13 13:08:32'),
('437',	'300',	23,	'CORDOBA',	'COTORRA',	'2017-10-13 18:08:32',	'2017-10-13 13:08:32'),
('438',	'350',	23,	'CORDOBA',	'LA APARTADA',	'2017-10-13 18:08:32',	'2017-10-13 13:08:32'),
('439',	'417',	23,	'CORDOBA',	'LORICA',	'2017-10-13 18:08:32',	'2017-10-13 13:08:32'),
('44',	'240',	5,	'ANTIOQUIA',	'EBEJICO',	'2017-10-13 18:08:32',	'2017-10-13 13:08:32'),
('440',	'419',	23,	'CORDOBA',	'LOS CORDOBAS',	'2017-10-13 18:08:32',	'2017-10-13 13:08:32'),
('441',	'464',	23,	'CORDOBA',	'MOMIL',	'2017-10-13 18:08:32',	'2017-10-13 13:08:32'),
('442',	'466',	23,	'CORDOBA',	'MONTELIBANO',	'2017-10-13 18:08:32',	'2017-10-13 13:08:32'),
('443',	'500',	23,	'CORDOBA',	'MO?ITOS',	'2017-10-13 18:08:32',	'2017-10-13 13:08:32'),
('444',	'555',	23,	'CORDOBA',	'PLANETA RICA',	'2017-10-13 18:08:32',	'2017-10-13 13:08:32'),
('445',	'570',	23,	'CORDOBA',	'PUEBLO NUEVO',	'2017-10-13 18:08:32',	'2017-10-13 13:08:32'),
('446',	'574',	23,	'CORDOBA',	'PUERTO ESCONDIDO',	'2017-10-13 18:08:32',	'2017-10-13 13:08:32'),
('447',	'580',	23,	'CORDOBA',	'PUERTO LIBERTADOR',	'2017-10-13 18:08:32',	'2017-10-13 13:08:32'),
('448',	'586',	23,	'CORDOBA',	'PURISIMA',	'2017-10-13 18:08:32',	'2017-10-13 13:08:32'),
('449',	'660',	23,	'CORDOBA',	'SAHAGUN',	'2017-10-13 18:08:32',	'2017-10-13 13:08:32'),
('45',	'250',	5,	'ANTIOQUIA',	'EL BAGRE',	'2017-10-13 18:08:32',	'2017-10-13 13:08:32'),
('450',	'670',	23,	'CORDOBA',	'SAN ANDRES SOTAVENTO',	'2017-10-13 18:08:32',	'2017-10-13 13:08:32'),
('451',	'672',	23,	'CORDOBA',	'SAN ANTERO',	'2017-10-13 18:08:32',	'2017-10-13 13:08:32'),
('452',	'675',	23,	'CORDOBA',	'SAN BERNARDO DEL VIENTO',	'2017-10-13 18:08:32',	'2017-10-13 13:08:32'),
('453',	'678',	23,	'CORDOBA',	'SAN CARLOS',	'2017-10-13 18:08:32',	'2017-10-13 13:08:32'),
('454',	'686',	23,	'CORDOBA',	'SAN PELAYO',	'2017-10-13 18:08:32',	'2017-10-13 13:08:32'),
('455',	'807',	23,	'CORDOBA',	'TIERRALTA',	'2017-10-13 18:08:32',	'2017-10-13 13:08:32'),
('456',	'855',	23,	'CORDOBA',	'VALENCIA',	'2017-10-13 18:08:32',	'2017-10-13 13:08:32'),
('457',	'001',	25,	'CUNDINAMARCA',	'AGUA DE DIOS',	'2017-10-13 18:08:32',	'2017-10-13 13:08:32'),
('458',	'019',	25,	'CUNDINAMARCA',	'ALBAN',	'2017-10-13 18:08:32',	'2017-10-13 13:08:32'),
('459',	'035',	25,	'CUNDINAMARCA',	'ANAPOIMA',	'2017-10-13 18:08:32',	'2017-10-13 13:08:32'),
('46',	'264',	5,	'ANTIOQUIA',	'ENTRERRIOS',	'2017-10-13 18:08:32',	'2017-10-13 13:08:32'),
('460',	'040',	25,	'CUNDINAMARCA',	'ANOLAIMA',	'2017-10-13 18:08:32',	'2017-10-13 13:08:32'),
('461',	'053',	25,	'CUNDINAMARCA',	'ARBELAEZ',	'2017-10-13 18:08:32',	'2017-10-13 13:08:32'),
('462',	'086',	25,	'CUNDINAMARCA',	'BELTRAN',	'2017-10-13 18:08:32',	'2017-10-13 13:08:32'),
('463',	'095',	25,	'CUNDINAMARCA',	'BITUIMA',	'2017-10-13 18:08:32',	'2017-10-13 13:08:32'),
('464',	'099',	25,	'CUNDINAMARCA',	'BOJACA',	'2017-10-13 18:08:32',	'2017-10-13 13:08:32'),
('465',	'120',	25,	'CUNDINAMARCA',	'CABRERA',	'2017-10-13 18:08:32',	'2017-10-13 13:08:32'),
('466',	'123',	25,	'CUNDINAMARCA',	'CACHIPAY',	'2017-10-13 18:08:32',	'2017-10-13 13:08:32'),
('467',	'126',	25,	'CUNDINAMARCA',	'CAJICA',	'2017-10-13 18:08:32',	'2017-10-13 13:08:32'),
('468',	'148',	25,	'CUNDINAMARCA',	'CAPARRAPI',	'2017-10-13 18:08:32',	'2017-10-13 13:08:32'),
('469',	'151',	25,	'CUNDINAMARCA',	'CAQUEZA',	'2017-10-13 18:08:32',	'2017-10-13 13:08:32'),
('47',	'266',	5,	'ANTIOQUIA',	'ENVIGADO',	'2017-10-13 18:08:32',	'2017-10-13 13:08:32'),
('470',	'154',	25,	'CUNDINAMARCA',	'CARMEN DE CARUPA',	'2017-10-13 18:08:32',	'2017-10-13 13:08:32'),
('471',	'168',	25,	'CUNDINAMARCA',	'CHAGUANI',	'2017-10-13 18:08:32',	'2017-10-13 13:08:32'),
('472',	'175',	25,	'CUNDINAMARCA',	'CHIA',	'2017-10-13 18:08:32',	'2017-10-13 13:08:32'),
('473',	'178',	25,	'CUNDINAMARCA',	'CHIPAQUE',	'2017-10-13 18:08:32',	'2017-10-13 13:08:32'),
('474',	'181',	25,	'CUNDINAMARCA',	'CHOACHI',	'2017-10-13 18:08:32',	'2017-10-13 13:08:32'),
('475',	'183',	25,	'CUNDINAMARCA',	'CHOCONTA',	'2017-10-13 18:08:32',	'2017-10-13 13:08:32'),
('476',	'200',	25,	'CUNDINAMARCA',	'COGUA',	'2017-10-13 18:08:32',	'2017-10-13 13:08:32'),
('477',	'214',	25,	'CUNDINAMARCA',	'COTA',	'2017-10-13 18:08:32',	'2017-10-13 13:08:32'),
('478',	'224',	25,	'CUNDINAMARCA',	'CUCUNUBA',	'2017-10-13 18:08:32',	'2017-10-13 13:08:32'),
('479',	'245',	25,	'CUNDINAMARCA',	'EL COLEGIO',	'2017-10-13 18:08:32',	'2017-10-13 13:08:32'),
('48',	'282',	5,	'ANTIOQUIA',	'FREDONIA',	'2017-10-13 18:08:32',	'2017-10-13 13:08:32'),
('480',	'258',	25,	'CUNDINAMARCA',	'EL PE?ON',	'2017-10-13 18:08:32',	'2017-10-13 13:08:32'),
('481',	'260',	25,	'CUNDINAMARCA',	'EL ROSAL',	'2017-10-13 18:08:32',	'2017-10-13 13:08:32'),
('482',	'269',	25,	'CUNDINAMARCA',	'FACATATIVA',	'2017-10-13 18:08:32',	'2017-10-13 13:08:32'),
('483',	'279',	25,	'CUNDINAMARCA',	'FOMEQUE',	'2017-10-13 18:08:32',	'2017-10-13 13:08:32'),
('484',	'281',	25,	'CUNDINAMARCA',	'FOSCA',	'2017-10-13 18:08:32',	'2017-10-13 13:08:32'),
('485',	'286',	25,	'CUNDINAMARCA',	'FUNZA',	'2017-10-13 18:08:32',	'2017-10-13 13:08:32'),
('486',	'288',	25,	'CUNDINAMARCA',	'FUQUENE',	'2017-10-13 18:08:32',	'2017-10-13 13:08:32'),
('487',	'290',	25,	'CUNDINAMARCA',	'FUSAGASUGA',	'2017-10-13 18:08:32',	'2017-10-13 13:08:32'),
('488',	'293',	25,	'CUNDINAMARCA',	'GACHALA',	'2017-10-13 18:08:32',	'2017-10-13 13:08:32'),
('489',	'295',	25,	'CUNDINAMARCA',	'GACHANCIPA',	'2017-10-13 18:08:32',	'2017-10-13 13:08:32'),
('49',	'284',	5,	'ANTIOQUIA',	'FRONTINO',	'2017-10-13 18:08:32',	'2017-10-13 13:08:32'),
('490',	'297',	25,	'CUNDINAMARCA',	'GACHETA',	'2017-10-13 18:08:32',	'2017-10-13 13:08:32'),
('491',	'299',	25,	'CUNDINAMARCA',	'GAMA',	'2017-10-13 18:08:32',	'2017-10-13 13:08:32'),
('492',	'307',	25,	'CUNDINAMARCA',	'GIRARDOT',	'2017-10-13 18:08:32',	'2017-10-13 13:08:32'),
('493',	'312',	25,	'CUNDINAMARCA',	'GRANADA',	'2017-10-13 18:08:32',	'2017-10-13 13:08:32'),
('494',	'317',	25,	'CUNDINAMARCA',	'GUACHETA',	'2017-10-13 18:08:32',	'2017-10-13 13:08:32'),
('495',	'320',	25,	'CUNDINAMARCA',	'GUADUAS',	'2017-10-13 18:08:32',	'2017-10-13 13:08:32'),
('496',	'322',	25,	'CUNDINAMARCA',	'GUASCA',	'2017-10-13 18:08:32',	'2017-10-13 13:08:32'),
('497',	'324',	25,	'CUNDINAMARCA',	'GUATAQUI',	'2017-10-13 18:08:32',	'2017-10-13 13:08:32'),
('498',	'326',	25,	'CUNDINAMARCA',	'GUATAVITA',	'2017-10-13 18:08:32',	'2017-10-13 13:08:32'),
('499',	'328',	25,	'CUNDINAMARCA',	'GUAYABAL DE SIQUIMA',	'2017-10-13 18:08:32',	'2017-10-13 13:08:32'),
('5',	'030',	5,	'ANTIOQUIA',	'AMAGA',	'2017-10-13 18:08:32',	'2017-10-13 13:08:32'),
('50',	'306',	5,	'ANTIOQUIA',	'GIRALDO',	'2017-10-13 18:08:32',	'2017-10-13 13:08:32'),
('500',	'335',	25,	'CUNDINAMARCA',	'GUAYABETAL',	'2017-10-13 18:08:32',	'2017-10-13 13:08:32'),
('501',	'339',	25,	'CUNDINAMARCA',	'GUTIERREZ',	'2017-10-13 18:08:32',	'2017-10-13 13:08:32'),
('502',	'368',	25,	'CUNDINAMARCA',	'JERUSALEN',	'2017-10-13 18:08:32',	'2017-10-13 13:08:32'),
('503',	'372',	25,	'CUNDINAMARCA',	'JUNIN',	'2017-10-13 18:08:32',	'2017-10-13 13:08:32'),
('504',	'377',	25,	'CUNDINAMARCA',	'LA CALERA',	'2017-10-13 18:08:32',	'2017-10-13 13:08:32'),
('505',	'386',	25,	'CUNDINAMARCA',	'LA MESA',	'2017-10-13 18:08:32',	'2017-10-13 13:08:32'),
('506',	'394',	25,	'CUNDINAMARCA',	'LA PALMA',	'2017-10-13 18:08:32',	'2017-10-13 13:08:32'),
('507',	'398',	25,	'CUNDINAMARCA',	'LA PE?A',	'2017-10-13 18:08:32',	'2017-10-13 13:08:32'),
('508',	'402',	25,	'CUNDINAMARCA',	'LA VEGA',	'2017-10-13 18:08:32',	'2017-10-13 13:08:32'),
('509',	'407',	25,	'CUNDINAMARCA',	'LENGUAZAQUE',	'2017-10-13 18:08:32',	'2017-10-13 13:08:32'),
('51',	'308',	5,	'ANTIOQUIA',	'GIRARDOTA',	'2017-10-13 18:08:32',	'2017-10-13 13:08:32'),
('510',	'426',	25,	'CUNDINAMARCA',	'MACHETA',	'2017-10-13 18:08:32',	'2017-10-13 13:08:32'),
('511',	'430',	25,	'CUNDINAMARCA',	'MADRID',	'2017-10-13 18:08:32',	'2017-10-13 13:08:32'),
('512',	'436',	25,	'CUNDINAMARCA',	'MANTA',	'2017-10-13 18:08:32',	'2017-10-13 13:08:32'),
('513',	'438',	25,	'CUNDINAMARCA',	'MEDINA',	'2017-10-13 18:08:32',	'2017-10-13 13:08:32'),
('514',	'473',	25,	'CUNDINAMARCA',	'MOSQUERA',	'2017-10-13 18:08:32',	'2017-10-13 13:08:32'),
('515',	'483',	25,	'CUNDINAMARCA',	'NARI?O',	'2017-10-13 18:08:32',	'2017-10-13 13:08:32'),
('516',	'486',	25,	'CUNDINAMARCA',	'NEMOCON',	'2017-10-13 18:08:32',	'2017-10-13 13:08:32'),
('517',	'488',	25,	'CUNDINAMARCA',	'NILO',	'2017-10-13 18:08:32',	'2017-10-13 13:08:32'),
('518',	'489',	25,	'CUNDINAMARCA',	'NIMAIMA',	'2017-10-13 18:08:32',	'2017-10-13 13:08:32'),
('519',	'491',	25,	'CUNDINAMARCA',	'NOCAIMA',	'2017-10-13 18:08:32',	'2017-10-13 13:08:32'),
('52',	'310',	5,	'ANTIOQUIA',	'GOMEZ PLATA',	'2017-10-13 18:08:32',	'2017-10-13 13:08:32'),
('520',	'506',	25,	'CUNDINAMARCA',	'VENECIA',	'2017-10-13 18:08:32',	'2017-10-13 13:08:32'),
('521',	'513',	25,	'CUNDINAMARCA',	'PACHO',	'2017-10-13 18:08:32',	'2017-10-13 13:08:32'),
('522',	'518',	25,	'CUNDINAMARCA',	'PAIME',	'2017-10-13 18:08:32',	'2017-10-13 13:08:32'),
('523',	'524',	25,	'CUNDINAMARCA',	'PANDI',	'2017-10-13 18:08:32',	'2017-10-13 13:08:32'),
('524',	'530',	25,	'CUNDINAMARCA',	'PARATEBUENO',	'2017-10-13 18:08:32',	'2017-10-13 13:08:32'),
('525',	'535',	25,	'CUNDINAMARCA',	'PASCA',	'2017-10-13 18:08:32',	'2017-10-13 13:08:32'),
('526',	'572',	25,	'CUNDINAMARCA',	'PUERTO SALGAR',	'2017-10-13 18:08:32',	'2017-10-13 13:08:32'),
('527',	'580',	25,	'CUNDINAMARCA',	'PULI',	'2017-10-13 18:08:32',	'2017-10-13 13:08:32'),
('528',	'592',	25,	'CUNDINAMARCA',	'QUEBRADANEGRA',	'2017-10-13 18:08:32',	'2017-10-13 13:08:32'),
('529',	'594',	25,	'CUNDINAMARCA',	'QUETAME',	'2017-10-13 18:08:32',	'2017-10-13 13:08:32'),
('53',	'313',	5,	'ANTIOQUIA',	'GRANADA',	'2017-10-13 18:08:32',	'2017-10-13 13:08:32'),
('530',	'596',	25,	'CUNDINAMARCA',	'QUIPILE',	'2017-10-13 18:08:32',	'2017-10-13 13:08:32'),
('531',	'599',	25,	'CUNDINAMARCA',	'APULO',	'2017-10-13 18:08:32',	'2017-10-13 13:08:32'),
('532',	'612',	25,	'CUNDINAMARCA',	'RICAURTE',	'2017-10-13 18:08:32',	'2017-10-13 13:08:32'),
('533',	'645',	25,	'CUNDINAMARCA',	'SAN ANTONIO DEL TEQUENDAMA',	'2017-10-13 18:08:32',	'2017-10-13 13:08:32'),
('534',	'649',	25,	'CUNDINAMARCA',	'SAN BERNARDO',	'2017-10-13 18:08:32',	'2017-10-13 13:08:32'),
('535',	'653',	25,	'CUNDINAMARCA',	'SAN CAYETANO',	'2017-10-13 18:08:32',	'2017-10-13 13:08:32'),
('536',	'658',	25,	'CUNDINAMARCA',	'SAN FRANCISCO',	'2017-10-13 18:08:32',	'2017-10-13 13:08:32'),
('537',	'662',	25,	'CUNDINAMARCA',	'SAN JUAN DE RIO SECO',	'2017-10-13 18:08:32',	'2017-10-13 13:08:32'),
('538',	'718',	25,	'CUNDINAMARCA',	'SASAIMA',	'2017-10-13 18:08:32',	'2017-10-13 13:08:32'),
('539',	'736',	25,	'CUNDINAMARCA',	'SESQUILE',	'2017-10-13 18:08:32',	'2017-10-13 13:08:32'),
('54',	'315',	5,	'ANTIOQUIA',	'GUADALUPE',	'2017-10-13 18:08:32',	'2017-10-13 13:08:32'),
('540',	'740',	25,	'CUNDINAMARCA',	'SIBATE',	'2017-10-13 18:08:32',	'2017-10-13 13:08:32'),
('541',	'743',	25,	'CUNDINAMARCA',	'SILVANIA',	'2017-10-13 18:08:32',	'2017-10-13 13:08:32'),
('542',	'745',	25,	'CUNDINAMARCA',	'SIMIJACA',	'2017-10-13 18:08:32',	'2017-10-13 13:08:32'),
('543',	'754',	25,	'CUNDINAMARCA',	'SOACHA',	'2017-10-13 18:08:32',	'2017-10-13 13:08:32'),
('544',	'758',	25,	'CUNDINAMARCA',	'SOPO',	'2017-10-13 18:08:32',	'2017-10-13 13:08:32'),
('545',	'769',	25,	'CUNDINAMARCA',	'SUBACHOQUE',	'2017-10-13 18:08:32',	'2017-10-13 13:08:32'),
('546',	'772',	25,	'CUNDINAMARCA',	'SUESCA',	'2017-10-13 18:08:32',	'2017-10-13 13:08:32'),
('547',	'777',	25,	'CUNDINAMARCA',	'SUPATA',	'2017-10-13 18:08:32',	'2017-10-13 13:08:32'),
('548',	'779',	25,	'CUNDINAMARCA',	'SUSA',	'2017-10-13 18:08:32',	'2017-10-13 13:08:32'),
('549',	'781',	25,	'CUNDINAMARCA',	'SUTATAUSA',	'2017-10-13 18:08:32',	'2017-10-13 13:08:32'),
('55',	'318',	5,	'ANTIOQUIA',	'GUARNE',	'2017-10-13 18:08:32',	'2017-10-13 13:08:32'),
('550',	'785',	25,	'CUNDINAMARCA',	'TABIO',	'2017-10-13 18:08:32',	'2017-10-13 13:08:32'),
('551',	'793',	25,	'CUNDINAMARCA',	'TAUSA',	'2017-10-13 18:08:32',	'2017-10-13 13:08:32'),
('552',	'797',	25,	'CUNDINAMARCA',	'TENA',	'2017-10-13 18:08:32',	'2017-10-13 13:08:32'),
('553',	'799',	25,	'CUNDINAMARCA',	'TENJO',	'2017-10-13 18:08:32',	'2017-10-13 13:08:32'),
('554',	'805',	25,	'CUNDINAMARCA',	'TIBACUY',	'2017-10-13 18:08:32',	'2017-10-13 13:08:32'),
('555',	'807',	25,	'CUNDINAMARCA',	'TIBIRITA',	'2017-10-13 18:08:32',	'2017-10-13 13:08:32'),
('556',	'815',	25,	'CUNDINAMARCA',	'TOCAIMA',	'2017-10-13 18:08:32',	'2017-10-13 13:08:32'),
('557',	'817',	25,	'CUNDINAMARCA',	'TOCANCIPA',	'2017-10-13 18:08:32',	'2017-10-13 13:08:32'),
('558',	'823',	25,	'CUNDINAMARCA',	'TOPAIPI',	'2017-10-13 18:08:32',	'2017-10-13 13:08:32'),
('559',	'839',	25,	'CUNDINAMARCA',	'UBALA',	'2017-10-13 18:08:32',	'2017-10-13 13:08:32'),
('56',	'321',	5,	'ANTIOQUIA',	'GUATAPE',	'2017-10-13 18:08:32',	'2017-10-13 13:08:32'),
('560',	'841',	25,	'CUNDINAMARCA',	'UBAQUE',	'2017-10-13 18:08:32',	'2017-10-13 13:08:32'),
('561',	'843',	25,	'CUNDINAMARCA',	'VILLA DE SAN DIEGO DE UBATE',	'2017-10-13 18:08:32',	'2017-10-13 13:08:32'),
('562',	'845',	25,	'CUNDINAMARCA',	'UNE',	'2017-10-13 18:08:32',	'2017-10-13 13:08:32'),
('563',	'851',	25,	'CUNDINAMARCA',	'UTICA',	'2017-10-13 18:08:32',	'2017-10-13 13:08:32'),
('564',	'862',	25,	'CUNDINAMARCA',	'VERGARA',	'2017-10-13 18:08:32',	'2017-10-13 13:08:32'),
('565',	'867',	25,	'CUNDINAMARCA',	'VIANI',	'2017-10-13 18:08:32',	'2017-10-13 13:08:32'),
('566',	'871',	25,	'CUNDINAMARCA',	'VILLAGOMEZ',	'2017-10-13 18:08:32',	'2017-10-13 13:08:32'),
('567',	'873',	25,	'CUNDINAMARCA',	'VILLAPINZON',	'2017-10-13 18:08:32',	'2017-10-13 13:08:32'),
('568',	'875',	25,	'CUNDINAMARCA',	'VILLETA',	'2017-10-13 18:08:32',	'2017-10-13 13:08:32'),
('569',	'878',	25,	'CUNDINAMARCA',	'VIOTA',	'2017-10-13 18:08:32',	'2017-10-13 13:08:32'),
('57',	'347',	5,	'ANTIOQUIA',	'HELICONIA',	'2017-10-13 18:08:32',	'2017-10-13 13:08:32'),
('570',	'885',	25,	'CUNDINAMARCA',	'YACOPI',	'2017-10-13 18:08:32',	'2017-10-13 13:08:32'),
('571',	'898',	25,	'CUNDINAMARCA',	'ZIPACON',	'2017-10-13 18:08:32',	'2017-10-13 13:08:32'),
('572',	'899',	25,	'CUNDINAMARCA',	'ZIPAQUIRA',	'2017-10-13 18:08:32',	'2017-10-13 13:08:32'),
('573',	'001',	27,	'CHOCO',	'QUIBDO',	'2017-10-13 18:08:32',	'2017-10-13 13:08:32'),
('574',	'006',	27,	'CHOCO',	'ACANDI',	'2017-10-13 18:08:32',	'2017-10-13 13:08:32'),
('575',	'025',	27,	'CHOCO',	'ALTO BAUDO',	'2017-10-13 18:08:32',	'2017-10-13 13:08:32'),
('576',	'050',	27,	'CHOCO',	'ATRATO',	'2017-10-13 18:08:32',	'2017-10-13 13:08:32'),
('577',	'073',	27,	'CHOCO',	'BAGADO',	'2017-10-13 18:08:32',	'2017-10-13 13:08:32'),
('578',	'075',	27,	'CHOCO',	'BAHIA SOLANO',	'2017-10-13 18:08:32',	'2017-10-13 13:08:32'),
('579',	'077',	27,	'CHOCO',	'BAJO BAUDO',	'2017-10-13 18:08:32',	'2017-10-13 13:08:32'),
('58',	'353',	5,	'ANTIOQUIA',	'HISPANIA',	'2017-10-13 18:08:32',	'2017-10-13 13:08:32'),
('580',	'099',	27,	'CHOCO',	'BOJAYA',	'2017-10-13 18:08:32',	'2017-10-13 13:08:32'),
('581',	'135',	27,	'CHOCO',	'EL CANTON DEL SAN PABLO',	'2017-10-13 18:08:32',	'2017-10-13 13:08:32'),
('582',	'150',	27,	'CHOCO',	'CARMEN DEL DARIEN',	'2017-10-13 18:08:32',	'2017-10-13 13:08:32'),
('583',	'160',	27,	'CHOCO',	'CERTEGUI',	'2017-10-13 18:08:32',	'2017-10-13 13:08:32'),
('584',	'205',	27,	'CHOCO',	'CONDOTO',	'2017-10-13 18:08:32',	'2017-10-13 13:08:32'),
('585',	'245',	27,	'CHOCO',	'EL CARMEN DE ATRATO',	'2017-10-13 18:08:32',	'2017-10-13 13:08:32'),
('586',	'250',	27,	'CHOCO',	'EL LITORAL DEL SAN JUAN',	'2017-10-13 18:08:32',	'2017-10-13 13:08:32'),
('587',	'361',	27,	'CHOCO',	'ISTMINA',	'2017-10-13 18:08:32',	'2017-10-13 13:08:32'),
('588',	'372',	27,	'CHOCO',	'JURADO',	'2017-10-13 18:08:32',	'2017-10-13 13:08:32'),
('589',	'413',	27,	'CHOCO',	'LLORO',	'2017-10-13 18:08:32',	'2017-10-13 13:08:32'),
('59',	'360',	5,	'ANTIOQUIA',	'ITAGUI',	'2017-10-13 18:08:32',	'2017-10-13 13:08:32'),
('590',	'425',	27,	'CHOCO',	'MEDIO ATRATO',	'2017-10-13 18:08:32',	'2017-10-13 13:08:32'),
('591',	'430',	27,	'CHOCO',	'MEDIO BAUDO',	'2017-10-13 18:08:32',	'2017-10-13 13:08:32'),
('592',	'450',	27,	'CHOCO',	'MEDIO SAN JUAN',	'2017-10-13 18:08:32',	'2017-10-13 13:08:32'),
('593',	'491',	27,	'CHOCO',	'NOVITA',	'2017-10-13 18:08:32',	'2017-10-13 13:08:32'),
('594',	'495',	27,	'CHOCO',	'NUQUI',	'2017-10-13 18:08:32',	'2017-10-13 13:08:32'),
('595',	'580',	27,	'CHOCO',	'RIO IRO',	'2017-10-13 18:08:32',	'2017-10-13 13:08:32'),
('596',	'600',	27,	'CHOCO',	'RIO QUITO',	'2017-10-13 18:08:32',	'2017-10-13 13:08:32'),
('597',	'615',	27,	'CHOCO',	'RIOSUCIO',	'2017-10-13 18:08:32',	'2017-10-13 13:08:32'),
('598',	'660',	27,	'CHOCO',	'SAN JOSE DEL PALMAR',	'2017-10-13 18:08:32',	'2017-10-13 13:08:32'),
('599',	'745',	27,	'CHOCO',	'SIPI',	'2017-10-13 18:08:32',	'2017-10-13 13:08:32'),
('6',	'031',	5,	'ANTIOQUIA',	'AMALFI',	'2017-10-13 18:08:32',	'2017-10-13 13:08:32'),
('60',	'361',	5,	'ANTIOQUIA',	'ITUANGO',	'2017-10-13 18:08:32',	'2017-10-13 13:08:32'),
('600',	'787',	27,	'CHOCO',	'TADO',	'2017-10-13 18:08:32',	'2017-10-13 13:08:32'),
('601',	'800',	27,	'CHOCO',	'UNGUIA',	'2017-10-13 18:08:32',	'2017-10-13 13:08:32'),
('602',	'810',	27,	'CHOCO',	'UNION PANAMERICANA',	'2017-10-13 18:08:32',	'2017-10-13 13:08:32'),
('603',	'001',	41,	'HUILA',	'NEIVA',	'2017-10-13 18:08:32',	'2017-10-13 13:08:32'),
('604',	'006',	41,	'HUILA',	'ACEVEDO',	'2017-10-13 18:08:32',	'2017-10-13 13:08:32'),
('605',	'013',	41,	'HUILA',	'AGRADO',	'2017-10-13 18:08:32',	'2017-10-13 13:08:32'),
('606',	'016',	41,	'HUILA',	'AIPE',	'2017-10-13 18:08:32',	'2017-10-13 13:08:32'),
('607',	'020',	41,	'HUILA',	'ALGECIRAS',	'2017-10-13 18:08:32',	'2017-10-13 13:08:32'),
('608',	'026',	41,	'HUILA',	'ALTAMIRA',	'2017-10-13 18:08:32',	'2017-10-13 13:08:32'),
('609',	'078',	41,	'HUILA',	'BARAYA',	'2017-10-13 18:08:32',	'2017-10-13 13:08:32'),
('61',	'364',	5,	'ANTIOQUIA',	'JARDIN',	'2017-10-13 18:08:32',	'2017-10-13 13:08:32'),
('610',	'132',	41,	'HUILA',	'CAMPOALEGRE',	'2017-10-13 18:08:32',	'2017-10-13 13:08:32'),
('611',	'206',	41,	'HUILA',	'COLOMBIA',	'2017-10-13 18:08:32',	'2017-10-13 13:08:32'),
('612',	'244',	41,	'HUILA',	'ELIAS',	'2017-10-13 18:08:32',	'2017-10-13 13:08:32'),
('613',	'298',	41,	'HUILA',	'GARZON',	'2017-10-13 18:08:32',	'2017-10-13 13:08:32'),
('614',	'306',	41,	'HUILA',	'GIGANTE',	'2017-10-13 18:08:32',	'2017-10-13 13:08:32'),
('615',	'319',	41,	'HUILA',	'GUADALUPE',	'2017-10-13 18:08:32',	'2017-10-13 13:08:32'),
('616',	'349',	41,	'HUILA',	'HOBO',	'2017-10-13 18:08:32',	'2017-10-13 13:08:32'),
('617',	'357',	41,	'HUILA',	'IQUIRA',	'2017-10-13 18:08:32',	'2017-10-13 13:08:32'),
('618',	'359',	41,	'HUILA',	'ISNOS',	'2017-10-13 18:08:32',	'2017-10-13 13:08:32'),
('619',	'378',	41,	'HUILA',	'LA ARGENTINA',	'2017-10-13 18:08:32',	'2017-10-13 13:08:32'),
('62',	'368',	5,	'ANTIOQUIA',	'JERICO',	'2017-10-13 18:08:32',	'2017-10-13 13:08:32'),
('620',	'396',	41,	'HUILA',	'LA PLATA',	'2017-10-13 18:08:32',	'2017-10-13 13:08:32'),
('621',	'483',	41,	'HUILA',	'NATAGA',	'2017-10-13 18:08:32',	'2017-10-13 13:08:32'),
('622',	'503',	41,	'HUILA',	'OPORAPA',	'2017-10-13 18:08:32',	'2017-10-13 13:08:32'),
('623',	'518',	41,	'HUILA',	'PAICOL',	'2017-10-13 18:08:32',	'2017-10-13 13:08:32'),
('624',	'524',	41,	'HUILA',	'PALERMO',	'2017-10-13 18:08:32',	'2017-10-13 13:08:32'),
('625',	'530',	41,	'HUILA',	'PALESTINA',	'2017-10-13 18:08:32',	'2017-10-13 13:08:32'),
('626',	'548',	41,	'HUILA',	'PITAL',	'2017-10-13 18:08:32',	'2017-10-13 13:08:32'),
('627',	'551',	41,	'HUILA',	'PITALITO',	'2017-10-13 18:08:32',	'2017-10-13 13:08:32'),
('628',	'615',	41,	'HUILA',	'RIVERA',	'2017-10-13 18:08:32',	'2017-10-13 13:08:32'),
('629',	'660',	41,	'HUILA',	'SALADOBLANCO',	'2017-10-13 18:08:32',	'2017-10-13 13:08:32'),
('63',	'376',	5,	'ANTIOQUIA',	'LA CEJA',	'2017-10-13 18:08:32',	'2017-10-13 13:08:32'),
('630',	'668',	41,	'HUILA',	'SAN AGUSTIN',	'2017-10-13 18:08:32',	'2017-10-13 13:08:32'),
('631',	'676',	41,	'HUILA',	'SANTA MARIA',	'2017-10-13 18:08:32',	'2017-10-13 13:08:32'),
('632',	'770',	41,	'HUILA',	'SUAZA',	'2017-10-13 18:08:32',	'2017-10-13 13:08:32'),
('633',	'791',	41,	'HUILA',	'TARQUI',	'2017-10-13 18:08:32',	'2017-10-13 13:08:32'),
('634',	'797',	41,	'HUILA',	'TESALIA',	'2017-10-13 18:08:32',	'2017-10-13 13:08:32'),
('635',	'799',	41,	'HUILA',	'TELLO',	'2017-10-13 18:08:32',	'2017-10-13 13:08:32'),
('636',	'801',	41,	'HUILA',	'TERUEL',	'2017-10-13 18:08:32',	'2017-10-13 13:08:32'),
('637',	'807',	41,	'HUILA',	'TIMANA',	'2017-10-13 18:08:32',	'2017-10-13 13:08:32'),
('638',	'872',	41,	'HUILA',	'VILLAVIEJA',	'2017-10-13 18:08:32',	'2017-10-13 13:08:32'),
('639',	'885',	41,	'HUILA',	'YAGUARA',	'2017-10-13 18:08:32',	'2017-10-13 13:08:32'),
('64',	'380',	5,	'ANTIOQUIA',	'LA ESTRELLA',	'2017-10-13 18:08:32',	'2017-10-13 13:08:32'),
('640',	'001',	44,	'LA GUAJIRA',	'RIOHACHA',	'2017-10-13 18:08:32',	'2017-10-13 13:08:32'),
('641',	'035',	44,	'LA GUAJIRA',	'ALBANIA',	'2017-10-13 18:08:32',	'2017-10-13 13:08:32'),
('642',	'078',	44,	'LA GUAJIRA',	'BARRANCAS',	'2017-10-13 18:08:32',	'2017-10-13 13:08:32'),
('643',	'090',	44,	'LA GUAJIRA',	'DIBULLA',	'2017-10-13 18:08:32',	'2017-10-13 13:08:32'),
('644',	'098',	44,	'LA GUAJIRA',	'DISTRACCION',	'2017-10-13 18:08:32',	'2017-10-13 13:08:32'),
('645',	'110',	44,	'LA GUAJIRA',	'EL MOLINO',	'2017-10-13 18:08:32',	'2017-10-13 13:08:32'),
('646',	'279',	44,	'LA GUAJIRA',	'FONSECA',	'2017-10-13 18:08:32',	'2017-10-13 13:08:32'),
('647',	'378',	44,	'LA GUAJIRA',	'HATONUEVO',	'2017-10-13 18:08:32',	'2017-10-13 13:08:32'),
('648',	'420',	44,	'LA GUAJIRA',	'LA JAGUA DEL PILAR',	'2017-10-13 18:08:32',	'2017-10-13 13:08:32'),
('649',	'430',	44,	'LA GUAJIRA',	'MAICAO',	'2017-10-13 18:08:32',	'2017-10-13 13:08:32'),
('65',	'390',	5,	'ANTIOQUIA',	'LA PINTADA',	'2017-10-13 18:08:32',	'2017-10-13 13:08:32'),
('650',	'560',	44,	'LA GUAJIRA',	'MANAURE',	'2017-10-13 18:08:32',	'2017-10-13 13:08:32'),
('651',	'650',	44,	'LA GUAJIRA',	'SAN JUAN DEL CESAR',	'2017-10-13 18:08:32',	'2017-10-13 13:08:32'),
('652',	'847',	44,	'LA GUAJIRA',	'URIBIA',	'2017-10-13 18:08:32',	'2017-10-13 13:08:32'),
('653',	'855',	44,	'LA GUAJIRA',	'URUMITA',	'2017-10-13 18:08:32',	'2017-10-13 13:08:32'),
('654',	'874',	44,	'LA GUAJIRA',	'VILLANUEVA',	'2017-10-13 18:08:32',	'2017-10-13 13:08:32'),
('655',	'001',	47,	'MAGDALENA',	'SANTA MARTA',	'2017-10-13 18:08:32',	'2017-10-13 13:08:32'),
('656',	'030',	47,	'MAGDALENA',	'ALGARROBO',	'2017-10-13 18:08:32',	'2017-10-13 13:08:32'),
('657',	'053',	47,	'MAGDALENA',	'ARACATACA',	'2017-10-13 18:08:32',	'2017-10-13 13:08:32'),
('658',	'058',	47,	'MAGDALENA',	'ARIGUANI',	'2017-10-13 18:08:32',	'2017-10-13 13:08:32'),
('659',	'161',	47,	'MAGDALENA',	'CERRO SAN ANTONIO',	'2017-10-13 18:08:32',	'2017-10-13 13:08:32'),
('66',	'400',	5,	'ANTIOQUIA',	'LA UNION',	'2017-10-13 18:08:32',	'2017-10-13 13:08:32'),
('660',	'170',	47,	'MAGDALENA',	'CHIBOLO',	'2017-10-13 18:08:32',	'2017-10-13 13:08:32'),
('661',	'189',	47,	'MAGDALENA',	'CIENAGA',	'2017-10-13 18:08:32',	'2017-10-13 13:08:32'),
('662',	'205',	47,	'MAGDALENA',	'CONCORDIA',	'2017-10-13 18:08:32',	'2017-10-13 13:08:32'),
('663',	'245',	47,	'MAGDALENA',	'EL BANCO',	'2017-10-13 18:08:32',	'2017-10-13 13:08:32'),
('664',	'258',	47,	'MAGDALENA',	'EL PI?ON',	'2017-10-13 18:08:32',	'2017-10-13 13:08:32'),
('665',	'268',	47,	'MAGDALENA',	'EL RETEN',	'2017-10-13 18:08:32',	'2017-10-13 13:08:32'),
('666',	'288',	47,	'MAGDALENA',	'FUNDACION',	'2017-10-13 18:08:32',	'2017-10-13 13:08:32'),
('667',	'318',	47,	'MAGDALENA',	'GUAMAL',	'2017-10-13 18:08:32',	'2017-10-13 13:08:32'),
('668',	'460',	47,	'MAGDALENA',	'NUEVA GRANADA',	'2017-10-13 18:08:32',	'2017-10-13 13:08:32'),
('669',	'541',	47,	'MAGDALENA',	'PEDRAZA',	'2017-10-13 18:08:32',	'2017-10-13 13:08:32'),
('67',	'411',	5,	'ANTIOQUIA',	'LIBORINA',	'2017-10-13 18:08:32',	'2017-10-13 13:08:32'),
('670',	'545',	47,	'MAGDALENA',	'PIJI?O DEL CARMEN',	'2017-10-13 18:08:32',	'2017-10-13 13:08:32'),
('671',	'551',	47,	'MAGDALENA',	'PIVIJAY',	'2017-10-13 18:08:32',	'2017-10-13 13:08:32'),
('672',	'555',	47,	'MAGDALENA',	'PLATO',	'2017-10-13 18:08:32',	'2017-10-13 13:08:32'),
('673',	'570',	47,	'MAGDALENA',	'PUEBLOVIEJO',	'2017-10-13 18:08:32',	'2017-10-13 13:08:32'),
('674',	'605',	47,	'MAGDALENA',	'REMOLINO',	'2017-10-13 18:08:32',	'2017-10-13 13:08:32'),
('675',	'660',	47,	'MAGDALENA',	'SABANAS DE SAN ANGEL',	'2017-10-13 18:08:32',	'2017-10-13 13:08:32'),
('676',	'675',	47,	'MAGDALENA',	'SALAMINA',	'2017-10-13 18:08:32',	'2017-10-13 13:08:32'),
('677',	'692',	47,	'MAGDALENA',	'SAN SEBASTIAN DE BUENAVISTA',	'2017-10-13 18:08:32',	'2017-10-13 13:08:32'),
('678',	'703',	47,	'MAGDALENA',	'SAN ZENON',	'2017-10-13 18:08:32',	'2017-10-13 13:08:32'),
('679',	'707',	47,	'MAGDALENA',	'SANTA ANA',	'2017-10-13 18:08:32',	'2017-10-13 13:08:32'),
('68',	'425',	5,	'ANTIOQUIA',	'MACEO',	'2017-10-13 18:08:32',	'2017-10-13 13:08:32'),
('680',	'720',	47,	'MAGDALENA',	'SANTA BARBARA DE PINTO',	'2017-10-13 18:08:32',	'2017-10-13 13:08:32'),
('681',	'745',	47,	'MAGDALENA',	'SITIONUEVO',	'2017-10-13 18:08:32',	'2017-10-13 13:08:32'),
('682',	'798',	47,	'MAGDALENA',	'TENERIFE',	'2017-10-13 18:08:32',	'2017-10-13 13:08:32'),
('683',	'960',	47,	'MAGDALENA',	'ZAPAYAN',	'2017-10-13 18:08:32',	'2017-10-13 13:08:32'),
('684',	'980',	47,	'MAGDALENA',	'ZONA BANANERA',	'2017-10-13 18:08:32',	'2017-10-13 13:08:32'),
('685',	'001',	50,	'META',	'VILLAVICENCIO',	'2017-10-13 18:08:32',	'2017-10-13 13:08:32'),
('686',	'006',	50,	'META',	'ACACIAS',	'2017-10-13 18:08:32',	'2017-10-13 13:08:32'),
('687',	'110',	50,	'META',	'BARRANCA DE UPIA',	'2017-10-13 18:08:32',	'2017-10-13 13:08:32'),
('688',	'124',	50,	'META',	'CABUYARO',	'2017-10-13 18:08:32',	'2017-10-13 13:08:32'),
('689',	'150',	50,	'META',	'CASTILLA LA NUEVA',	'2017-10-13 18:08:32',	'2017-10-13 13:08:32'),
('69',	'440',	5,	'ANTIOQUIA',	'MARINILLA',	'2017-10-13 18:08:32',	'2017-10-13 13:08:32'),
('690',	'223',	50,	'META',	'CUBARRAL',	'2017-10-13 18:08:32',	'2017-10-13 13:08:32'),
('691',	'226',	50,	'META',	'CUMARAL',	'2017-10-13 18:08:32',	'2017-10-13 13:08:32'),
('692',	'245',	50,	'META',	'EL CALVARIO',	'2017-10-13 18:08:32',	'2017-10-13 13:08:32'),
('693',	'251',	50,	'META',	'EL CASTILLO',	'2017-10-13 18:08:32',	'2017-10-13 13:08:32'),
('694',	'270',	50,	'META',	'EL DORADO',	'2017-10-13 18:08:32',	'2017-10-13 13:08:32'),
('695',	'287',	50,	'META',	'FUENTE DE ORO',	'2017-10-13 18:08:32',	'2017-10-13 13:08:32'),
('696',	'313',	50,	'META',	'GRANADA',	'2017-10-13 18:08:32',	'2017-10-13 13:08:32'),
('697',	'318',	50,	'META',	'GUAMAL',	'2017-10-13 18:08:32',	'2017-10-13 13:08:32'),
('698',	'325',	50,	'META',	'MAPIRIPAN',	'2017-10-13 18:08:32',	'2017-10-13 13:08:32'),
('699',	'330',	50,	'META',	'MESETAS',	'2017-10-13 18:08:32',	'2017-10-13 13:08:32'),
('7',	'034',	5,	'ANTIOQUIA',	'ANDES',	'2017-10-13 18:08:32',	'2017-10-13 13:08:32'),
('70',	'467',	5,	'ANTIOQUIA',	'MONTEBELLO',	'2017-10-13 18:08:32',	'2017-10-13 13:08:32'),
('700',	'350',	50,	'META',	'LA MACARENA',	'2017-10-13 18:08:32',	'2017-10-13 13:08:32'),
('701',	'370',	50,	'META',	'URIBE',	'2017-10-13 18:08:32',	'2017-10-13 13:08:32'),
('702',	'400',	50,	'META',	'LEJANIAS',	'2017-10-13 18:08:32',	'2017-10-13 13:08:32'),
('703',	'450',	50,	'META',	'PUERTO CONCORDIA',	'2017-10-13 18:08:32',	'2017-10-13 13:08:32'),
('704',	'568',	50,	'META',	'PUERTO GAITAN',	'2017-10-13 18:08:32',	'2017-10-13 13:08:32'),
('705',	'573',	50,	'META',	'PUERTO LOPEZ',	'2017-10-13 18:08:32',	'2017-10-13 13:08:32'),
('706',	'577',	50,	'META',	'PUERTO LLERAS',	'2017-10-13 18:08:32',	'2017-10-13 13:08:32'),
('707',	'590',	50,	'META',	'PUERTO RICO',	'2017-10-13 18:08:32',	'2017-10-13 13:08:32'),
('708',	'606',	50,	'META',	'RESTREPO',	'2017-10-13 18:08:32',	'2017-10-13 13:08:32'),
('709',	'680',	50,	'META',	'SAN CARLOS DE GUAROA',	'2017-10-13 18:08:32',	'2017-10-13 13:08:32'),
('71',	'475',	5,	'ANTIOQUIA',	'MURINDO',	'2017-10-13 18:08:32',	'2017-10-13 13:08:32'),
('710',	'683',	50,	'META',	'SAN JUAN DE ARAMA',	'2017-10-13 18:08:32',	'2017-10-13 13:08:32'),
('711',	'686',	50,	'META',	'SAN JUANITO',	'2017-10-13 18:08:32',	'2017-10-13 13:08:32'),
('712',	'689',	50,	'META',	'SAN MARTIN',	'2017-10-13 18:08:32',	'2017-10-13 13:08:32'),
('713',	'711',	50,	'META',	'VISTAHERMOSA',	'2017-10-13 18:08:32',	'2017-10-13 13:08:32'),
('714',	'001',	52,	'NARI?O',	'PASTO',	'2017-10-13 18:08:32',	'2017-10-13 13:08:32'),
('715',	'019',	52,	'NARI?O',	'ALBAN',	'2017-10-13 18:08:32',	'2017-10-13 13:08:32'),
('716',	'022',	52,	'NARI?O',	'ALDANA',	'2017-10-13 18:08:32',	'2017-10-13 13:08:32'),
('717',	'036',	52,	'NARI?O',	'ANCUYA',	'2017-10-13 18:08:32',	'2017-10-13 13:08:32'),
('718',	'051',	52,	'NARI?O',	'ARBOLEDA',	'2017-10-13 18:08:32',	'2017-10-13 13:08:32'),
('719',	'079',	52,	'NARI?O',	'BARBACOAS',	'2017-10-13 18:08:32',	'2017-10-13 13:08:32'),
('72',	'480',	5,	'ANTIOQUIA',	'MUTATA',	'2017-10-13 18:08:32',	'2017-10-13 13:08:32'),
('720',	'083',	52,	'NARI?O',	'BELEN',	'2017-10-13 18:08:32',	'2017-10-13 13:08:32'),
('721',	'110',	52,	'NARI?O',	'BUESACO',	'2017-10-13 18:08:32',	'2017-10-13 13:08:32'),
('722',	'203',	52,	'NARI?O',	'COLON',	'2017-10-13 18:08:32',	'2017-10-13 13:08:32'),
('723',	'207',	52,	'NARI?O',	'CONSACA',	'2017-10-13 18:08:32',	'2017-10-13 13:08:32'),
('724',	'210',	52,	'NARI?O',	'CONTADERO',	'2017-10-13 18:08:32',	'2017-10-13 13:08:32'),
('725',	'215',	52,	'NARI?O',	'CORDOBA',	'2017-10-13 18:08:32',	'2017-10-13 13:08:32'),
('726',	'224',	52,	'NARI?O',	'CUASPUD',	'2017-10-13 18:08:32',	'2017-10-13 13:08:32'),
('727',	'227',	52,	'NARI?O',	'CUMBAL',	'2017-10-13 18:08:32',	'2017-10-13 13:08:32'),
('728',	'233',	52,	'NARI?O',	'CUMBITARA',	'2017-10-13 18:08:32',	'2017-10-13 13:08:32'),
('729',	'240',	52,	'NARI?O',	'CHACHAGsI',	'2017-10-13 18:08:32',	'2017-10-13 13:08:32'),
('73',	'483',	5,	'ANTIOQUIA',	'NARI?O',	'2017-10-13 18:08:32',	'2017-10-13 13:08:32'),
('730',	'250',	52,	'NARI?O',	'EL CHARCO',	'2017-10-13 18:08:32',	'2017-10-13 13:08:32'),
('731',	'254',	52,	'NARI?O',	'EL PE?OL',	'2017-10-13 18:08:32',	'2017-10-13 13:08:32'),
('732',	'256',	52,	'NARI?O',	'EL ROSARIO',	'2017-10-13 18:08:32',	'2017-10-13 13:08:32'),
('733',	'258',	52,	'NARI?O',	'EL TABLON DE GOMEZ',	'2017-10-13 18:08:32',	'2017-10-13 13:08:32'),
('734',	'260',	52,	'NARI?O',	'EL TAMBO',	'2017-10-13 18:08:32',	'2017-10-13 13:08:32'),
('735',	'287',	52,	'NARI?O',	'FUNES',	'2017-10-13 18:08:32',	'2017-10-13 13:08:32'),
('736',	'317',	52,	'NARI?O',	'GUACHUCAL',	'2017-10-13 18:08:32',	'2017-10-13 13:08:32'),
('737',	'320',	52,	'NARI?O',	'GUAITARILLA',	'2017-10-13 18:08:32',	'2017-10-13 13:08:32'),
('738',	'323',	52,	'NARI?O',	'GUALMATAN',	'2017-10-13 18:08:32',	'2017-10-13 13:08:32'),
('739',	'352',	52,	'NARI?O',	'ILES',	'2017-10-13 18:08:32',	'2017-10-13 13:08:32'),
('74',	'490',	5,	'ANTIOQUIA',	'NECOCLI',	'2017-10-13 18:08:32',	'2017-10-13 13:08:32'),
('740',	'354',	52,	'NARI?O',	'IMUES',	'2017-10-13 18:08:32',	'2017-10-13 13:08:32'),
('741',	'356',	52,	'NARI?O',	'IPIALES',	'2017-10-13 18:08:32',	'2017-10-13 13:08:32'),
('742',	'378',	52,	'NARI?O',	'LA CRUZ',	'2017-10-13 18:08:32',	'2017-10-13 13:08:32'),
('743',	'381',	52,	'NARI?O',	'LA FLORIDA',	'2017-10-13 18:08:32',	'2017-10-13 13:08:32'),
('744',	'385',	52,	'NARI?O',	'LA LLANADA',	'2017-10-13 18:08:32',	'2017-10-13 13:08:32'),
('745',	'390',	52,	'NARI?O',	'LA TOLA',	'2017-10-13 18:08:32',	'2017-10-13 13:08:32'),
('746',	'399',	52,	'NARI?O',	'LA UNION',	'2017-10-13 18:08:32',	'2017-10-13 13:08:32'),
('747',	'405',	52,	'NARI?O',	'LEIVA',	'2017-10-13 18:08:32',	'2017-10-13 13:08:32'),
('748',	'411',	52,	'NARI?O',	'LINARES',	'2017-10-13 18:08:32',	'2017-10-13 13:08:32'),
('749',	'418',	52,	'NARI?O',	'LOS ANDES',	'2017-10-13 18:08:32',	'2017-10-13 13:08:32'),
('75',	'495',	5,	'ANTIOQUIA',	'NECHI',	'2017-10-13 18:08:32',	'2017-10-13 13:08:32'),
('750',	'427',	52,	'NARI?O',	'MAGsI',	'2017-10-13 18:08:32',	'2017-10-13 13:08:32'),
('751',	'435',	52,	'NARI?O',	'MALLAMA',	'2017-10-13 18:08:32',	'2017-10-13 13:08:32'),
('752',	'473',	52,	'NARI?O',	'MOSQUERA',	'2017-10-13 18:08:32',	'2017-10-13 13:08:32'),
('753',	'480',	52,	'NARI?O',	'NARI?O',	'2017-10-13 18:08:32',	'2017-10-13 13:08:32'),
('754',	'490',	52,	'NARI?O',	'OLAYA HERRERA',	'2017-10-13 18:08:32',	'2017-10-13 13:08:32'),
('755',	'506',	52,	'NARI?O',	'OSPINA',	'2017-10-13 18:08:32',	'2017-10-13 13:08:32'),
('756',	'520',	52,	'NARI?O',	'FRANCISCO PIZARRO',	'2017-10-13 18:08:32',	'2017-10-13 13:08:32'),
('757',	'540',	52,	'NARI?O',	'POLICARPA',	'2017-10-13 18:08:32',	'2017-10-13 13:08:32'),
('758',	'560',	52,	'NARI?O',	'POTOSI',	'2017-10-13 18:08:32',	'2017-10-13 13:08:32'),
('759',	'565',	52,	'NARI?O',	'PROVIDENCIA',	'2017-10-13 18:08:32',	'2017-10-13 13:08:32'),
('76',	'501',	5,	'ANTIOQUIA',	'OLAYA',	'2017-10-13 18:08:32',	'2017-10-13 13:08:32'),
('760',	'573',	52,	'NARI?O',	'PUERRES',	'2017-10-13 18:08:32',	'2017-10-13 13:08:32'),
('761',	'585',	52,	'NARI?O',	'PUPIALES',	'2017-10-13 18:08:32',	'2017-10-13 13:08:32'),
('762',	'612',	52,	'NARI?O',	'RICAURTE',	'2017-10-13 18:08:32',	'2017-10-13 13:08:32'),
('763',	'621',	52,	'NARI?O',	'ROBERTO PAYAN',	'2017-10-13 18:08:32',	'2017-10-13 13:08:32'),
('764',	'678',	52,	'NARI?O',	'SAMANIEGO',	'2017-10-13 18:08:32',	'2017-10-13 13:08:32'),
('765',	'683',	52,	'NARI?O',	'SANDONA',	'2017-10-13 18:08:32',	'2017-10-13 13:08:32'),
('766',	'685',	52,	'NARI?O',	'SAN BERNARDO',	'2017-10-13 18:08:32',	'2017-10-13 13:08:32'),
('767',	'687',	52,	'NARI?O',	'SAN LORENZO',	'2017-10-13 18:08:32',	'2017-10-13 13:08:32'),
('768',	'693',	52,	'NARI?O',	'SAN PABLO',	'2017-10-13 18:08:32',	'2017-10-13 13:08:32'),
('769',	'694',	52,	'NARI?O',	'SAN PEDRO DE CARTAGO',	'2017-10-13 18:08:32',	'2017-10-13 13:08:32'),
('77',	'541',	5,	'ANTIOQUIA',	'PE?OL',	'2017-10-13 18:08:32',	'2017-10-13 13:08:32'),
('770',	'696',	52,	'NARI?O',	'SANTA BARBARA',	'2017-10-13 18:08:32',	'2017-10-13 13:08:32'),
('771',	'699',	52,	'NARI?O',	'SANTACRUZ',	'2017-10-13 18:08:32',	'2017-10-13 13:08:32'),
('772',	'720',	52,	'NARI?O',	'SAPUYES',	'2017-10-13 18:08:32',	'2017-10-13 13:08:32'),
('773',	'786',	52,	'NARI?O',	'TAMINANGO',	'2017-10-13 18:08:32',	'2017-10-13 13:08:32'),
('774',	'788',	52,	'NARI?O',	'TANGUA',	'2017-10-13 18:08:32',	'2017-10-13 13:08:32'),
('775',	'835',	52,	'NARI?O',	'SAN ANDRES DE TUMACO',	'2017-10-13 18:08:32',	'2017-10-13 13:08:32'),
('776',	'838',	52,	'NARI?O',	'TUQUERRES',	'2017-10-13 18:08:32',	'2017-10-13 13:08:32'),
('777',	'885',	52,	'NARI?O',	'YACUANQUER',	'2017-10-13 18:08:32',	'2017-10-13 13:08:32'),
('778',	'001',	54,	'N. DE SANTANDER',	'CUCUTA',	'2017-10-13 18:08:32',	'2017-10-13 13:08:32'),
('779',	'003',	54,	'N. DE SANTANDER',	'ABREGO',	'2017-10-13 18:08:32',	'2017-10-13 13:08:32'),
('78',	'543',	5,	'ANTIOQUIA',	'PEQUE',	'2017-10-13 18:08:32',	'2017-10-13 13:08:32'),
('780',	'051',	54,	'N. DE SANTANDER',	'ARBOLEDAS',	'2017-10-13 18:08:32',	'2017-10-13 13:08:32'),
('781',	'099',	54,	'N. DE SANTANDER',	'BOCHALEMA',	'2017-10-13 18:08:32',	'2017-10-13 13:08:32'),
('782',	'109',	54,	'N. DE SANTANDER',	'BUCARASICA',	'2017-10-13 18:08:32',	'2017-10-13 13:08:32'),
('783',	'125',	54,	'N. DE SANTANDER',	'CACOTA',	'2017-10-13 18:08:32',	'2017-10-13 13:08:32'),
('784',	'128',	54,	'N. DE SANTANDER',	'CACHIRA',	'2017-10-13 18:08:32',	'2017-10-13 13:08:32'),
('785',	'172',	54,	'N. DE SANTANDER',	'CHINACOTA',	'2017-10-13 18:08:32',	'2017-10-13 13:08:32'),
('786',	'174',	54,	'N. DE SANTANDER',	'CHITAGA',	'2017-10-13 18:08:32',	'2017-10-13 13:08:32'),
('787',	'206',	54,	'N. DE SANTANDER',	'CONVENCION',	'2017-10-13 18:08:32',	'2017-10-13 13:08:32'),
('788',	'223',	54,	'N. DE SANTANDER',	'CUCUTILLA',	'2017-10-13 18:08:32',	'2017-10-13 13:08:32'),
('789',	'239',	54,	'N. DE SANTANDER',	'DURANIA',	'2017-10-13 18:08:32',	'2017-10-13 13:08:32'),
('79',	'576',	5,	'ANTIOQUIA',	'PUEBLORRICO',	'2017-10-13 18:08:32',	'2017-10-13 13:08:32'),
('790',	'245',	54,	'N. DE SANTANDER',	'EL CARMEN',	'2017-10-13 18:08:32',	'2017-10-13 13:08:32'),
('791',	'250',	54,	'N. DE SANTANDER',	'EL TARRA',	'2017-10-13 18:08:32',	'2017-10-13 13:08:32'),
('792',	'261',	54,	'N. DE SANTANDER',	'EL ZULIA',	'2017-10-13 18:08:32',	'2017-10-13 13:08:32'),
('793',	'313',	54,	'N. DE SANTANDER',	'GRAMALOTE',	'2017-10-13 18:08:32',	'2017-10-13 13:08:32'),
('794',	'344',	54,	'N. DE SANTANDER',	'HACARI',	'2017-10-13 18:08:32',	'2017-10-13 13:08:32'),
('795',	'347',	54,	'N. DE SANTANDER',	'HERRAN',	'2017-10-13 18:08:32',	'2017-10-13 13:08:32'),
('796',	'377',	54,	'N. DE SANTANDER',	'LABATECA',	'2017-10-13 18:08:32',	'2017-10-13 13:08:32'),
('797',	'385',	54,	'N. DE SANTANDER',	'LA ESPERANZA',	'2017-10-13 18:08:32',	'2017-10-13 13:08:32'),
('798',	'398',	54,	'N. DE SANTANDER',	'LA PLAYA',	'2017-10-13 18:08:32',	'2017-10-13 13:08:32'),
('799',	'405',	54,	'N. DE SANTANDER',	'LOS PATIOS',	'2017-10-13 18:08:32',	'2017-10-13 13:08:32'),
('8',	'036',	5,	'ANTIOQUIA',	'ANGELOPOLIS',	'2017-10-13 18:08:32',	'2017-10-13 13:08:32'),
('80',	'579',	5,	'ANTIOQUIA',	'PUERTO BERRIO',	'2017-10-13 18:08:32',	'2017-10-13 13:08:32'),
('800',	'418',	54,	'N. DE SANTANDER',	'LOURDES',	'2017-10-13 18:08:32',	'2017-10-13 13:08:32'),
('801',	'480',	54,	'N. DE SANTANDER',	'MUTISCUA',	'2017-10-13 18:08:32',	'2017-10-13 13:08:32'),
('802',	'498',	54,	'N. DE SANTANDER',	'OCA?A',	'2017-10-13 18:08:32',	'2017-10-13 13:08:32'),
('803',	'518',	54,	'N. DE SANTANDER',	'PAMPLONA',	'2017-10-13 18:08:32',	'2017-10-13 13:08:32'),
('804',	'520',	54,	'N. DE SANTANDER',	'PAMPLONITA',	'2017-10-13 18:08:32',	'2017-10-13 13:08:32'),
('805',	'553',	54,	'N. DE SANTANDER',	'PUERTO SANTANDER',	'2017-10-13 18:08:32',	'2017-10-13 13:08:32'),
('806',	'599',	54,	'N. DE SANTANDER',	'RAGONVALIA',	'2017-10-13 18:08:32',	'2017-10-13 13:08:32'),
('807',	'660',	54,	'N. DE SANTANDER',	'SALAZAR',	'2017-10-13 18:08:32',	'2017-10-13 13:08:32'),
('808',	'670',	54,	'N. DE SANTANDER',	'SAN CALIXTO',	'2017-10-13 18:08:32',	'2017-10-13 13:08:32'),
('809',	'673',	54,	'N. DE SANTANDER',	'SAN CAYETANO',	'2017-10-13 18:08:32',	'2017-10-13 13:08:32'),
('81',	'585',	5,	'ANTIOQUIA',	'PUERTO NARE',	'2017-10-13 18:08:32',	'2017-10-13 13:08:32'),
('810',	'680',	54,	'N. DE SANTANDER',	'SANTIAGO',	'2017-10-13 18:08:32',	'2017-10-13 13:08:32'),
('811',	'720',	54,	'N. DE SANTANDER',	'SARDINATA',	'2017-10-13 18:08:32',	'2017-10-13 13:08:32'),
('812',	'743',	54,	'N. DE SANTANDER',	'SILOS',	'2017-10-13 18:08:32',	'2017-10-13 13:08:32'),
('813',	'800',	54,	'N. DE SANTANDER',	'TEORAMA',	'2017-10-13 18:08:32',	'2017-10-13 13:08:32'),
('814',	'810',	54,	'N. DE SANTANDER',	'TIBU',	'2017-10-13 18:08:32',	'2017-10-13 13:08:32'),
('815',	'820',	54,	'N. DE SANTANDER',	'TOLEDO',	'2017-10-13 18:08:32',	'2017-10-13 13:08:32'),
('816',	'871',	54,	'N. DE SANTANDER',	'VILLA CARO',	'2017-10-13 18:08:32',	'2017-10-13 13:08:32'),
('817',	'874',	54,	'N. DE SANTANDER',	'VILLA DEL ROSARIO',	'2017-10-13 18:08:32',	'2017-10-13 13:08:32'),
('818',	'001',	63,	'QUINDIO',	'ARMENIA',	'2017-10-13 18:08:32',	'2017-10-13 13:08:32'),
('819',	'111',	63,	'QUINDIO',	'BUENAVISTA',	'2017-10-13 18:08:32',	'2017-10-13 13:08:32'),
('82',	'591',	5,	'ANTIOQUIA',	'PUERTO TRIUNFO',	'2017-10-13 18:08:32',	'2017-10-13 13:08:32'),
('820',	'130',	63,	'QUINDIO',	'CALARCA',	'2017-10-13 18:08:32',	'2017-10-13 13:08:32'),
('821',	'190',	63,	'QUINDIO',	'CIRCASIA',	'2017-10-13 18:08:32',	'2017-10-13 13:08:32'),
('822',	'212',	63,	'QUINDIO',	'CORDOBA',	'2017-10-13 18:08:32',	'2017-10-13 13:08:32'),
('823',	'272',	63,	'QUINDIO',	'FILANDIA',	'2017-10-13 18:08:32',	'2017-10-13 13:08:32'),
('824',	'302',	63,	'QUINDIO',	'GENOVA',	'2017-10-13 18:08:32',	'2017-10-13 13:08:32'),
('825',	'401',	63,	'QUINDIO',	'LA TEBAIDA',	'2017-10-13 18:08:32',	'2017-10-13 13:08:32'),
('826',	'470',	63,	'QUINDIO',	'MONTENEGRO',	'2017-10-13 18:08:32',	'2017-10-13 13:08:32'),
('827',	'548',	63,	'QUINDIO',	'PIJAO',	'2017-10-13 18:08:32',	'2017-10-13 13:08:32'),
('828',	'594',	63,	'QUINDIO',	'QUIMBAYA',	'2017-10-13 18:08:32',	'2017-10-13 13:08:32'),
('829',	'690',	63,	'QUINDIO',	'SALENTO',	'2017-10-13 18:08:32',	'2017-10-13 13:08:32'),
('83',	'604',	5,	'ANTIOQUIA',	'REMEDIOS',	'2017-10-13 18:08:32',	'2017-10-13 13:08:32'),
('830',	'001',	66,	'RISARALDA',	'PEREIRA',	'2017-10-13 18:08:32',	'2017-10-13 13:08:32'),
('831',	'045',	66,	'RISARALDA',	'APIA',	'2017-10-13 18:08:32',	'2017-10-13 13:08:32'),
('832',	'075',	66,	'RISARALDA',	'BALBOA',	'2017-10-13 18:08:32',	'2017-10-13 13:08:32'),
('833',	'088',	66,	'RISARALDA',	'BELEN DE UMBRIA',	'2017-10-13 18:08:32',	'2017-10-13 13:08:32'),
('834',	'170',	66,	'RISARALDA',	'DOSQUEBRADAS',	'2017-10-13 18:08:32',	'2017-10-13 13:08:32'),
('835',	'318',	66,	'RISARALDA',	'GUATICA',	'2017-10-13 18:08:32',	'2017-10-13 13:08:32'),
('836',	'383',	66,	'RISARALDA',	'LA CELIA',	'2017-10-13 18:08:32',	'2017-10-13 13:08:32'),
('837',	'400',	66,	'RISARALDA',	'LA VIRGINIA',	'2017-10-13 18:08:32',	'2017-10-13 13:08:32'),
('838',	'440',	66,	'RISARALDA',	'MARSELLA',	'2017-10-13 18:08:32',	'2017-10-13 13:08:32'),
('839',	'456',	66,	'RISARALDA',	'MISTRATO',	'2017-10-13 18:08:32',	'2017-10-13 13:08:32'),
('84',	'607',	5,	'ANTIOQUIA',	'RETIRO',	'2017-10-13 18:08:32',	'2017-10-13 13:08:32'),
('840',	'572',	66,	'RISARALDA',	'PUEBLO RICO',	'2017-10-13 18:08:32',	'2017-10-13 13:08:32'),
('841',	'594',	66,	'RISARALDA',	'QUINCHIA',	'2017-10-13 18:08:32',	'2017-10-13 13:08:32'),
('842',	'682',	66,	'RISARALDA',	'SANTA ROSA DE CABAL',	'2017-10-13 18:08:32',	'2017-10-13 13:08:32'),
('843',	'687',	66,	'RISARALDA',	'SANTUARIO',	'2017-10-13 18:08:32',	'2017-10-13 13:08:32'),
('844',	'001',	68,	'SANTANDER',	'BUCARAMANGA',	'2017-10-13 18:08:32',	'2017-10-13 13:08:32'),
('845',	'013',	68,	'SANTANDER',	'AGUADA',	'2017-10-13 18:08:32',	'2017-10-13 13:08:32'),
('846',	'020',	68,	'SANTANDER',	'ALBANIA',	'2017-10-13 18:08:32',	'2017-10-13 13:08:32'),
('847',	'051',	68,	'SANTANDER',	'ARATOCA',	'2017-10-13 18:08:32',	'2017-10-13 13:08:32'),
('848',	'077',	68,	'SANTANDER',	'BARBOSA',	'2017-10-13 18:08:32',	'2017-10-13 13:08:32'),
('849',	'079',	68,	'SANTANDER',	'BARICHARA',	'2017-10-13 18:08:32',	'2017-10-13 13:08:32'),
('85',	'615',	5,	'ANTIOQUIA',	'RIONEGRO',	'2017-10-13 18:08:32',	'2017-10-13 13:08:32'),
('850',	'081',	68,	'SANTANDER',	'BARRANCABERMEJA',	'2017-10-13 18:08:32',	'2017-10-13 13:08:32'),
('851',	'092',	68,	'SANTANDER',	'BETULIA',	'2017-10-13 18:08:32',	'2017-10-13 13:08:32'),
('852',	'101',	68,	'SANTANDER',	'BOLIVAR',	'2017-10-13 18:08:32',	'2017-10-13 13:08:32'),
('853',	'121',	68,	'SANTANDER',	'CABRERA',	'2017-10-13 18:08:32',	'2017-10-13 13:08:32'),
('854',	'132',	68,	'SANTANDER',	'CALIFORNIA',	'2017-10-13 18:08:32',	'2017-10-13 13:08:32'),
('855',	'147',	68,	'SANTANDER',	'CAPITANEJO',	'2017-10-13 18:08:32',	'2017-10-13 13:08:32'),
('856',	'152',	68,	'SANTANDER',	'CARCASI',	'2017-10-13 18:08:32',	'2017-10-13 13:08:32'),
('857',	'160',	68,	'SANTANDER',	'CEPITA',	'2017-10-13 18:08:32',	'2017-10-13 13:08:32'),
('858',	'162',	68,	'SANTANDER',	'CERRITO',	'2017-10-13 18:08:32',	'2017-10-13 13:08:32'),
('859',	'167',	68,	'SANTANDER',	'CHARALA',	'2017-10-13 18:08:32',	'2017-10-13 13:08:32'),
('86',	'628',	5,	'ANTIOQUIA',	'SABANALARGA',	'2017-10-13 18:08:32',	'2017-10-13 13:08:32'),
('860',	'169',	68,	'SANTANDER',	'CHARTA',	'2017-10-13 18:08:32',	'2017-10-13 13:08:32'),
('861',	'176',	68,	'SANTANDER',	'CHIMA',	'2017-10-13 18:08:32',	'2017-10-13 13:08:32'),
('862',	'179',	68,	'SANTANDER',	'CHIPATA',	'2017-10-13 18:08:32',	'2017-10-13 13:08:32'),
('863',	'190',	68,	'SANTANDER',	'CIMITARRA',	'2017-10-13 18:08:32',	'2017-10-13 13:08:32'),
('864',	'207',	68,	'SANTANDER',	'CONCEPCION',	'2017-10-13 18:08:32',	'2017-10-13 13:08:32'),
('865',	'209',	68,	'SANTANDER',	'CONFINES',	'2017-10-13 18:08:32',	'2017-10-13 13:08:32'),
('866',	'211',	68,	'SANTANDER',	'CONTRATACION',	'2017-10-13 18:08:32',	'2017-10-13 13:08:32'),
('867',	'217',	68,	'SANTANDER',	'COROMORO',	'2017-10-13 18:08:32',	'2017-10-13 13:08:32'),
('868',	'229',	68,	'SANTANDER',	'CURITI',	'2017-10-13 18:08:32',	'2017-10-13 13:08:32'),
('869',	'235',	68,	'SANTANDER',	'EL CARMEN DE CHUCURI',	'2017-10-13 18:08:32',	'2017-10-13 13:08:32'),
('87',	'631',	5,	'ANTIOQUIA',	'SABANETA',	'2017-10-13 18:08:32',	'2017-10-13 13:08:32'),
('870',	'245',	68,	'SANTANDER',	'EL GUACAMAYO',	'2017-10-13 18:08:32',	'2017-10-13 13:08:32'),
('871',	'250',	68,	'SANTANDER',	'EL PE?ON',	'2017-10-13 18:08:32',	'2017-10-13 13:08:32'),
('872',	'255',	68,	'SANTANDER',	'EL PLAYON',	'2017-10-13 18:08:32',	'2017-10-13 13:08:32'),
('873',	'264',	68,	'SANTANDER',	'ENCINO',	'2017-10-13 18:08:32',	'2017-10-13 13:08:32'),
('874',	'266',	68,	'SANTANDER',	'ENCISO',	'2017-10-13 18:08:32',	'2017-10-13 13:08:32'),
('875',	'271',	68,	'SANTANDER',	'FLORIAN',	'2017-10-13 18:08:32',	'2017-10-13 13:08:32'),
('876',	'276',	68,	'SANTANDER',	'FLORIDABLANCA',	'2017-10-13 18:08:32',	'2017-10-13 13:08:32'),
('877',	'296',	68,	'SANTANDER',	'GALAN',	'2017-10-13 18:08:32',	'2017-10-13 13:08:32'),
('878',	'298',	68,	'SANTANDER',	'GAMBITA',	'2017-10-13 18:08:32',	'2017-10-13 13:08:32'),
('879',	'307',	68,	'SANTANDER',	'GIRON',	'2017-10-13 18:08:32',	'2017-10-13 13:08:32'),
('88',	'642',	5,	'ANTIOQUIA',	'SALGAR',	'2017-10-13 18:08:32',	'2017-10-13 13:08:32'),
('880',	'318',	68,	'SANTANDER',	'GUACA',	'2017-10-13 18:08:32',	'2017-10-13 13:08:32'),
('881',	'320',	68,	'SANTANDER',	'GUADALUPE',	'2017-10-13 18:08:32',	'2017-10-13 13:08:32'),
('882',	'322',	68,	'SANTANDER',	'GUAPOTA',	'2017-10-13 18:08:32',	'2017-10-13 13:08:32'),
('883',	'324',	68,	'SANTANDER',	'GUAVATA',	'2017-10-13 18:08:32',	'2017-10-13 13:08:32'),
('884',	'327',	68,	'SANTANDER',	'GsEPSA',	'2017-10-13 18:08:32',	'2017-10-13 13:08:32'),
('885',	'344',	68,	'SANTANDER',	'HATO',	'2017-10-13 18:08:32',	'2017-10-13 13:08:32'),
('886',	'368',	68,	'SANTANDER',	'JESUS MARIA',	'2017-10-13 18:08:32',	'2017-10-13 13:08:32'),
('887',	'370',	68,	'SANTANDER',	'JORDAN',	'2017-10-13 18:08:32',	'2017-10-13 13:08:32'),
('888',	'377',	68,	'SANTANDER',	'LA BELLEZA',	'2017-10-13 18:08:32',	'2017-10-13 13:08:32'),
('889',	'385',	68,	'SANTANDER',	'LANDAZURI',	'2017-10-13 18:08:32',	'2017-10-13 13:08:32'),
('89',	'647',	5,	'ANTIOQUIA',	'SAN ANDRES DE CUERQUIA',	'2017-10-13 18:08:32',	'2017-10-13 13:08:32'),
('890',	'397',	68,	'SANTANDER',	'LA PAZ',	'2017-10-13 18:08:32',	'2017-10-13 13:08:32'),
('891',	'406',	68,	'SANTANDER',	'LEBRIJA',	'2017-10-13 18:08:32',	'2017-10-13 13:08:32'),
('892',	'418',	68,	'SANTANDER',	'LOS SANTOS',	'2017-10-13 18:08:32',	'2017-10-13 13:08:32'),
('893',	'425',	68,	'SANTANDER',	'MACARAVITA',	'2017-10-13 18:08:32',	'2017-10-13 13:08:32'),
('894',	'432',	68,	'SANTANDER',	'MALAGA',	'2017-10-13 18:08:32',	'2017-10-13 13:08:32'),
('895',	'444',	68,	'SANTANDER',	'MATANZA',	'2017-10-13 18:08:32',	'2017-10-13 13:08:32'),
('896',	'464',	68,	'SANTANDER',	'MOGOTES',	'2017-10-13 18:08:32',	'2017-10-13 13:08:32'),
('897',	'468',	68,	'SANTANDER',	'MOLAGAVITA',	'2017-10-13 18:08:32',	'2017-10-13 13:08:32'),
('898',	'498',	68,	'SANTANDER',	'OCAMONTE',	'2017-10-13 18:08:32',	'2017-10-13 13:08:32'),
('899',	'500',	68,	'SANTANDER',	'OIBA',	'2017-10-13 18:08:32',	'2017-10-13 13:08:32'),
('9',	'038',	5,	'ANTIOQUIA',	'ANGOSTURA',	'2017-10-13 18:08:32',	'2017-10-13 13:08:32'),
('90',	'649',	5,	'ANTIOQUIA',	'SAN CARLOS',	'2017-10-13 18:08:32',	'2017-10-13 13:08:32'),
('900',	'502',	68,	'SANTANDER',	'ONZAGA',	'2017-10-13 18:08:32',	'2017-10-13 13:08:32'),
('901',	'522',	68,	'SANTANDER',	'PALMAR',	'2017-10-13 18:08:32',	'2017-10-13 13:08:32'),
('902',	'524',	68,	'SANTANDER',	'PALMAS DEL SOCORRO',	'2017-10-13 18:08:32',	'2017-10-13 13:08:32'),
('903',	'533',	68,	'SANTANDER',	'PARAMO',	'2017-10-13 18:08:32',	'2017-10-13 13:08:32'),
('904',	'547',	68,	'SANTANDER',	'PIEDECUESTA',	'2017-10-13 18:08:32',	'2017-10-13 13:08:32'),
('905',	'549',	68,	'SANTANDER',	'PINCHOTE',	'2017-10-13 18:08:32',	'2017-10-13 13:08:32'),
('906',	'572',	68,	'SANTANDER',	'PUENTE NACIONAL',	'2017-10-13 18:08:32',	'2017-10-13 13:08:32'),
('907',	'573',	68,	'SANTANDER',	'PUERTO PARRA',	'2017-10-13 18:08:32',	'2017-10-13 13:08:32'),
('908',	'575',	68,	'SANTANDER',	'PUERTO WILCHES',	'2017-10-13 18:08:32',	'2017-10-13 13:08:32'),
('909',	'615',	68,	'SANTANDER',	'RIONEGRO',	'2017-10-13 18:08:32',	'2017-10-13 13:08:32'),
('91',	'652',	5,	'ANTIOQUIA',	'SAN FRANCISCO',	'2017-10-13 18:08:32',	'2017-10-13 13:08:32'),
('910',	'655',	68,	'SANTANDER',	'SABANA DE TORRES',	'2017-10-13 18:08:32',	'2017-10-13 13:08:32'),
('911',	'669',	68,	'SANTANDER',	'SAN ANDRES',	'2017-10-13 18:08:32',	'2017-10-13 13:08:32'),
('912',	'673',	68,	'SANTANDER',	'SAN BENITO',	'2017-10-13 18:08:32',	'2017-10-13 13:08:32'),
('913',	'679',	68,	'SANTANDER',	'SAN GIL',	'2017-10-13 18:08:32',	'2017-10-13 13:08:32'),
('914',	'682',	68,	'SANTANDER',	'SAN JOAQUIN',	'2017-10-13 18:08:32',	'2017-10-13 13:08:32'),
('915',	'684',	68,	'SANTANDER',	'SAN JOSE DE MIRANDA',	'2017-10-13 18:08:32',	'2017-10-13 13:08:32'),
('916',	'686',	68,	'SANTANDER',	'SAN MIGUEL',	'2017-10-13 18:08:32',	'2017-10-13 13:08:32'),
('917',	'689',	68,	'SANTANDER',	'SAN VICENTE DE CHUCURI',	'2017-10-13 18:08:32',	'2017-10-13 13:08:32'),
('918',	'705',	68,	'SANTANDER',	'SANTA BARBARA',	'2017-10-13 18:08:32',	'2017-10-13 13:08:32'),
('919',	'720',	68,	'SANTANDER',	'SANTA HELENA DEL OPON',	'2017-10-13 18:08:32',	'2017-10-13 13:08:32'),
('92',	'656',	5,	'ANTIOQUIA',	'SAN JERONIMO',	'2017-10-13 18:08:32',	'2017-10-13 13:08:32'),
('920',	'745',	68,	'SANTANDER',	'SIMACOTA',	'2017-10-13 18:08:32',	'2017-10-13 13:08:32'),
('921',	'755',	68,	'SANTANDER',	'SOCORRO',	'2017-10-13 18:08:32',	'2017-10-13 13:08:32'),
('922',	'770',	68,	'SANTANDER',	'SUAITA',	'2017-10-13 18:08:32',	'2017-10-13 13:08:32'),
('923',	'773',	68,	'SANTANDER',	'SUCRE',	'2017-10-13 18:08:32',	'2017-10-13 13:08:32'),
('924',	'780',	68,	'SANTANDER',	'SURATA',	'2017-10-13 18:08:32',	'2017-10-13 13:08:32'),
('925',	'820',	68,	'SANTANDER',	'TONA',	'2017-10-13 18:08:32',	'2017-10-13 13:08:32'),
('926',	'855',	68,	'SANTANDER',	'VALLE DE SAN JOSE',	'2017-10-13 18:08:32',	'2017-10-13 13:08:32'),
('927',	'861',	68,	'SANTANDER',	'VELEZ',	'2017-10-13 18:08:32',	'2017-10-13 13:08:32'),
('928',	'867',	68,	'SANTANDER',	'VETAS',	'2017-10-13 18:08:32',	'2017-10-13 13:08:32'),
('929',	'872',	68,	'SANTANDER',	'VILLANUEVA',	'2017-10-13 18:08:32',	'2017-10-13 13:08:32'),
('93',	'658',	5,	'ANTIOQUIA',	'SAN JOSE DE LA MONTA?A',	'2017-10-13 18:08:32',	'2017-10-13 13:08:32'),
('930',	'895',	68,	'SANTANDER',	'ZAPATOCA',	'2017-10-13 18:08:32',	'2017-10-13 13:08:32'),
('931',	'001',	70,	'SUCRE',	'SINCELEJO',	'2017-10-13 18:08:32',	'2017-10-13 13:08:32'),
('932',	'110',	70,	'SUCRE',	'BUENAVISTA',	'2017-10-13 18:08:32',	'2017-10-13 13:08:32'),
('933',	'124',	70,	'SUCRE',	'CAIMITO',	'2017-10-13 18:08:32',	'2017-10-13 13:08:32'),
('934',	'204',	70,	'SUCRE',	'COLOSO',	'2017-10-13 18:08:32',	'2017-10-13 13:08:32'),
('935',	'215',	70,	'SUCRE',	'COROZAL',	'2017-10-13 18:08:32',	'2017-10-13 13:08:32'),
('936',	'221',	70,	'SUCRE',	'COVE?AS',	'2017-10-13 18:08:32',	'2017-10-13 13:08:32'),
('937',	'230',	70,	'SUCRE',	'CHALAN',	'2017-10-13 18:08:32',	'2017-10-13 13:08:32'),
('938',	'233',	70,	'SUCRE',	'EL ROBLE',	'2017-10-13 18:08:32',	'2017-10-13 13:08:32'),
('939',	'235',	70,	'SUCRE',	'GALERAS',	'2017-10-13 18:08:32',	'2017-10-13 13:08:32'),
('94',	'659',	5,	'ANTIOQUIA',	'SAN JUAN DE URABA',	'2017-10-13 18:08:32',	'2017-10-13 13:08:32'),
('940',	'265',	70,	'SUCRE',	'GUARANDA',	'2017-10-13 18:08:32',	'2017-10-13 13:08:32'),
('941',	'400',	70,	'SUCRE',	'LA UNION',	'2017-10-13 18:08:32',	'2017-10-13 13:08:32'),
('942',	'418',	70,	'SUCRE',	'LOS PALMITOS',	'2017-10-13 18:08:32',	'2017-10-13 13:08:32'),
('943',	'429',	70,	'SUCRE',	'MAJAGUAL',	'2017-10-13 18:08:32',	'2017-10-13 13:08:32'),
('944',	'473',	70,	'SUCRE',	'MORROA',	'2017-10-13 18:08:32',	'2017-10-13 13:08:32'),
('945',	'508',	70,	'SUCRE',	'OVEJAS',	'2017-10-13 18:08:32',	'2017-10-13 13:08:32'),
('946',	'523',	70,	'SUCRE',	'PALMITO',	'2017-10-13 18:08:32',	'2017-10-13 13:08:32'),
('947',	'670',	70,	'SUCRE',	'SAMPUES',	'2017-10-13 18:08:32',	'2017-10-13 13:08:32'),
('948',	'678',	70,	'SUCRE',	'SAN BENITO ABAD',	'2017-10-13 18:08:32',	'2017-10-13 13:08:32'),
('949',	'702',	70,	'SUCRE',	'SAN JUAN DE BETULIA',	'2017-10-13 18:08:32',	'2017-10-13 13:08:32'),
('95',	'660',	5,	'ANTIOQUIA',	'SAN LUIS',	'2017-10-13 18:08:32',	'2017-10-13 13:08:32'),
('950',	'708',	70,	'SUCRE',	'SAN MARCOS',	'2017-10-13 18:08:32',	'2017-10-13 13:08:32'),
('951',	'713',	70,	'SUCRE',	'SAN ONOFRE',	'2017-10-13 18:08:32',	'2017-10-13 13:08:32'),
('952',	'717',	70,	'SUCRE',	'SAN PEDRO',	'2017-10-13 18:08:32',	'2017-10-13 13:08:32'),
('953',	'742',	70,	'SUCRE',	'SAN LUIS DE SINCE',	'2017-10-13 18:08:32',	'2017-10-13 13:08:32'),
('954',	'771',	70,	'SUCRE',	'SUCRE',	'2017-10-13 18:08:32',	'2017-10-13 13:08:32'),
('955',	'820',	70,	'SUCRE',	'SANTIAGO DE TOLU',	'2017-10-13 18:08:32',	'2017-10-13 13:08:32'),
('956',	'823',	70,	'SUCRE',	'TOLU VIEJO',	'2017-10-13 18:08:32',	'2017-10-13 13:08:32'),
('957',	'001',	73,	'TOLIMA',	'IBAGUE',	'2017-10-13 18:08:32',	'2017-10-13 13:08:32'),
('958',	'024',	73,	'TOLIMA',	'ALPUJARRA',	'2017-10-13 18:08:32',	'2017-10-13 13:08:32'),
('959',	'026',	73,	'TOLIMA',	'ALVARADO',	'2017-10-13 18:08:32',	'2017-10-13 13:08:32'),
('96',	'664',	5,	'ANTIOQUIA',	'SAN PEDRO',	'2017-10-13 18:08:32',	'2017-10-13 13:08:32'),
('960',	'030',	73,	'TOLIMA',	'AMBALEMA',	'2017-10-13 18:08:32',	'2017-10-13 13:08:32'),
('961',	'043',	73,	'TOLIMA',	'ANZOATEGUI',	'2017-10-13 18:08:32',	'2017-10-13 13:08:32'),
('962',	'055',	73,	'TOLIMA',	'ARMERO',	'2017-10-13 18:08:32',	'2017-10-13 13:08:32'),
('963',	'067',	73,	'TOLIMA',	'ATACO',	'2017-10-13 18:08:32',	'2017-10-13 13:08:32'),
('964',	'124',	73,	'TOLIMA',	'CAJAMARCA',	'2017-10-13 18:08:32',	'2017-10-13 13:08:32'),
('965',	'148',	73,	'TOLIMA',	'CARMEN DE APICALA',	'2017-10-13 18:08:32',	'2017-10-13 13:08:32'),
('966',	'152',	73,	'TOLIMA',	'CASABIANCA',	'2017-10-13 18:08:32',	'2017-10-13 13:08:32'),
('967',	'168',	73,	'TOLIMA',	'CHAPARRAL',	'2017-10-13 18:08:32',	'2017-10-13 13:08:32'),
('968',	'200',	73,	'TOLIMA',	'COELLO',	'2017-10-13 18:08:32',	'2017-10-13 13:08:32'),
('969',	'217',	73,	'TOLIMA',	'COYAIMA',	'2017-10-13 18:08:32',	'2017-10-13 13:08:32'),
('97',	'665',	5,	'ANTIOQUIA',	'SAN PEDRO DE URABA',	'2017-10-13 18:08:32',	'2017-10-13 13:08:32'),
('970',	'226',	73,	'TOLIMA',	'CUNDAY',	'2017-10-13 18:08:32',	'2017-10-13 13:08:32'),
('971',	'236',	73,	'TOLIMA',	'DOLORES',	'2017-10-13 18:08:32',	'2017-10-13 13:08:32'),
('972',	'268',	73,	'TOLIMA',	'ESPINAL',	'2017-10-13 18:08:32',	'2017-10-13 13:08:32'),
('973',	'270',	73,	'TOLIMA',	'FALAN',	'2017-10-13 18:08:32',	'2017-10-13 13:08:32'),
('974',	'275',	73,	'TOLIMA',	'FLANDES',	'2017-10-13 18:08:32',	'2017-10-13 13:08:32'),
('975',	'283',	73,	'TOLIMA',	'FRESNO',	'2017-10-13 18:08:32',	'2017-10-13 13:08:32'),
('976',	'319',	73,	'TOLIMA',	'GUAMO',	'2017-10-13 18:08:32',	'2017-10-13 13:08:32'),
('977',	'347',	73,	'TOLIMA',	'HERVEO',	'2017-10-13 18:08:32',	'2017-10-13 13:08:32'),
('978',	'349',	73,	'TOLIMA',	'HONDA',	'2017-10-13 18:08:32',	'2017-10-13 13:08:32'),
('979',	'352',	73,	'TOLIMA',	'ICONONZO',	'2017-10-13 18:08:32',	'2017-10-13 13:08:32'),
('98',	'667',	5,	'ANTIOQUIA',	'SAN RAFAEL',	'2017-10-13 18:08:32',	'2017-10-13 13:08:32'),
('980',	'408',	73,	'TOLIMA',	'LERIDA',	'2017-10-13 18:08:32',	'2017-10-13 13:08:32'),
('981',	'411',	73,	'TOLIMA',	'LIBANO',	'2017-10-13 18:08:32',	'2017-10-13 13:08:32'),
('982',	'443',	73,	'TOLIMA',	'MARIQUITA',	'2017-10-13 18:08:32',	'2017-10-13 13:08:32'),
('983',	'449',	73,	'TOLIMA',	'MELGAR',	'2017-10-13 18:08:32',	'2017-10-13 13:08:32'),
('984',	'461',	73,	'TOLIMA',	'MURILLO',	'2017-10-13 18:08:32',	'2017-10-13 13:08:32'),
('985',	'483',	73,	'TOLIMA',	'NATAGAIMA',	'2017-10-13 18:08:32',	'2017-10-13 13:08:32'),
('986',	'504',	73,	'TOLIMA',	'ORTEGA',	'2017-10-13 18:08:32',	'2017-10-13 13:08:32'),
('987',	'520',	73,	'TOLIMA',	'PALOCABILDO',	'2017-10-13 18:08:32',	'2017-10-13 13:08:32'),
('988',	'547',	73,	'TOLIMA',	'PIEDRAS',	'2017-10-13 18:08:32',	'2017-10-13 13:08:32'),
('989',	'555',	73,	'TOLIMA',	'PLANADAS',	'2017-10-13 18:08:32',	'2017-10-13 13:08:32'),
('99',	'670',	5,	'ANTIOQUIA',	'SAN ROQUE',	'2017-10-13 18:08:32',	'2017-10-13 13:08:32'),
('990',	'563',	73,	'TOLIMA',	'PRADO',	'2017-10-13 18:08:32',	'2017-10-13 13:08:32'),
('991',	'585',	73,	'TOLIMA',	'PURIFICACION',	'2017-10-13 18:08:32',	'2017-10-13 13:08:32'),
('992',	'616',	73,	'TOLIMA',	'RIOBLANCO',	'2017-10-13 18:08:32',	'2017-10-13 13:08:32'),
('993',	'622',	73,	'TOLIMA',	'RONCESVALLES',	'2017-10-13 18:08:32',	'2017-10-13 13:08:32'),
('994',	'624',	73,	'TOLIMA',	'ROVIRA',	'2017-10-13 18:08:32',	'2017-10-13 13:08:32'),
('995',	'671',	73,	'TOLIMA',	'SALDA?A',	'2017-10-13 18:08:32',	'2017-10-13 13:08:32'),
('996',	'675',	73,	'TOLIMA',	'SAN ANTONIO',	'2017-10-13 18:08:32',	'2017-10-13 13:08:32'),
('997',	'678',	73,	'TOLIMA',	'SAN LUIS',	'2017-10-13 18:08:32',	'2017-10-13 13:08:32'),
('998',	'686',	73,	'TOLIMA',	'SANTA ISABEL',	'2017-10-13 18:08:32',	'2017-10-13 13:08:32'),
('999',	'770',	73,	'TOLIMA',	'SUAREZ',	'2017-10-13 18:08:32',	'2017-10-13 13:08:32'),
('ID',	'idMcipio',	0,	'depat',	'muni',	'2017-10-13 18:08:32',	'2017-10-13 13:08:32');

INSERT INTO `cod_paises` (`Codigo`, `Pais`, `Updated`, `Sync`) VALUES
(1,	'NIVE ISLA',	'2017-10-13 18:08:36',	'2017-10-13 13:08:36'),
(13,	'AFGANISTAN',	'2017-10-13 18:08:36',	'2017-10-13 13:08:36'),
(17,	'ALBANIA',	'2017-10-13 18:08:36',	'2017-10-13 13:08:36'),
(23,	'ALEMANIA',	'2017-10-13 18:08:36',	'2017-10-13 13:08:36'),
(26,	'ARMENIA',	'2017-10-13 18:08:36',	'2017-10-13 13:08:36'),
(27,	'ARUBA',	'2017-10-13 18:08:36',	'2017-10-13 13:08:36'),
(29,	'BOSNIA-HERZEGOVINA',	'2017-10-13 18:08:36',	'2017-10-13 13:08:36'),
(31,	'BURKINA FASSO',	'2017-10-13 18:08:36',	'2017-10-13 13:08:36'),
(32,	'SERBIA',	'2017-10-13 18:08:36',	'2017-10-13 13:08:36'),
(33,	'ISLA DE MAN',	'2017-10-13 18:08:36',	'2017-10-13 13:08:36'),
(37,	'ANDORRA',	'2017-10-13 18:08:36',	'2017-10-13 13:08:36'),
(40,	'ANGOLA',	'2017-10-13 18:08:36',	'2017-10-13 13:08:36'),
(41,	'ANGUILLA',	'2017-10-13 18:08:36',	'2017-10-13 13:08:36'),
(43,	'ANTIGUA Y BARBUDA',	'2017-10-13 18:08:36',	'2017-10-13 13:08:36'),
(47,	'ANTILLAS HOLANDESAS',	'2017-10-13 18:08:36',	'2017-10-13 13:08:36'),
(53,	'ARABIA SAUDITA',	'2017-10-13 18:08:36',	'2017-10-13 13:08:36'),
(59,	'ARGELIA',	'2017-10-13 18:08:36',	'2017-10-13 13:08:36'),
(63,	'ARGENTINA',	'2017-10-13 18:08:36',	'2017-10-13 13:08:36'),
(69,	'AUSTRALIA',	'2017-10-13 18:08:36',	'2017-10-13 13:08:36'),
(72,	'AUSTRIA',	'2017-10-13 18:08:36',	'2017-10-13 13:08:36'),
(74,	'AZERBAIJAN',	'2017-10-13 18:08:36',	'2017-10-13 13:08:36'),
(77,	'BAHAMAS',	'2017-10-13 18:08:36',	'2017-10-13 13:08:36'),
(80,	'BAHREIN',	'2017-10-13 18:08:36',	'2017-10-13 13:08:36'),
(81,	'BANGLADESH',	'2017-10-13 18:08:36',	'2017-10-13 13:08:36'),
(83,	'BARBADOS',	'2017-10-13 18:08:36',	'2017-10-13 13:08:36'),
(87,	'BELGICA',	'2017-10-13 18:08:36',	'2017-10-13 13:08:36'),
(88,	'BELICE',	'2017-10-13 18:08:36',	'2017-10-13 13:08:36'),
(90,	'BERMUDAS',	'2017-10-13 18:08:36',	'2017-10-13 13:08:36'),
(91,	'BELORUS',	'2017-10-13 18:08:36',	'2017-10-13 13:08:36'),
(93,	'BIRMANIA (MYANMAR)',	'2017-10-13 18:08:36',	'2017-10-13 13:08:36'),
(97,	'BOLIVIA',	'2017-10-13 18:08:36',	'2017-10-13 13:08:36'),
(101,	'BOTSWANA',	'2017-10-13 18:08:36',	'2017-10-13 13:08:36'),
(105,	'BRASIL',	'2017-10-13 18:08:36',	'2017-10-13 13:08:36'),
(108,	'BRUNEI DARUSSALAM',	'2017-10-13 18:08:36',	'2017-10-13 13:08:36'),
(111,	'BULGARIA',	'2017-10-13 18:08:36',	'2017-10-13 13:08:36'),
(115,	'BURUNDI',	'2017-10-13 18:08:36',	'2017-10-13 13:08:36'),
(119,	'BUTAN',	'2017-10-13 18:08:36',	'2017-10-13 13:08:36'),
(127,	'CABO VERDE',	'2017-10-13 18:08:36',	'2017-10-13 13:08:36'),
(137,	'CAIMAN, ISLAS',	'2017-10-13 18:08:36',	'2017-10-13 13:08:36'),
(141,	'KAMPUCHEA (CAMBOYA)',	'2017-10-13 18:08:36',	'2017-10-13 13:08:36'),
(145,	'CAMERUN, REPUBLICA U',	'2017-10-13 18:08:36',	'2017-10-13 13:08:36'),
(149,	'CANADA',	'2017-10-13 18:08:36',	'2017-10-13 13:08:36'),
(155,	'CANAL(NORMANDAS),ISL',	'2017-10-13 18:08:36',	'2017-10-13 13:08:36'),
(157,	'CANTON ENDERBURY,ISL',	'2017-10-13 18:08:36',	'2017-10-13 13:08:36'),
(159,	'CIUDAD DEL VATICANO',	'2017-10-13 18:08:36',	'2017-10-13 13:08:36'),
(165,	'COCOS (KEELING), ISL',	'2017-10-13 18:08:36',	'2017-10-13 13:08:36'),
(169,	'COLOMBIA',	'2017-10-13 18:08:36',	'2017-10-13 13:08:36'),
(173,	'COMORAS',	'2017-10-13 18:08:36',	'2017-10-13 13:08:36'),
(177,	'CONGO',	'2017-10-13 18:08:36',	'2017-10-13 13:08:36'),
(183,	'COOK, ISLAS',	'2017-10-13 18:08:36',	'2017-10-13 13:08:36'),
(187,	'COREA DEL NORTE,REPU',	'2017-10-13 18:08:36',	'2017-10-13 13:08:36'),
(190,	'COREA DEL SUR, REPUB',	'2017-10-13 18:08:36',	'2017-10-13 13:08:36'),
(193,	'COSTA DE MARFIL',	'2017-10-13 18:08:36',	'2017-10-13 13:08:36'),
(196,	'COSTA RICA',	'2017-10-13 18:08:36',	'2017-10-13 13:08:36'),
(198,	'CROACIA',	'2017-10-13 18:08:36',	'2017-10-13 13:08:36'),
(199,	'CUBA',	'2017-10-13 18:08:36',	'2017-10-13 13:08:36'),
(203,	'CHAD',	'2017-10-13 18:08:36',	'2017-10-13 13:08:36'),
(211,	'CHILE',	'2017-10-13 18:08:36',	'2017-10-13 13:08:36'),
(215,	'CHINA',	'2017-10-13 18:08:36',	'2017-10-13 13:08:36'),
(218,	'TAIWAN (FORMOSA)',	'2017-10-13 18:08:36',	'2017-10-13 13:08:36'),
(221,	'CHIPRE',	'2017-10-13 18:08:36',	'2017-10-13 13:08:36'),
(229,	'BENIN',	'2017-10-13 18:08:36',	'2017-10-13 13:08:36'),
(232,	'DINAMARCA',	'2017-10-13 18:08:36',	'2017-10-13 13:08:36'),
(235,	'DOMINICA',	'2017-10-13 18:08:36',	'2017-10-13 13:08:36'),
(239,	'ECUADOR',	'2017-10-13 18:08:36',	'2017-10-13 13:08:36'),
(240,	'EGIPTO',	'2017-10-13 18:08:36',	'2017-10-13 13:08:36'),
(242,	'EL SALVADOR',	'2017-10-13 18:08:36',	'2017-10-13 13:08:36'),
(243,	'ERITREA',	'2017-10-13 18:08:36',	'2017-10-13 13:08:36'),
(244,	'EMIRATOS ARABES UNID',	'2017-10-13 18:08:36',	'2017-10-13 13:08:36'),
(245,	'ESPA?A',	'2017-10-13 18:08:36',	'2017-10-13 13:08:36'),
(246,	'ESLOVAQUIA',	'2017-10-13 18:08:36',	'2017-10-13 13:08:36'),
(247,	'ESLOVENIA',	'2017-10-13 18:08:36',	'2017-10-13 13:08:36'),
(249,	'ESTADOS UNIDOS',	'2017-10-13 18:08:36',	'2017-10-13 13:08:36'),
(251,	'ESTONIA',	'2017-10-13 18:08:36',	'2017-10-13 13:08:36'),
(253,	'ETIOPIA',	'2017-10-13 18:08:36',	'2017-10-13 13:08:36'),
(259,	'FEROE, ISLAS',	'2017-10-13 18:08:36',	'2017-10-13 13:08:36'),
(267,	'FILIPINAS',	'2017-10-13 18:08:36',	'2017-10-13 13:08:36'),
(271,	'FINLANDIA',	'2017-10-13 18:08:36',	'2017-10-13 13:08:36'),
(275,	'FRANCIA',	'2017-10-13 18:08:36',	'2017-10-13 13:08:36'),
(281,	'GABON',	'2017-10-13 18:08:36',	'2017-10-13 13:08:36'),
(285,	'GAMBIA',	'2017-10-13 18:08:36',	'2017-10-13 13:08:36'),
(286,	'GAZA Y JERICO',	'2017-10-13 18:08:36',	'2017-10-13 13:08:36'),
(287,	'GEORGIA',	'2017-10-13 18:08:36',	'2017-10-13 13:08:36'),
(289,	'GHANA',	'2017-10-13 18:08:36',	'2017-10-13 13:08:36'),
(293,	'GIBRALTAR',	'2017-10-13 18:08:36',	'2017-10-13 13:08:36'),
(297,	'GRANADA',	'2017-10-13 18:08:36',	'2017-10-13 13:08:36'),
(301,	'GRECIA',	'2017-10-13 18:08:36',	'2017-10-13 13:08:36'),
(305,	'GROENLANDIA',	'2017-10-13 18:08:36',	'2017-10-13 13:08:36'),
(309,	'GUADALUPE',	'2017-10-13 18:08:36',	'2017-10-13 13:08:36'),
(313,	'GUAM',	'2017-10-13 18:08:36',	'2017-10-13 13:08:36'),
(317,	'GUATEMALA',	'2017-10-13 18:08:36',	'2017-10-13 13:08:36'),
(325,	'GUAYANA FRANCESA',	'2017-10-13 18:08:36',	'2017-10-13 13:08:36'),
(329,	'GUINEA',	'2017-10-13 18:08:36',	'2017-10-13 13:08:36'),
(331,	'GUINEA ECUATORIAL',	'2017-10-13 18:08:36',	'2017-10-13 13:08:36'),
(334,	'GUINEA - BISSAU',	'2017-10-13 18:08:36',	'2017-10-13 13:08:36'),
(337,	'GUYANA',	'2017-10-13 18:08:36',	'2017-10-13 13:08:36'),
(341,	'HAITI',	'2017-10-13 18:08:36',	'2017-10-13 13:08:36'),
(345,	'HONDURAS',	'2017-10-13 18:08:36',	'2017-10-13 13:08:36'),
(351,	'HONG KONG',	'2017-10-13 18:08:36',	'2017-10-13 13:08:36'),
(355,	'HUNGRIA',	'2017-10-13 18:08:36',	'2017-10-13 13:08:36'),
(361,	'INDIA',	'2017-10-13 18:08:36',	'2017-10-13 13:08:36'),
(365,	'INDONESIA',	'2017-10-13 18:08:36',	'2017-10-13 13:08:36'),
(369,	'IRAK',	'2017-10-13 18:08:36',	'2017-10-13 13:08:36'),
(372,	'IRAN, REPUBLICA ISLA',	'2017-10-13 18:08:36',	'2017-10-13 13:08:36'),
(375,	'IRLANDA (EIRE)',	'2017-10-13 18:08:36',	'2017-10-13 13:08:36'),
(379,	'ISLANDIA',	'2017-10-13 18:08:36',	'2017-10-13 13:08:36'),
(383,	'ISRAEL',	'2017-10-13 18:08:36',	'2017-10-13 13:08:36'),
(386,	'ITALIA',	'2017-10-13 18:08:36',	'2017-10-13 13:08:36'),
(391,	'JAMAICA',	'2017-10-13 18:08:36',	'2017-10-13 13:08:36'),
(395,	'JOHNSTON,ISLA',	'2017-10-13 18:08:36',	'2017-10-13 13:08:36'),
(399,	'JAPON',	'2017-10-13 18:08:36',	'2017-10-13 13:08:36'),
(403,	'JORDANIA',	'2017-10-13 18:08:36',	'2017-10-13 13:08:36'),
(406,	'KAZAJSTAN',	'2017-10-13 18:08:36',	'2017-10-13 13:08:36'),
(410,	'KENYA',	'2017-10-13 18:08:36',	'2017-10-13 13:08:36'),
(411,	'KIRIBATI',	'2017-10-13 18:08:36',	'2017-10-13 13:08:36'),
(412,	'KIRGUIZISTAN',	'2017-10-13 18:08:36',	'2017-10-13 13:08:36'),
(413,	'KUWAIT',	'2017-10-13 18:08:36',	'2017-10-13 13:08:36'),
(420,	'LAOS,REPUBLICA POPUL',	'2017-10-13 18:08:36',	'2017-10-13 13:08:36'),
(426,	'LESOTHO',	'2017-10-13 18:08:36',	'2017-10-13 13:08:36'),
(429,	'LETONIA',	'2017-10-13 18:08:36',	'2017-10-13 13:08:36'),
(431,	'LIBANO',	'2017-10-13 18:08:36',	'2017-10-13 13:08:36'),
(434,	'LIBERIA',	'2017-10-13 18:08:36',	'2017-10-13 13:08:36'),
(438,	'LIBIA(INCLUYE FEZZAN',	'2017-10-13 18:08:36',	'2017-10-13 13:08:36'),
(440,	'LIECHTENSTEIN',	'2017-10-13 18:08:36',	'2017-10-13 13:08:36'),
(443,	'LITUANIA',	'2017-10-13 18:08:36',	'2017-10-13 13:08:36'),
(445,	'LUXEMBURGO',	'2017-10-13 18:08:36',	'2017-10-13 13:08:36'),
(447,	'MACAO',	'2017-10-13 18:08:36',	'2017-10-13 13:08:36'),
(448,	'MACEDONIA',	'2017-10-13 18:08:36',	'2017-10-13 13:08:36'),
(450,	'MADAGASCAR',	'2017-10-13 18:08:36',	'2017-10-13 13:08:36'),
(455,	'MALASIA',	'2017-10-13 18:08:36',	'2017-10-13 13:08:36'),
(458,	'MALAWI',	'2017-10-13 18:08:36',	'2017-10-13 13:08:36'),
(461,	'MALDIVAS',	'2017-10-13 18:08:36',	'2017-10-13 13:08:36'),
(464,	'MALI',	'2017-10-13 18:08:36',	'2017-10-13 13:08:36'),
(467,	'MALTA',	'2017-10-13 18:08:36',	'2017-10-13 13:08:36'),
(469,	'MARIANAS DEL NORTE,I',	'2017-10-13 18:08:36',	'2017-10-13 13:08:36'),
(472,	'MARSHALL, ISLAS',	'2017-10-13 18:08:36',	'2017-10-13 13:08:36'),
(474,	'MARRUECOS',	'2017-10-13 18:08:36',	'2017-10-13 13:08:36'),
(477,	'MARTINICA',	'2017-10-13 18:08:36',	'2017-10-13 13:08:36'),
(485,	'MAURICIO',	'2017-10-13 18:08:36',	'2017-10-13 13:08:36'),
(488,	'MAURITANIA',	'2017-10-13 18:08:36',	'2017-10-13 13:08:36'),
(493,	'MEXICO',	'2017-10-13 18:08:36',	'2017-10-13 13:08:36'),
(494,	'MICRONESIA,ESTADOS F',	'2017-10-13 18:08:36',	'2017-10-13 13:08:36'),
(495,	'MIDWAY, ISLAS',	'2017-10-13 18:08:36',	'2017-10-13 13:08:36'),
(496,	'MOLDAVIA',	'2017-10-13 18:08:36',	'2017-10-13 13:08:36'),
(497,	'MONGOLIA',	'2017-10-13 18:08:36',	'2017-10-13 13:08:36'),
(498,	'MONACO',	'2017-10-13 18:08:36',	'2017-10-13 13:08:36'),
(501,	'MONSERRAT, ISLA',	'2017-10-13 18:08:36',	'2017-10-13 13:08:36'),
(502,	'MONTENEGRO',	'2017-10-13 18:08:36',	'2017-10-13 13:08:36'),
(505,	'MOZAMBIQUE',	'2017-10-13 18:08:36',	'2017-10-13 13:08:36'),
(507,	'NAMIBIA',	'2017-10-13 18:08:36',	'2017-10-13 13:08:36'),
(508,	'NAURU',	'2017-10-13 18:08:36',	'2017-10-13 13:08:36'),
(511,	'NAVIDAD (CHRISTMAS)',	'2017-10-13 18:08:36',	'2017-10-13 13:08:36'),
(517,	'NEPAL',	'2017-10-13 18:08:36',	'2017-10-13 13:08:36'),
(521,	'NICARAGUA',	'2017-10-13 18:08:36',	'2017-10-13 13:08:36'),
(525,	'NIGER',	'2017-10-13 18:08:36',	'2017-10-13 13:08:36'),
(528,	'NIGERIA',	'2017-10-13 18:08:36',	'2017-10-13 13:08:36'),
(531,	'NIUE, ISLA',	'2017-10-13 18:08:36',	'2017-10-13 13:08:36'),
(535,	'NORFOLK, ISLA',	'2017-10-13 18:08:36',	'2017-10-13 13:08:36'),
(538,	'NORUEGA',	'2017-10-13 18:08:36',	'2017-10-13 13:08:36'),
(542,	'NUEVA CALEDONIA',	'2017-10-13 18:08:36',	'2017-10-13 13:08:36'),
(545,	'PAPUASIA NUEV GUINEA',	'2017-10-13 18:08:36',	'2017-10-13 13:08:36'),
(548,	'NUEVA ZELANDIA',	'2017-10-13 18:08:36',	'2017-10-13 13:08:36'),
(551,	'VANUATU',	'2017-10-13 18:08:36',	'2017-10-13 13:08:36'),
(556,	'OMAN',	'2017-10-13 18:08:36',	'2017-10-13 13:08:36'),
(566,	'ISLAS MENORES DE ESTADOS UNIDOS',	'2017-10-13 18:08:36',	'2017-10-13 13:08:36'),
(573,	'PAISES BAJOS(HOLANDA',	'2017-10-13 18:08:36',	'2017-10-13 13:08:36'),
(576,	'PAKISTAN',	'2017-10-13 18:08:36',	'2017-10-13 13:08:36'),
(578,	'PALAU, ISLAS',	'2017-10-13 18:08:36',	'2017-10-13 13:08:36'),
(579,	'PALESTINA',	'2017-10-13 18:08:36',	'2017-10-13 13:08:36'),
(580,	'PANAMA',	'2017-10-13 18:08:36',	'2017-10-13 13:08:36'),
(586,	'PARAGUAY',	'2017-10-13 18:08:36',	'2017-10-13 13:08:36'),
(589,	'PERU',	'2017-10-13 18:08:36',	'2017-10-13 13:08:36'),
(593,	'PITCAIRN, ISLA',	'2017-10-13 18:08:36',	'2017-10-13 13:08:36'),
(599,	'POLINESIA FRANCESA',	'2017-10-13 18:08:36',	'2017-10-13 13:08:36'),
(603,	'POLONIA',	'2017-10-13 18:08:36',	'2017-10-13 13:08:36'),
(607,	'PORTUGAL',	'2017-10-13 18:08:36',	'2017-10-13 13:08:36'),
(611,	'PUERTO RICO',	'2017-10-13 18:08:36',	'2017-10-13 13:08:36'),
(618,	'QATAR',	'2017-10-13 18:08:36',	'2017-10-13 13:08:36'),
(628,	'REINO UNIDO',	'2017-10-13 18:08:36',	'2017-10-13 13:08:36'),
(640,	'REPUBLICA CENTROAFRI',	'2017-10-13 18:08:36',	'2017-10-13 13:08:36'),
(644,	'REPUBLICA CHECA',	'2017-10-13 18:08:36',	'2017-10-13 13:08:36'),
(647,	'REPUBLICA DOMINICANA',	'2017-10-13 18:08:36',	'2017-10-13 13:08:36'),
(660,	'REUNION',	'2017-10-13 18:08:36',	'2017-10-13 13:08:36'),
(665,	'ZIMBABWE',	'2017-10-13 18:08:36',	'2017-10-13 13:08:36'),
(670,	'RUMANIA',	'2017-10-13 18:08:36',	'2017-10-13 13:08:36'),
(675,	'RWANDA',	'2017-10-13 18:08:36',	'2017-10-13 13:08:36'),
(676,	'RUSIA',	'2017-10-13 18:08:36',	'2017-10-13 13:08:36'),
(677,	'SALOMSN, ISLAS',	'2017-10-13 18:08:36',	'2017-10-13 13:08:36'),
(685,	'SAHARA OCCIDENTAL',	'2017-10-13 18:08:36',	'2017-10-13 13:08:36'),
(687,	'SAMOA',	'2017-10-13 18:08:36',	'2017-10-13 13:08:36'),
(690,	'SAMOA NORTEAMERICANA',	'2017-10-13 18:08:36',	'2017-10-13 13:08:36'),
(695,	'SAN CRISTOBAL Y NIEVES',	'2017-10-13 18:08:36',	'2017-10-13 13:08:36'),
(697,	'SAN MARINO',	'2017-10-13 18:08:36',	'2017-10-13 13:08:36'),
(700,	'SAN PEDRO Y MIGUELON',	'2017-10-13 18:08:36',	'2017-10-13 13:08:36'),
(705,	'SAN VICENTE Y LAS GR',	'2017-10-13 18:08:36',	'2017-10-13 13:08:36'),
(710,	'SANTA ELENA',	'2017-10-13 18:08:36',	'2017-10-13 13:08:36'),
(715,	'SANTA LUCIA',	'2017-10-13 18:08:36',	'2017-10-13 13:08:36'),
(720,	'SANTO TOME Y PRINCIP',	'2017-10-13 18:08:36',	'2017-10-13 13:08:36'),
(728,	'SENEGAL',	'2017-10-13 18:08:36',	'2017-10-13 13:08:36'),
(731,	'SEYCHELLES',	'2017-10-13 18:08:36',	'2017-10-13 13:08:36'),
(735,	'SIERRA LEONA',	'2017-10-13 18:08:36',	'2017-10-13 13:08:36'),
(741,	'SINGAPUR',	'2017-10-13 18:08:36',	'2017-10-13 13:08:36'),
(744,	'SIRIA,REPUBLICA ARAB',	'2017-10-13 18:08:36',	'2017-10-13 13:08:36'),
(748,	'SOMALIA',	'2017-10-13 18:08:36',	'2017-10-13 13:08:36'),
(750,	'SRI LANKA',	'2017-10-13 18:08:36',	'2017-10-13 13:08:36'),
(756,	'SUDAFRICA,REPUBLICA',	'2017-10-13 18:08:36',	'2017-10-13 13:08:36'),
(759,	'SUDAN',	'2017-10-13 18:08:36',	'2017-10-13 13:08:36'),
(764,	'SUECIA',	'2017-10-13 18:08:36',	'2017-10-13 13:08:36'),
(767,	'SUIZA',	'2017-10-13 18:08:36',	'2017-10-13 13:08:36'),
(770,	'SURINAM',	'2017-10-13 18:08:36',	'2017-10-13 13:08:36'),
(773,	'SWAZILANDIA',	'2017-10-13 18:08:36',	'2017-10-13 13:08:36'),
(774,	'TADJIKISTAN',	'2017-10-13 18:08:36',	'2017-10-13 13:08:36'),
(776,	'TAILANDIA',	'2017-10-13 18:08:36',	'2017-10-13 13:08:36'),
(780,	'TANZANIA,REPUBLICA U',	'2017-10-13 18:08:36',	'2017-10-13 13:08:36'),
(783,	'DJIBOUTI',	'2017-10-13 18:08:36',	'2017-10-13 13:08:36'),
(786,	'TERRI ANTARTICO BRIT',	'2017-10-13 18:08:36',	'2017-10-13 13:08:36'),
(787,	'TERRITORI BRITANICO',	'2017-10-13 18:08:36',	'2017-10-13 13:08:36'),
(788,	'TIMOR DEL ESTE',	'2017-10-13 18:08:36',	'2017-10-13 13:08:36'),
(789,	'CURACAO',	'2017-10-13 18:08:36',	'2017-10-13 13:08:36'),
(800,	'TOGO',	'2017-10-13 18:08:36',	'2017-10-13 13:08:36'),
(805,	'TOKELAU',	'2017-10-13 18:08:36',	'2017-10-13 13:08:36'),
(810,	'TONGA',	'2017-10-13 18:08:36',	'2017-10-13 13:08:36'),
(815,	'TRINIDAD Y TOBAGO',	'2017-10-13 18:08:36',	'2017-10-13 13:08:36'),
(820,	'TUNICIA',	'2017-10-13 18:08:36',	'2017-10-13 13:08:36'),
(823,	'TURCAS Y CAICOS,ISLA',	'2017-10-13 18:08:36',	'2017-10-13 13:08:36'),
(825,	'TURKMENISTAN',	'2017-10-13 18:08:36',	'2017-10-13 13:08:36'),
(827,	'TURQUIA',	'2017-10-13 18:08:36',	'2017-10-13 13:08:36'),
(828,	'TUVALU',	'2017-10-13 18:08:36',	'2017-10-13 13:08:36'),
(830,	'UCRANIA',	'2017-10-13 18:08:36',	'2017-10-13 13:08:36'),
(833,	'UGANDA',	'2017-10-13 18:08:36',	'2017-10-13 13:08:36'),
(845,	'URUGUAY',	'2017-10-13 18:08:36',	'2017-10-13 13:08:36'),
(847,	'UZBEKISTAN',	'2017-10-13 18:08:36',	'2017-10-13 13:08:36'),
(850,	'VENEZUELA',	'2017-10-13 18:08:36',	'2017-10-13 13:08:36'),
(855,	'VIETNAM',	'2017-10-13 18:08:36',	'2017-10-13 13:08:36'),
(863,	'VIRGENES,ISLAS(BRITA',	'2017-10-13 18:08:36',	'2017-10-13 13:08:36'),
(866,	'VIRGENES,ISLAS(NORTE',	'2017-10-13 18:08:36',	'2017-10-13 13:08:36'),
(870,	'FIJI',	'2017-10-13 18:08:36',	'2017-10-13 13:08:36'),
(875,	'WALLIS Y FORTUNA,ISL',	'2017-10-13 18:08:36',	'2017-10-13 13:08:36'),
(880,	'YEMEN',	'2017-10-13 18:08:36',	'2017-10-13 13:08:36'),
(885,	'YUGOSLAVIA',	'2017-10-13 18:08:36',	'2017-10-13 13:08:36'),
(888,	'REPUBLICA DEMOCRATICA DEL CONGO',	'2017-10-13 18:08:36',	'2017-10-13 13:08:36'),
(890,	'ZAMBIA',	'2017-10-13 18:08:36',	'2017-10-13 13:08:36'),
(895,	'ZONA CANAL DE PANAMA',	'2017-10-13 18:08:36',	'2017-10-13 13:08:36'),
(897,	'ZONA NEUTRAL(PALESTA',	'2017-10-13 18:08:36',	'2017-10-13 13:08:36'),
(998,	'COMUNIDAD EUROPEA',	'2017-10-13 18:08:36',	'2017-10-13 13:08:36'),
(999,	'NO DECLARADOS',	'2017-10-13 18:08:36',	'2017-10-13 13:08:36');
























INSERT INTO `configuracion_campos_asociados` (`ID`, `TablaOrigen`, `CampoTablaOrigen`, `TablaAsociada`, `CampoAsociado`, `IDCampoAsociado`) VALUES
(1,	'empresapro',	'Ciudad',	'cod_municipios_dptos',	'Ciudad',	'Ciudad'),
(2,	'empresapro',	'Regimen',	'empresapro_regimenes',	'Regimen',	'Regimen');

INSERT INTO `configuracion_control_tablas` (`ID`, `TablaDB`, `Agregar`, `Editar`, `Ver`, `Exportar`, `AccionesAdicionales`, `Eliminar`) VALUES
(1,	'empresapro',	1,	1,	1,	0,	0,	0),
(2,	'formatos_calidad',	1,	1,	1,	0,	0,	0);

INSERT INTO `configuracion_general` (`ID`, `Descripcion`, `Valor`, `Updated`, `Sync`) VALUES
(1,	'RUTA PARA EXPORTAR TABLAS EN CSV',	'../../htdocs/ts5/exports/tabla.csv',	'2018-07-13 23:16:47',	'0000-00-00 00:00:00');


INSERT INTO `config_codigo_barras` (`ID`, `TituloEtiqueta`, `DistaciaEtiqueta1`, `DistaciaEtiqueta2`, `DistaciaEtiqueta3`, `AlturaLinea1`, `AlturaLinea2`, `AlturaLinea3`, `AlturaLinea4`, `AlturaLinea5`, `AlturaCodigoBarras`, `Updated`, `Sync`) VALUES
(1,	'TRAKI',	10,	280,	560,	1,	20,	40,	60,	120,	30,	'2017-10-13 18:09:32',	'2017-10-13 13:09:32');

INSERT INTO `config_puertos` (`ID`, `Puerto`, `Utilizacion`, `Habilitado`, `Updated`, `Sync`) VALUES
(1,	'COM3',	'IMPRESORA POS EPSON',	'NO',	'2018-07-18 00:01:18',	'2017-10-27 16:07:31'),
(2,	'COM5',	'IMPRESORA CODIGO DE BARRAS',	'SI',	'2017-10-13 18:09:34',	'2017-10-13 13:09:34');

INSERT INTO `config_tiketes_promocion` (`ID`, `NombreTiket`, `Tope`, `Multiple`, `Activo`, `Updated`, `Sync`) VALUES
(1,	'PROMOCION DEL MES',	'10000',	'NO',	'NO',	'2017-10-13 18:09:36',	'2017-10-13 13:09:36');

INSERT INTO `costos` (`idCostos`, `NombreCosto`, `ValorCosto`, `Updated`, `Sync`) VALUES
(1,	'participacion ',	2000000,	'2017-10-13 18:09:38',	'2017-10-13 13:09:38'),
(2,	'Transporte',	240000,	'2017-10-13 18:09:38',	'2017-10-13 13:09:38'),
(3,	'Publicidad',	100000,	'2017-10-13 18:09:38',	'2017-10-13 13:09:38'),
(4,	'Arriendo',	1200000,	'2017-10-13 18:09:38',	'2017-10-13 13:09:38'),
(5,	'Energia',	1400000,	'2017-10-13 18:09:38',	'2017-10-13 13:09:38'),
(6,	'Telefono',	220000,	'2017-10-13 18:09:38',	'2017-10-13 13:09:38'),
(7,	'Mano de Obra ',	11531200,	'2017-10-13 18:09:38',	'2017-10-13 13:09:38'),
(8,	'Agua',	40000,	'2017-10-13 18:09:38',	'2017-10-13 13:09:38'),
(9,	'Contador',	230000,	'2017-10-13 18:09:38',	'2017-10-13 13:09:38'),
(10,	'Aceite Hid.',	8000,	'2017-10-13 18:09:38',	'2017-10-13 13:09:38'),
(11,	'Aceite Caja ',	13500,	'2017-10-13 18:09:38',	'2017-10-13 13:09:38'),
(12,	'Formularios Cont.',	0,	'2017-10-13 18:09:38',	'2017-10-13 13:09:38'),
(13,	'Gas',	5500,	'2017-10-13 18:09:38',	'2017-10-13 13:09:38'),
(14,	'Oxigeno',	80000,	'2017-10-13 18:09:38',	'2017-10-13 13:09:38'),
(15,	'Aseo',	10000,	'2017-10-13 18:09:38',	'2017-10-13 13:09:38'),
(16,	'Cumplea',	11000,	'2017-10-13 18:09:38',	'2017-10-13 13:09:38'),
(17,	'Dotacion',	125000,	'2017-10-13 18:09:38',	'2017-10-13 13:09:38'),
(18,	'Anchetas fda',	21000,	'2017-10-13 18:09:38',	'2017-10-13 13:09:38'),
(19,	'Herramientas',	1800000,	'2017-10-13 18:09:38',	'2017-10-13 13:09:38'),
(20,	'otros gastos de administracion ',	1200000,	'2017-10-13 18:09:38',	'2017-10-13 13:09:38'),
(21,	'Gastos Financieros ',	2271420,	'2017-10-13 18:09:38',	'2017-10-13 13:09:38'),
(22,	'internet ',	108700,	'2017-10-13 18:09:38',	'2017-10-13 13:09:38'),
(23,	'Asistente administrativo ',	1364260,	'2017-10-13 18:09:38',	'2017-10-13 13:09:38'),
(24,	'auxiliar contable',	1125930,	'2017-10-13 18:09:38',	'2017-10-13 13:09:38'),
(25,	'papeleria ',	200000,	'2017-10-13 18:09:38',	'2017-10-13 13:09:38'),
(26,	'dsadas',	43243234.5,	'2017-10-13 18:09:38',	'2017-10-13 13:09:38'),
(27,	'ARRIENDO',	50000,	'2017-10-13 18:09:38',	'2017-10-13 13:09:38');





INSERT INTO `cuentas` (`idPUC`, `Nombre`, `Valor`, `GupoCuentas_PUC`, `Updated`, `Sync`) VALUES
('1105',	'Caja',	'0',	'11',	'2017-10-13 18:09:54',	'2017-10-13 13:09:54'),
('1110',	'Bancos',	'0',	'11',	'2017-10-13 18:09:54',	'2017-10-13 13:09:54'),
('1115',	'Remesas en tr?nsito',	'0',	'11',	'2017-10-13 18:09:54',	'2017-10-13 13:09:54'),
('1120',	'Cuentas de ahorro',	'0',	'11',	'2017-10-13 18:09:54',	'2017-10-13 13:09:54'),
('1125',	'Fondos',	'0',	'11',	'2017-10-13 18:09:54',	'2017-10-13 13:09:54'),
('1205',	'Acciones',	'0',	'12',	'2017-10-13 18:09:54',	'2017-10-13 13:09:54'),
('1210',	'Cuotas o partes de inter?s social',	'0',	'12',	'2017-10-13 18:09:54',	'2017-10-13 13:09:54'),
('1215',	'Bonos',	'0',	'12',	'2017-10-13 18:09:54',	'2017-10-13 13:09:54'),
('1220',	'C?dulas',	'0',	'12',	'2017-10-13 18:09:54',	'2017-10-13 13:09:54'),
('1225',	'Certificados',	'0',	'12',	'2017-10-13 18:09:54',	'2017-10-13 13:09:54'),
('1305',	'Clientes',	'0',	'13',	'2017-10-13 18:09:54',	'2017-10-13 13:09:54'),
('1310',	'Cuentas corrientes comerciales',	'0',	'13',	'2017-10-13 18:09:54',	'2017-10-13 13:09:54'),
('1315',	'Cuentas por cobrar a casa matriz',	'0',	'13',	'2017-10-13 18:09:54',	'2017-10-13 13:09:54'),
('1320',	'Cuentas por cobrar a vinculados econ?micos',	'0',	'13',	'2017-10-13 18:09:54',	'2017-10-13 13:09:54'),
('1323',	'Cuentas por cobrar a directores',	'0',	'13',	'2017-10-13 18:09:54',	'2017-10-13 13:09:54'),
('1325',	'Cuentas por cobrar a socios y accionistas',	'0',	'13',	'2017-10-13 18:09:54',	'2017-10-13 13:09:54'),
('1328',	'Aportes por cobrar',	'0',	'13',	'2017-10-13 18:09:54',	'2017-10-13 13:09:54'),
('1330',	'Anticipos y avances',	'0',	'13',	'2017-10-13 18:09:54',	'2017-10-13 13:09:54'),
('1332',	'Cuentas de operaci?n conjunta',	'0',	'13',	'2017-10-13 18:09:54',	'2017-10-13 13:09:54'),
('1335',	'Dep?sitos',	'0',	'13',	'2017-10-13 18:09:54',	'2017-10-13 13:09:54'),
('1340',	'Promesas de compra venta',	'0',	'13',	'2017-10-13 18:09:54',	'2017-10-13 13:09:54'),
('1345',	'Ingresos por cobrar',	'0',	'13',	'2017-10-13 18:09:54',	'2017-10-13 13:09:54'),
('1350',	'Retenci?n sobre contratos',	'0',	'13',	'2017-10-13 18:09:54',	'2017-10-13 13:09:54'),
('1355',	'Anticipo de impuestos y contribuciones o sald',	'0',	'13',	'2017-10-13 18:09:54',	'2017-10-13 13:09:54'),
('1360',	'Reclamaciones',	'0',	'13',	'2017-10-13 18:09:54',	'2017-10-13 13:09:54'),
('1365',	'Cuentas por cobrar a trabajadores',	'0',	'13',	'2017-10-13 18:09:54',	'2017-10-13 13:09:54'),
('1370',	'Pr?stamos a particulares',	'0',	'13',	'2017-10-13 18:09:54',	'2017-10-13 13:09:54'),
('1380',	'Deudores varios',	'0',	'13',	'2017-10-13 18:09:54',	'2017-10-13 13:09:54'),
('1385',	'Derechos de recompra de cartera negociada',	'0',	'13',	'2017-10-13 18:09:54',	'2017-10-13 13:09:54'),
('1390',	'Deudas de dif?cil cobro',	'0',	'13',	'2017-10-13 18:09:54',	'2017-10-13 13:09:54'),
('1399',	'Provisiones',	'0',	'13',	'2017-10-13 18:09:54',	'2017-10-13 13:09:54'),
('1405',	'Materias primas',	'0',	'14',	'2017-10-13 18:09:54',	'2017-10-13 13:09:54'),
('1410',	'Productos en proceso',	'0',	'14',	'2017-10-13 18:09:54',	'2017-10-13 13:09:54'),
('1415',	'Obras de construcci?n en curso',	'0',	'14',	'2017-10-13 18:09:54',	'2017-10-13 13:09:54'),
('1417',	'Obras de urbanismo',	'0',	'14',	'2017-10-13 18:09:54',	'2017-10-13 13:09:54'),
('1420',	'Contratos en ejecuci',	'0',	'14',	'2017-10-13 18:09:54',	'2017-10-13 13:09:54'),
('1425',	'Cultivos en desarrollo',	'0',	'14',	'2017-10-13 18:09:54',	'2017-10-13 13:09:54'),
('1428',	'Plantaciones agr?colas',	'0',	'14',	'2017-10-13 18:09:54',	'2017-10-13 13:09:54'),
('1430',	'Productos terminados',	'0',	'14',	'2017-10-13 18:09:54',	'2017-10-13 13:09:54'),
('1435',	'Mercancias no fabricadas por la empresa',	'0',	'14',	'2017-10-13 18:09:54',	'2017-10-13 13:09:54'),
('1440',	'Bienes ra?ces para la venta',	'0',	'14',	'2017-10-13 18:09:54',	'2017-10-13 13:09:54'),
('1445',	'Semovientes',	'0',	'14',	'2017-10-13 18:09:54',	'2017-10-13 13:09:54'),
('1450',	'Terrenos',	'0',	'14',	'2017-10-13 18:09:54',	'2017-10-13 13:09:54'),
('1455',	'Materiales, repuestos y accesorios',	'0',	'14',	'2017-10-13 18:09:54',	'2017-10-13 13:09:54'),
('1460',	'Envases y empaques',	'0',	'14',	'2017-10-13 18:09:54',	'2017-10-13 13:09:54'),
('1465',	'Inventarios en tr?nsito',	'0',	'14',	'2017-10-13 18:09:54',	'2017-10-13 13:09:54'),
('1499',	'Provisiones',	'0',	'14',	'2017-10-13 18:09:54',	'2017-10-13 13:09:54'),
('1504',	'Terrenos',	'0',	'15',	'2017-10-13 18:09:54',	'2017-10-13 13:09:54'),
('1506',	'Materiales proyectos petroleros',	'0',	'15',	'2017-10-13 18:09:54',	'2017-10-13 13:09:54'),
('1508',	'Construcciones en curso',	'0',	'15',	'2017-10-13 18:09:54',	'2017-10-13 13:09:54'),
('1512',	'Maquinaria y equipos en montaje',	'0',	'15',	'2017-10-13 18:09:54',	'2017-10-13 13:09:54'),
('1516',	'Construcciones y edificaciones',	'0',	'15',	'2017-10-13 18:09:54',	'2017-10-13 13:09:54'),
('1520',	'Maquinaria y equipo',	'0',	'15',	'2017-10-13 18:09:54',	'2017-10-13 13:09:54'),
('1524',	'Equipo de oficina',	'0',	'15',	'2017-10-13 18:09:54',	'2017-10-13 13:09:54'),
('1528',	'Equipo de computacion y comunicaci',	'0',	'15',	'2017-10-13 18:09:54',	'2017-10-13 13:09:54'),
('1532',	'Equipo m?dico-cient?fico',	'0',	'15',	'2017-10-13 18:09:54',	'2017-10-13 13:09:54'),
('1536',	'Equipo de hoteles y restaurantes',	'0',	'15',	'2017-10-13 18:09:54',	'2017-10-13 13:09:54'),
('1540',	'Flota y equipo de transporte',	'0',	'15',	'2017-10-13 18:09:54',	'2017-10-13 13:09:54'),
('1544',	'Flota y equipo fluvial y/o mar?timo',	'0',	'15',	'2017-10-13 18:09:54',	'2017-10-13 13:09:54'),
('1548',	'Flota y equipo a?reo',	'0',	'15',	'2017-10-13 18:09:54',	'2017-10-13 13:09:54'),
('1552',	'Flota y equipo f?rreo',	'0',	'15',	'2017-10-13 18:09:54',	'2017-10-13 13:09:54'),
('1556',	'Acueductos, plantas y redes',	'0',	'15',	'2017-10-13 18:09:54',	'2017-10-13 13:09:54'),
('1560',	'Armamento de vigilancia',	'0',	'15',	'2017-10-13 18:09:54',	'2017-10-13 13:09:54'),
('1562',	'Envases y empaques',	'0',	'15',	'2017-10-13 18:09:54',	'2017-10-13 13:09:54'),
('1564',	'Plantaciones agr?colas y forestales',	'0',	'15',	'2017-10-13 18:09:54',	'2017-10-13 13:09:54'),
('1568',	'V?as de comunicaci',	'0',	'15',	'2017-10-13 18:09:54',	'2017-10-13 13:09:54'),
('1572',	'Minas y canteras',	'0',	'15',	'2017-10-13 18:09:54',	'2017-10-13 13:09:54'),
('1576',	'Pozos artesianos',	'0',	'15',	'2017-10-13 18:09:54',	'2017-10-13 13:09:54'),
('1580',	'Yacimientos',	'0',	'15',	'2017-10-13 18:09:54',	'2017-10-13 13:09:54'),
('1584',	'Semovientes',	'0',	'15',	'2017-10-13 18:09:54',	'2017-10-13 13:09:54'),
('1588',	'Propiedades, planta y equipo en tr?nsito',	'0',	'15',	'2017-10-13 18:09:54',	'2017-10-13 13:09:54'),
('1592',	'Depreciaci?n acumulada',	'0',	'15',	'2017-10-13 18:09:54',	'2017-10-13 13:09:54'),
('1596',	'Depreciaci?n diferida',	'0',	'15',	'2017-10-13 18:09:54',	'2017-10-13 13:09:54'),
('1597',	'Amortizaci?n acumulada',	'0',	'15',	'2017-10-13 18:09:54',	'2017-10-13 13:09:54'),
('1598',	'Agotamiento acumulado',	'0',	'15',	'2017-10-13 18:09:54',	'2017-10-13 13:09:54'),
('1599',	'Provisiones',	'0',	'15',	'2017-10-13 18:09:54',	'2017-10-13 13:09:54'),
('1605',	'Cr?dito mercantil',	'0',	'16',	'2017-10-13 18:09:54',	'2017-10-13 13:09:54'),
('1610',	'Marcas',	'0',	'16',	'2017-10-13 18:09:54',	'2017-10-13 13:09:54'),
('1615',	'Patentes',	'0',	'16',	'2017-10-13 18:09:54',	'2017-10-13 13:09:54'),
('1620',	'Concesiones y franquicias',	'0',	'16',	'2017-10-13 18:09:54',	'2017-10-13 13:09:54'),
('1625',	'Derechos',	'0',	'16',	'2017-10-13 18:09:54',	'2017-10-13 13:09:54'),
('1630',	'Know how',	'0',	'16',	'2017-10-13 18:09:54',	'2017-10-13 13:09:54'),
('1635',	'Licencias',	'0',	'16',	'2017-10-13 18:09:54',	'2017-10-13 13:09:54'),
('1698',	'Depreciaci?n y/o amortizaci?n acumulada',	'0',	'16',	'2017-10-13 18:09:54',	'2017-10-13 13:09:54'),
('1699',	'Provisiones',	'0',	'16',	'2017-10-13 18:09:54',	'2017-10-13 13:09:54'),
('1705',	'Gastos pagados por anticipado',	'0',	'17',	'2017-10-13 18:09:54',	'2017-10-13 13:09:54'),
('1710',	'Cargos diferidos',	'0',	'17',	'2017-10-13 18:09:54',	'2017-10-13 13:09:54'),
('1715',	'Costos de exploraci?n por amortizar',	'0',	'17',	'2017-10-13 18:09:54',	'2017-10-13 13:09:54'),
('1720',	'Costos de explotaci?n y desarrollo',	'0',	'17',	'2017-10-13 18:09:54',	'2017-10-13 13:09:54'),
('1730',	'Cargos por correcci?n monetaria diferida',	'0',	'17',	'2017-10-13 18:09:54',	'2017-10-13 13:09:54'),
('1798',	'Amortizaci?n acumulada',	'0',	'17',	'2017-10-13 18:09:54',	'2017-10-13 13:09:54'),
('1805',	'Bienes de arte y cultura',	'0',	'18',	'2017-10-13 18:09:54',	'2017-10-13 13:09:54'),
('1895',	'Diversos',	'0',	'18',	'2017-10-13 18:09:54',	'2017-10-13 13:09:54'),
('1899',	'Provisiones',	'0',	'18',	'2017-10-13 18:09:54',	'2017-10-13 13:09:54'),
('1905',	'De inversiones',	'0',	'19',	'2017-10-13 18:09:54',	'2017-10-13 13:09:54'),
('1910',	'De propiedades, planta y equipo',	'0',	'19',	'2017-10-13 18:09:54',	'2017-10-13 13:09:54'),
('1995',	'De otros activos',	'0',	'19',	'2017-10-13 18:09:54',	'2017-10-13 13:09:54'),
('2105',	'Bancos nacionales',	'0',	'21',	'2017-10-13 18:09:54',	'2017-10-13 13:09:54'),
('2110',	'Bancos del exterior',	'0',	'21',	'2017-10-13 18:09:54',	'2017-10-13 13:09:54'),
('2115',	'Corporaciones financieras',	'0',	'21',	'2017-10-13 18:09:54',	'2017-10-13 13:09:54'),
('2120',	'Compa??as de financiamiento comercial',	'0',	'21',	'2017-10-13 18:09:54',	'2017-10-13 13:09:54'),
('2125',	'Corporaciones de ahorro y vivienda',	'0',	'21',	'2017-10-13 18:09:54',	'2017-10-13 13:09:54'),
('2130',	'Entidades financieras del exterior',	'0',	'21',	'2017-10-13 18:09:54',	'2017-10-13 13:09:54'),
('2135',	'Compromisos de recompra de inversiones negoci',	'0',	'21',	'2017-10-13 18:09:54',	'2017-10-13 13:09:54'),
('2140',	'Compromisos de recompra de cartera negociada',	'0',	'21',	'2017-10-13 18:09:54',	'2017-10-13 13:09:54'),
('2145',	'Obligaciones gubernamentales',	'0',	'21',	'2017-10-13 18:09:54',	'2017-10-13 13:09:54'),
('2195',	'Otras obligaciones',	'0',	'21',	'2017-10-13 18:09:54',	'2017-10-13 13:09:54'),
('2205',	'Nacionales',	'0',	'22',	'2017-10-13 18:09:54',	'2017-10-13 13:09:54'),
('2210',	'Del exterior',	'0',	'22',	'2017-10-13 18:09:54',	'2017-10-13 13:09:54'),
('2215',	'Cuentas corrientes comerciales',	'0',	'22',	'2017-10-13 18:09:54',	'2017-10-13 13:09:54'),
('2220',	'Casa matriz',	'0',	'22',	'2017-10-13 18:09:54',	'2017-10-13 13:09:54'),
('2225',	'Compaias vinculadas',	'0',	'22',	'2017-10-13 18:09:54',	'2017-10-13 13:09:54'),
('2305',	'Cuentas corrientes comerciales',	'0',	'23',	'2017-10-13 18:09:54',	'2017-10-13 13:09:54'),
('2310',	'A casa matriz',	'0',	'23',	'2017-10-13 18:09:54',	'2017-10-13 13:09:54'),
('2315',	'A compaias vinculadas',	'0',	'23',	'2017-10-13 18:09:54',	'2017-10-13 13:09:54'),
('2320',	'A contratistas',	'0',	'23',	'2017-10-13 18:09:54',	'2017-10-13 13:09:54'),
('2330',	'Ordenes de compra por utilizar',	'0',	'23',	'2017-10-13 18:09:54',	'2017-10-13 13:09:54'),
('2335',	'Costos y gastos por pagar',	'0',	'23',	'2017-10-13 18:09:54',	'2017-10-13 13:09:54'),
('2340',	'Instalamentos por pagar',	'0',	'23',	'2017-10-13 18:09:54',	'2017-10-13 13:09:54'),
('2345',	'Acreedores oficiales',	'0',	'23',	'2017-10-13 18:09:54',	'2017-10-13 13:09:54'),
('2350',	'Regalias por pagar',	'0',	'23',	'2017-10-13 18:09:54',	'2017-10-13 13:09:54'),
('2355',	'Deudas con accionistas o socios',	'0',	'23',	'2017-10-13 18:09:54',	'2017-10-13 13:09:54'),
('2357',	'Deudas con directores',	'0',	'23',	'2017-10-13 18:09:54',	'2017-10-13 13:09:54'),
('2360',	'Dividendos o participaciones por pagar',	'0',	'23',	'2017-10-13 18:09:54',	'2017-10-13 13:09:54'),
('2365',	'Retencion en la fuente',	'0',	'23',	'2017-10-13 18:09:54',	'2017-10-13 13:09:54'),
('2367',	'Impuesto a las ventas retenido',	'0',	'23',	'2017-10-13 18:09:54',	'2017-10-13 13:09:54'),
('2368',	'Impuesto de industria y comercio retenido',	'0',	'23',	'2017-10-13 18:09:54',	'2017-10-13 13:09:54'),
('2370',	'Retenciones y aportes de nomina',	'0',	'23',	'2017-10-13 18:09:54',	'2017-10-13 13:09:54'),
('2375',	'Cuotas por devolver',	'0',	'23',	'2017-10-13 18:09:54',	'2017-10-13 13:09:54'),
('2380',	'Acreedores varios',	'0',	'23',	'2017-10-13 18:09:54',	'2017-10-13 13:09:54'),
('2404',	'De renta y complementarios',	'0',	'24',	'2017-10-13 18:09:54',	'2017-10-13 13:09:54'),
('2408',	'Impuesto sobre las ventas por pagar',	'0',	'24',	'2017-10-13 18:09:54',	'2017-10-13 13:09:54'),
('2412',	'De industria y comercio',	'0',	'24',	'2017-10-13 18:09:54',	'2017-10-13 13:09:54'),
('2416',	'A la propiedad raiz',	'0',	'24',	'2017-10-13 18:09:54',	'2017-10-13 13:09:54'),
('2420',	'Derechos sobre instrumentos publicos',	'0',	'24',	'2017-10-13 18:09:54',	'2017-10-13 13:09:54'),
('2424',	' De valorizacion',	'0',	'24',	'2017-10-13 18:09:54',	'2017-10-13 13:09:54'),
('2428',	'De turismo',	'0',	'24',	'2017-10-13 18:09:54',	'2017-10-13 13:09:54'),
('2432',	'Tasa por utilizacion de puertos',	'0',	'24',	'2017-10-13 18:09:54',	'2017-10-13 13:09:54'),
('2436',	'De vehiculos',	'0',	'24',	'2017-10-13 18:09:54',	'2017-10-13 13:09:54'),
('2440',	'De espectaculos publicos',	'0',	'24',	'2017-10-13 18:09:54',	'2017-10-13 13:09:54'),
('2444',	'De hidrocarburos y minas',	'0',	'24',	'2017-10-13 18:09:54',	'2017-10-13 13:09:54'),
('2448',	'Regalias e impuestos a la pequea y mediana m',	'0',	'24',	'2017-10-13 18:09:54',	'2017-10-13 13:09:54'),
('2452',	'A las exportaciones cafeteras',	'0',	'24',	'2017-10-13 18:09:54',	'2017-10-13 13:09:54'),
('2456',	'A las importaciones',	'0',	'24',	'2017-10-13 18:09:54',	'2017-10-13 13:09:54'),
('2460',	'Cuotas de fomento',	'0',	'24',	'2017-10-13 18:09:54',	'2017-10-13 13:09:54'),
('2464',	'De licores, cervezas y cigarrillos',	'0',	'24',	'2017-10-13 18:09:54',	'2017-10-13 13:09:54'),
('2468',	'Al sacrificio de ganado',	'0',	'24',	'2017-10-13 18:09:54',	'2017-10-13 13:09:54'),
('2472',	'Al azar y juegos',	'0',	'24',	'2017-10-13 18:09:54',	'2017-10-13 13:09:54'),
('2476',	'Gravamenes y regalias por utilizacion del sue',	'0',	'24',	'2017-10-13 18:09:54',	'2017-10-13 13:09:54'),
('2495',	'Otros',	'0',	'24',	'2017-10-13 18:09:54',	'2017-10-13 13:09:54'),
('2505',	'Salarios por pagar',	'0',	'25',	'2017-10-13 18:09:54',	'2017-10-13 13:09:54'),
('2510',	'Cesantias consolidadas',	'0',	'25',	'2017-10-13 18:09:54',	'2017-10-13 13:09:54'),
('2515',	'Intereses sobre cesantias',	'0',	'25',	'2017-10-13 18:09:54',	'2017-10-13 13:09:54'),
('2520',	'Prima de servicios',	'0',	'25',	'2017-10-13 18:09:54',	'2017-10-13 13:09:54'),
('2525',	'Vacaciones consolidadas',	'0',	'25',	'2017-10-13 18:09:54',	'2017-10-13 13:09:54'),
('2530',	'Prestaciones extralegales',	'0',	'25',	'2017-10-13 18:09:54',	'2017-10-13 13:09:54'),
('2532',	'Pensiones por pagar',	'0',	'25',	'2017-10-13 18:09:54',	'2017-10-13 13:09:54'),
('2535',	'Cuotas partes pensiones de jubilacion',	'0',	'25',	'2017-10-13 18:09:54',	'2017-10-13 13:09:54'),
('2540',	'Indemnizaciones laborales',	'0',	'25',	'2017-10-13 18:09:54',	'2017-10-13 13:09:54'),
('2605',	'Para costos y gastos',	'0',	'26',	'2017-10-13 18:09:54',	'2017-10-13 13:09:54'),
('2610',	'Para obligaciones laborales',	'0',	'26',	'2017-10-13 18:09:54',	'2017-10-13 13:09:54'),
('2615',	'Para obligaciones fiscales',	'0',	'26',	'2017-10-13 18:09:54',	'2017-10-13 13:09:54'),
('2620',	'Pensiones de jubilacion',	'0',	'26',	'2017-10-13 18:09:54',	'2017-10-13 13:09:54'),
('2625',	'Para obras de urbanismo',	'0',	'26',	'2017-10-13 18:09:54',	'2017-10-13 13:09:54'),
('2630',	'Para mantenimiento y reparaciones',	'0',	'26',	'2017-10-13 18:09:54',	'2017-10-13 13:09:54'),
('2635',	'Para contingencias',	'0',	'26',	'2017-10-13 18:09:54',	'2017-10-13 13:09:54'),
('2640',	'Para obligaciones de garantias',	'0',	'26',	'2017-10-13 18:09:54',	'2017-10-13 13:09:54'),
('2695',	'Provisiones diversas',	'0',	'26',	'2017-10-13 18:09:54',	'2017-10-13 13:09:54'),
('2705',	'Ingresos recibidos por anticipado',	'0',	'27',	'2017-10-13 18:09:54',	'2017-10-13 13:09:54'),
('2710',	'Abonos diferidos',	'0',	'27',	'2017-10-13 18:09:54',	'2017-10-13 13:09:54'),
('2715',	'Utilidad diferida en ventas a plazos',	'0',	'27',	'2017-10-13 18:09:54',	'2017-10-13 13:09:54'),
('2720',	'Credito por correccion monetaria diferida',	'0',	'27',	'2017-10-13 18:09:54',	'2017-10-13 13:09:54'),
('2725',	'Impuestos diferidos',	'0',	'27',	'2017-10-13 18:09:54',	'2017-10-13 13:09:54'),
('2805',	'Anticipos y avances recibidos',	'0',	'28',	'2017-10-13 18:09:54',	'2017-10-13 13:09:54'),
('2810',	'Depositos recibidos',	'0',	'28',	'2017-10-13 18:09:54',	'2017-10-13 13:09:54'),
('2815',	'Ingresos recibidos para terceros',	'0',	'28',	'2017-10-13 18:09:54',	'2017-10-13 13:09:54'),
('2820',	'Cuentas de operacion conjunta',	'0',	'28',	'2017-10-13 18:09:54',	'2017-10-13 13:09:54'),
('2825',	'Retenciones a terceros sobre contratos',	'0',	'28',	'2017-10-13 18:09:54',	'2017-10-13 13:09:54'),
('2830',	'Embargos judiciales',	'0',	'28',	'2017-10-13 18:09:54',	'2017-10-13 13:09:54'),
('2835',	'Acreedores del sistema',	'0',	'28',	'2017-10-13 18:09:54',	'2017-10-13 13:09:54'),
('2840',	'Cuentas en participacion',	'0',	'28',	'2017-10-13 18:09:54',	'2017-10-13 13:09:54'),
('2895',	'Diversos',	'0',	'28',	'2017-10-13 18:09:54',	'2017-10-13 13:09:54'),
('2905',	'Bonos en circulacion',	'0',	'29',	'2017-10-13 18:09:54',	'2017-10-13 13:09:54'),
('2910',	'Bonos obligatoriamente convertibles en accion',	'0',	'29',	'2017-10-13 18:09:54',	'2017-10-13 13:09:54'),
('2915',	'Papeles comerciales',	'0',	'29',	'2017-10-13 18:09:54',	'2017-10-13 13:09:54'),
('2920',	'Bonos pensionales',	'0',	'29',	'2017-10-13 18:09:54',	'2017-10-13 13:09:54'),
('2925',	'Titulos pensionales',	'0',	'29',	'2017-10-13 18:09:54',	'2017-10-13 13:09:54'),
('3105',	'Capital suscrito y pagado',	'0',	'31',	'2017-10-13 18:09:54',	'2017-10-13 13:09:54'),
('3115',	'Aportes sociales',	'0',	'31',	'2017-10-13 18:09:54',	'2017-10-13 13:09:54'),
('3120',	'Capital asignado',	'0',	'31',	'2017-10-13 18:09:54',	'2017-10-13 13:09:54'),
('3125',	'Inversi?n suplementaria al capital asignado',	'0',	'31',	'2017-10-13 18:09:54',	'2017-10-13 13:09:54'),
('3130',	'Capital de personas naturales',	'0',	'31',	'2017-10-13 18:09:54',	'2017-10-13 13:09:54'),
('3135',	'Aportes del Estado',	'0',	'31',	'2017-10-13 18:09:54',	'2017-10-13 13:09:54'),
('3140',	'Fondo social',	'0',	'31',	'2017-10-13 18:09:54',	'2017-10-13 13:09:54'),
('3205',	'Prima en colocaci?n de acciones, cuotas o par',	'0',	'32',	'2017-10-13 18:09:54',	'2017-10-13 13:09:54'),
('3210',	'Donaciones',	'0',	'32',	'2017-10-13 18:09:54',	'2017-10-13 13:09:54'),
('3215',	'Cr?dito mercantil',	'0',	'32',	'2017-10-13 18:09:54',	'2017-10-13 13:09:54'),
('3220',	'Know how',	'0',	'32',	'2017-10-13 18:09:54',	'2017-10-13 13:09:54'),
('3225',	'Super?vit m?todo de participaci',	'0',	'32',	'2017-10-13 18:09:54',	'2017-10-13 13:09:54'),
('3305',	'Reservas obligatorias',	'0',	'33',	'2017-10-13 18:09:54',	'2017-10-13 13:09:54'),
('3310',	'Reservas estatutarias',	'0',	'33',	'2017-10-13 18:09:54',	'2017-10-13 13:09:54'),
('3315',	'Reservas ocasionales',	'0',	'33',	'2017-10-13 18:09:54',	'2017-10-13 13:09:54'),
('3405',	'Ajustes por inflaci',	'0',	'34',	'2017-10-13 18:09:54',	'2017-10-13 13:09:54'),
('3410',	'Saneamiento fiscal',	'0',	'34',	'2017-10-13 18:09:54',	'2017-10-13 13:09:54'),
('3415',	'Ajustes por inflaci?n Decreto 3019 de 1989',	'0',	'34',	'2017-10-13 18:09:54',	'2017-10-13 13:09:54'),
('3505',	'Dividendos decretados en acciones',	'0',	'35',	'2017-10-13 18:09:54',	'2017-10-13 13:09:54'),
('3510',	'Participaciones decretadas en cuotas o partes',	'0',	'35',	'2017-10-13 18:09:54',	'2017-10-13 13:09:54'),
('3605',	'Utilidad del ejercicio',	'0',	'36',	'2017-10-13 18:09:54',	'2017-10-13 13:09:54'),
('3610',	'P?rdida del ejercicio',	'0',	'36',	'2017-10-13 18:09:54',	'2017-10-13 13:09:54'),
('3705',	'Utilidades acumuladas',	'0',	'37',	'2017-10-13 18:09:54',	'2017-10-13 13:09:54'),
('3710',	'P?rdidas acumuladas',	'0',	'37',	'2017-10-13 18:09:54',	'2017-10-13 13:09:54'),
('3805',	'De inversiones',	'0',	'38',	'2017-10-13 18:09:54',	'2017-10-13 13:09:54'),
('3810',	'De propiedades, planta y equipo',	'0',	'38',	'2017-10-13 18:09:54',	'2017-10-13 13:09:54'),
('3895',	'De otros activos',	'0',	'38',	'2017-10-13 18:09:54',	'2017-10-13 13:09:54'),
('4105',	'Agricultura, ganaderia, caza y silvicultura',	'0',	'41',	'2017-10-13 18:09:54',	'2017-10-13 13:09:54'),
('4110',	'Pesca',	'0',	'41',	'2017-10-13 18:09:54',	'2017-10-13 13:09:54'),
('4115',	'Explotaci?n de minas y canteras',	'0',	'41',	'2017-10-13 18:09:54',	'2017-10-13 13:09:54'),
('4120',	'Industrias manufactureras',	'0',	'41',	'2017-10-13 18:09:54',	'2017-10-13 13:09:54'),
('4125',	'Suministro de electricidad, gas y agua',	'0',	'41',	'2017-10-13 18:09:54',	'2017-10-13 13:09:54'),
('4130',	'Construcci',	'0',	'41',	'2017-10-13 18:09:54',	'2017-10-13 13:09:54'),
('4135',	'Comercio al por mayor y al por menor',	'0',	'41',	'2017-10-13 18:09:54',	'2017-10-13 13:09:54'),
('4140',	'Hoteles y restaurantes',	'0',	'41',	'2017-10-13 18:09:54',	'2017-10-13 13:09:54'),
('4145',	'Transporte, almacenamiento y comunicaciones',	'0',	'41',	'2017-10-13 18:09:54',	'2017-10-13 13:09:54'),
('4150',	'Actividad financiera',	'0',	'41',	'2017-10-13 18:09:54',	'2017-10-13 13:09:54'),
('4155',	'Actividades inmobiliarias, empresariales y de',	'0',	'41',	'2017-10-13 18:09:54',	'2017-10-13 13:09:54'),
('4160',	'Ense?anza',	'0',	'41',	'2017-10-13 18:09:54',	'2017-10-13 13:09:54'),
('4165',	'Servicios sociales y de salud',	'0',	'41',	'2017-10-13 18:09:54',	'2017-10-13 13:09:54'),
('4170',	'Otras actividades de servicios comunitarios, ',	'0',	'41',	'2017-10-13 18:09:54',	'2017-10-13 13:09:54'),
('4175',	'Devoluciones en ventas (DB)',	'0',	'41',	'2017-10-13 18:09:54',	'2017-10-13 13:09:54'),
('4205',	'Otras ventas',	'0',	'42',	'2017-10-13 18:09:54',	'2017-10-13 13:09:54'),
('4210',	'Financieros',	'0',	'42',	'2017-10-13 18:09:54',	'2017-10-13 13:09:54'),
('4215',	'Dividendos y participaciones',	'0',	'42',	'2017-10-13 18:09:54',	'2017-10-13 13:09:54'),
('4218',	'Ingresos m?todo de participaci',	'0',	'42',	'2017-10-13 18:09:54',	'2017-10-13 13:09:54'),
('4220',	'Arrendamientos',	'0',	'42',	'2017-10-13 18:09:54',	'2017-10-13 13:09:54'),
('4225',	'Comisiones',	'0',	'42',	'2017-10-13 18:09:54',	'2017-10-13 13:09:54'),
('4230',	'Honorarios',	'0',	'42',	'2017-10-13 18:09:54',	'2017-10-13 13:09:54'),
('4235',	'Servicios',	'0',	'42',	'2017-10-13 18:09:54',	'2017-10-13 13:09:54'),
('4240',	'Utilidad en venta de inversiones',	'0',	'42',	'2017-10-13 18:09:54',	'2017-10-13 13:09:54'),
('4245',	'Utilidad en venta de propiedades, planta y eq',	'0',	'42',	'2017-10-13 18:09:54',	'2017-10-13 13:09:54'),
('4248',	'Utilidad en venta de otros bienes',	'0',	'42',	'2017-10-13 18:09:54',	'2017-10-13 13:09:54'),
('4250',	'Recuperaciones',	'0',	'42',	'2017-10-13 18:09:54',	'2017-10-13 13:09:54'),
('4255',	'Indemnizaciones',	'0',	'42',	'2017-10-13 18:09:54',	'2017-10-13 13:09:54'),
('4260',	'Participaciones en concesiones',	'0',	'42',	'2017-10-13 18:09:54',	'2017-10-13 13:09:54'),
('4265',	'Ingresos de ejercicios anteriores',	'0',	'42',	'2017-10-13 18:09:54',	'2017-10-13 13:09:54'),
('4275',	'Devoluciones en otras ventas (DB)',	'0',	'42',	'2017-10-13 18:09:54',	'2017-10-13 13:09:54'),
('4295',	'Diversos',	'0',	'42',	'2017-10-13 18:09:54',	'2017-10-13 13:09:54'),
('4705',	'Correcci?n monetaria',	'0',	'47',	'2017-10-13 18:09:54',	'2017-10-13 13:09:54'),
('5105',	'Gastos de personal',	'0',	'51',	'2017-10-13 18:09:54',	'2017-10-13 13:09:54'),
('5110',	'Honorarios',	'0',	'51',	'2017-10-13 18:09:54',	'2017-10-13 13:09:54'),
('5115',	'Impuestos',	'0',	'51',	'2017-10-13 18:09:54',	'2017-10-13 13:09:54'),
('5120',	'Arrendamientos',	'0',	'51',	'2017-10-13 18:09:54',	'2017-10-13 13:09:54'),
('5125',	'Contribuciones y afiliaciones',	'0',	'51',	'2017-10-13 18:09:54',	'2017-10-13 13:09:54'),
('5130',	'Seguros',	'0',	'51',	'2017-10-13 18:09:54',	'2017-10-13 13:09:54'),
('5135',	'Servicios',	'0',	'51',	'2017-10-13 18:09:54',	'2017-10-13 13:09:54'),
('5140',	'Gastos legales',	'0',	'51',	'2017-10-13 18:09:54',	'2017-10-13 13:09:54'),
('5145',	'Mantenimiento y reparaciones',	'0',	'51',	'2017-10-13 18:09:54',	'2017-10-13 13:09:54'),
('5150',	'Adecuaci?n e instalaci',	'0',	'51',	'2017-10-13 18:09:54',	'2017-10-13 13:09:54'),
('5155',	'Gastos de viaje',	'0',	'51',	'2017-10-13 18:09:54',	'2017-10-13 13:09:54'),
('5160',	'Depreciaciones',	'0',	'51',	'2017-10-13 18:09:54',	'2017-10-13 13:09:54'),
('5165',	'Amortizaciones',	'0',	'51',	'2017-10-13 18:09:54',	'2017-10-13 13:09:54'),
('5195',	'Diversos',	'0',	'51',	'2017-10-13 18:09:54',	'2017-10-13 13:09:54'),
('5199',	'Provisiones',	'0',	'51',	'2017-10-13 18:09:54',	'2017-10-13 13:09:54'),
('5205',	'Gastos de personal',	'0',	'52',	'2017-10-13 18:09:54',	'2017-10-13 13:09:54'),
('5210',	'Honorarios',	'0',	'52',	'2017-10-13 18:09:54',	'2017-10-13 13:09:54'),
('5215',	'Impuestos',	'0',	'52',	'2017-10-13 18:09:54',	'2017-10-13 13:09:54'),
('5220',	'Arrendamientos',	'0',	'52',	'2017-10-13 18:09:54',	'2017-10-13 13:09:54'),
('5225',	'Contribuciones y afiliaciones',	'0',	'52',	'2017-10-13 18:09:54',	'2017-10-13 13:09:54'),
('5230',	'Seguros',	'0',	'52',	'2017-10-13 18:09:54',	'2017-10-13 13:09:54'),
('5235',	'Servicios',	'0',	'52',	'2017-10-13 18:09:54',	'2017-10-13 13:09:54'),
('5240',	'Gastos legales',	'0',	'52',	'2017-10-13 18:09:54',	'2017-10-13 13:09:54'),
('5245',	'Mantenimiento y reparaciones',	'0',	'52',	'2017-10-13 18:09:54',	'2017-10-13 13:09:54'),
('5250',	'Adecuaci?n e instalaci',	'0',	'52',	'2017-10-13 18:09:54',	'2017-10-13 13:09:54'),
('5255',	'Gastos de viaje',	'0',	'52',	'2017-10-13 18:09:54',	'2017-10-13 13:09:54'),
('5260',	'Depreciaciones',	'0',	'52',	'2017-10-13 18:09:54',	'2017-10-13 13:09:54'),
('5265',	'Amortizaciones',	'0',	'52',	'2017-10-13 18:09:54',	'2017-10-13 13:09:54'),
('5270',	'Financieros-reajuste del sistema',	'0',	'52',	'2017-10-13 18:09:54',	'2017-10-13 13:09:54'),
('5275',	'P?rdidas m?todo de participaci',	'0',	'52',	'2017-10-13 18:09:54',	'2017-10-13 13:09:54'),
('5295',	'Diversos',	'0',	'52',	'2017-10-13 18:09:54',	'2017-10-13 13:09:54'),
('5299',	'Provisiones',	'0',	'52',	'2017-10-13 18:09:54',	'2017-10-13 13:09:54'),
('5305',	'Financieros',	'0',	'53',	'2017-10-13 18:09:54',	'2017-10-13 13:09:54'),
('5310',	'P?rdida en venta y retiro de bienes',	'0',	'53',	'2017-10-13 18:09:54',	'2017-10-13 13:09:54'),
('5313',	'P?rdidas m?todo de participaci',	'0',	'53',	'2017-10-13 18:09:54',	'2017-10-13 13:09:54'),
('5315',	'Gastos extraordinarios',	'0',	'53',	'2017-10-13 18:09:54',	'2017-10-13 13:09:54'),
('5395',	'Gastos diversos',	'0',	'53',	'2017-10-13 18:09:54',	'2017-10-13 13:09:54'),
('5405',	'Impuesto de renta y complementarios',	'0',	'54',	'2017-10-13 18:09:54',	'2017-10-13 13:09:54'),
('5905',	'Ganancias y p?rdidas',	'0',	'59',	'2017-10-13 18:09:54',	'2017-10-13 13:09:54'),
('6105',	'Agricultura, ganader?a, caza y silvicultura',	'0',	'61',	'2017-10-13 18:09:54',	'2017-10-13 13:09:54'),
('6110',	'Pesca',	'0',	'61',	'2017-10-13 18:09:54',	'2017-10-13 13:09:54'),
('6115',	'Explotaci?n de minas y canteras',	'0',	'61',	'2017-10-13 18:09:54',	'2017-10-13 13:09:54'),
('6120',	'Industrias manufactureras',	'0',	'61',	'2017-10-13 18:09:54',	'2017-10-13 13:09:54'),
('6125',	'Suministro de electricidad, gas y agua',	'0',	'61',	'2017-10-13 18:09:54',	'2017-10-13 13:09:54'),
('6130',	'Construcci',	'0',	'61',	'2017-10-13 18:09:54',	'2017-10-13 13:09:54'),
('6135',	'Comercio al por mayor y al por menor',	'0',	'61',	'2017-10-13 18:09:54',	'2017-10-13 13:09:54'),
('6140',	'Hoteles y restaurantes',	'0',	'61',	'2017-10-13 18:09:54',	'2017-10-13 13:09:54'),
('6145',	'Transporte, almacenamiento y comunicaciones',	'0',	'61',	'2017-10-13 18:09:54',	'2017-10-13 13:09:54'),
('6150',	'Actividad financiera',	'0',	'61',	'2017-10-13 18:09:54',	'2017-10-13 13:09:54'),
('6155',	'Actividades inmobiliarias, empresariales y de',	'0',	'61',	'2017-10-13 18:09:54',	'2017-10-13 13:09:54'),
('6160',	'Ense?anza',	'0',	'61',	'2017-10-13 18:09:54',	'2017-10-13 13:09:54'),
('6165',	'Servicios sociales y de salud',	'0',	'61',	'2017-10-13 18:09:54',	'2017-10-13 13:09:54'),
('6170',	'Otras actividades de servicios comunitarios, ',	'0',	'61',	'2017-10-13 18:09:54',	'2017-10-13 13:09:54'),
('6205',	'De mercanc?as',	'0',	'62',	'2017-10-13 18:09:54',	'2017-10-13 13:09:54'),
('6210',	'De materias primas',	'0',	'62',	'2017-10-13 18:09:54',	'2017-10-13 13:09:54'),
('6215',	'De materiales indirectos',	'0',	'62',	'2017-10-13 18:09:54',	'2017-10-13 13:09:54'),
('6220',	'Compra de energ',	'0',	'62',	'2017-10-13 18:09:54',	'2017-10-13 13:09:54'),
('6225',	'Devoluciones en compras (CR)',	'0',	'62',	'2017-10-13 18:09:54',	'2017-10-13 13:09:54'),
('7101',	'Materia Prima',	NULL,	'71',	'2017-10-13 18:09:54',	'2017-10-13 13:09:54'),
('7201',	'Mano de Obra Directa',	NULL,	'72',	'2017-10-13 18:09:54',	'2017-10-13 13:09:54'),
('7301',	'Costos Indirectos',	NULL,	'73',	'2017-10-13 18:09:54',	'2017-10-13 13:09:54'),
('7401',	'Contratos de Servicios',	NULL,	'74',	'2017-10-13 18:09:54',	'2017-10-13 13:09:54'),
('8105',	'Bienes y valores entregados en custodia',	'0',	'81',	'2017-10-13 18:09:54',	'2017-10-13 13:09:54'),
('8110',	'Bienes y valores entregados en garant',	'0',	'81',	'2017-10-13 18:09:54',	'2017-10-13 13:09:54'),
('8115',	'Bienes y valores en poder de terceros',	'0',	'81',	'2017-10-13 18:09:54',	'2017-10-13 13:09:54'),
('8120',	'Litigios y/o demandas',	'0',	'81',	'2017-10-13 18:09:54',	'2017-10-13 13:09:54'),
('8125',	'Promesas de compraventa',	'0',	'81',	'2017-10-13 18:09:54',	'2017-10-13 13:09:54'),
('8195',	'Diversas',	'0',	'81',	'2017-10-13 18:09:54',	'2017-10-13 13:09:54'),
('8305',	'Bienes recibidos en arrendamiento financiero',	'0',	'83',	'2017-10-13 18:09:54',	'2017-10-13 13:09:54'),
('8310',	'T?tulos de inversi?n no colocados',	'0',	'83',	'2017-10-13 18:09:54',	'2017-10-13 13:09:54'),
('8315',	'Propiedades, planta y equipo totalmente depre',	'0',	'83',	'2017-10-13 18:09:54',	'2017-10-13 13:09:54'),
('8320',	'Cr?ditos a favor no utilizados',	'0',	'83',	'2017-10-13 18:09:54',	'2017-10-13 13:09:54'),
('8325',	'Activos castigados',	'0',	'83',	'2017-10-13 18:09:54',	'2017-10-13 13:09:54'),
('8330',	'T?tulos de inversi?n amortizados',	'0',	'83',	'2017-10-13 18:09:54',	'2017-10-13 13:09:54'),
('8335',	'Capitalizaci?n por revalorizaci?n de patrimon',	'0',	'83',	'2017-10-13 18:09:54',	'2017-10-13 13:09:54'),
('8395',	'Otras cuentas deudoras de control',	'0',	'83',	'2017-10-13 18:09:54',	'2017-10-13 13:09:54'),
('8399',	'Ajustes por inflaci?n activos',	'0',	'83',	'2017-10-13 18:09:54',	'2017-10-13 13:09:54'),
('9105',	'10Bienes muebles',	'0',	'91',	'2017-10-13 18:09:54',	'2017-10-13 13:09:54'),
('9110',	'Bienes y valores recibidos en garant',	'0',	'91',	'2017-10-13 18:09:54',	'2017-10-13 13:09:54'),
('9115',	'Bienes y valores recibidos de terceros',	'0',	'91',	'2017-10-13 18:09:54',	'2017-10-13 13:09:54'),
('9120',	'Litigios y/o demandas',	'0',	'91',	'2017-10-13 18:09:54',	'2017-10-13 13:09:54'),
('9125',	'Promesas de compraventa',	'0',	'91',	'2017-10-13 18:09:54',	'2017-10-13 13:09:54'),
('9130',	'Contratos de administraci?n delegada',	'0',	'91',	'2017-10-13 18:09:54',	'2017-10-13 13:09:54'),
('9135',	'Cuentas en participaci',	'0',	'91',	'2017-10-13 18:09:54',	'2017-10-13 13:09:54'),
('9195',	'Otras responsabilidades contingentes',	'0',	'91',	'2017-10-13 18:09:54',	'2017-10-13 13:09:54'),
('9305',	'Contratos de arrendamiento financiero',	'0',	'93',	'2017-10-13 18:09:54',	'2017-10-13 13:09:54'),
('9395',	'Otras cuentas de orden acreedoras de control',	'0',	'93',	'2017-10-13 18:09:54',	'2017-10-13 13:09:54'),
('9399',	'Ajustes por inflaci?n patrimonio',	'0',	'93',	'2017-10-13 18:09:54',	'2017-10-13 13:09:54');

INSERT INTO `cuentasfrecuentes` (`CuentaPUC`, `Nombre`, `ClaseCuenta`, `UsoFuturo`, `Updated`, `Sync`) VALUES
('110505',	'CAJA GENERAL',	'ACTIVOS',	'',	'2017-10-13 18:09:57',	'2017-10-13 13:09:57'),
('11051001',	'CAJA MENOR CAJA 1',	'ACTIVOS',	'',	'2017-10-13 18:09:57',	'2017-10-13 13:09:57'),
('11051002',	'CAJA MENOR CAJA 2',	'ACTIVOS',	'',	'2017-10-13 18:09:57',	'2017-10-13 13:09:57'),
('11100501',	'CUENTA DE AHORROS DAVIVIENDA',	'ACTIVOS',	'_',	'2017-10-13 18:09:57',	'2017-10-13 13:09:57'),
('523505',	'Aseo y vigilacia',	'EGRESOS',	'',	'2017-10-13 18:09:57',	'2017-10-13 13:09:57');

















INSERT INTO `egresos_tipo` (`id`, `Nombre`, `Cuentas_idCuentas`, `Visible`, `Updated`, `Sync`) VALUES
(1,	'Gastos de Personal',	5105,	1,	'2017-10-13 18:10:28',	'2017-10-13 13:10:28'),
(2,	'Honorarios',	5110,	1,	'2017-10-13 18:10:28',	'2017-10-13 13:10:28'),
(3,	'Impuestos',	5115,	1,	'2017-10-13 18:10:28',	'2017-10-13 13:10:28'),
(4,	'Arrendamientos',	5120,	1,	'2017-10-13 18:10:28',	'2017-10-13 13:10:28'),
(5,	'Seguros',	5130,	1,	'2017-10-13 18:10:28',	'2017-10-13 13:10:28'),
(6,	'Servicios',	5135,	1,	'2017-10-13 18:10:28',	'2017-10-13 13:10:28'),
(7,	'Gastos Legales',	5140,	1,	'2017-10-13 18:10:28',	'2017-10-13 13:10:28'),
(8,	'Mantenimiento y Reparaciones',	5145,	1,	'2017-10-13 18:10:28',	'2017-10-13 13:10:28'),
(9,	'Adecuacion e instalacion',	5150,	1,	'2017-10-13 18:10:28',	'2017-10-13 13:10:28'),
(10,	'Gastos de Viaje',	5155,	1,	'2017-10-13 18:10:28',	'2017-10-13 13:10:28'),
(11,	'Diversos',	5195,	1,	'2017-10-13 18:10:28',	'2017-10-13 13:10:28'),
(12,	'Costos',	71,	1,	'2017-10-13 18:10:28',	'2017-10-13 13:10:28'),
(50,	'Mercancias no fabricadas por la empresa',	1435,	1,	'2017-10-13 18:10:28',	'2017-10-13 13:10:28'),
(51,	'Equipo Medico Cientifico',	1532,	1,	'2017-10-13 18:10:28',	'2017-10-13 13:10:28'),
(52,	'Equipos de Oficina',	1524,	1,	'2017-10-13 18:10:28',	'2017-10-13 13:10:28'),
(53,	'Equipos de Computacion y Comunicacion',	1528,	1,	'2017-10-13 18:10:28',	'2017-10-13 13:10:28');

INSERT INTO `empresapro` (`idEmpresaPro`, `RazonSocial`, `NIT`, `DigitoVerificacion`, `Direccion`, `Barrio`, `Telefono`, `Celular`, `Ciudad`, `ResolucionDian`, `Regimen`, `MatriculoMercantil`, `Email`, `WEB`, `ObservacionesLegales`, `PuntoEquilibrio`, `DatosBancarios`, `RutaImagen`, `FacturaSinInventario`, `CXPAutomaticas`, `Updated`, `Sync`) VALUES
(1,	'TECHNO SOLUCIONES SAS',	900833180,	7,	'CARRERA 17 7 18',	'JOSE MARIA CABAL',	'3177740609',	'3177740609',	'GUADALAJARA DE BUGA',	'IVA REGIMEN COMUN\r\nACTIVIDAD ECONOMICA CIIU 8020\r\n',	'COMUN',	0,	'info@technosoluciones.com',	'www.technosoluciones.com',	'Esta Factura de Venta se asimila en todos sus efectos a una letra de cambio (Art. 621 y siguientes del Codigo de Comercio). En caso de mora se causaran los intereses legales Vigentes.',	5000000,	'_',	'LogosEmpresas/logotipo1.png',	'SI',	'SI',	'2018-12-12 04:11:04',	'2017-10-13 13:10:34');

INSERT INTO `empresapro_regimenes` (`ID`, `Regimen`, `Updated`, `Sync`) VALUES
(1,	'COMUN',	'2018-10-08 09:03:47',	'0000-00-00 00:00:00'),
(2,	'SIMPLIFICADO',	'2018-10-08 09:03:47',	'0000-00-00 00:00:00');

INSERT INTO `empresapro_resoluciones_facturacion` (`ID`, `NombreInterno`, `NumResolucion`, `Fecha`, `NumSolicitud`, `Tipo`, `Factura`, `Prefijo`, `Desde`, `Hasta`, `FechaVencimiento`, `idEmpresaPro`, `Estado`, `Completada`, `Updated`, `Sync`) VALUES
(1,	'Facturas por computador',	'150000055430',	'2015-03-26',	'242',	'02',	'Computador',	'A',	1,	1000,	'2017-03-26',	1,	'',	'NO',	'2018-08-04 03:23:47',	'2017-10-20 10:29:51'),
(2,	'Facturas por POS',	'1555431',	'2016-03-28',	'248',	'03',	'POS',	'B',	1001,	2000,	'2017-03-27',	1,	'',	'NO',	'2017-10-13 18:10:36',	'2017-10-13 13:10:36');

INSERT INTO `empresa_pro_sucursales` (`ID`, `Nombre`, `Ciudad`, `Direccion`, `idEmpresaPro`, `Visible`, `Actual`, `idServidor`, `Updated`, `Sync`) VALUES
(1,	'TECHNO YOTOCO',	'YOTOCO',	'',	1,	'SI',	'1',	0,	'2017-10-13 18:10:31',	'2017-10-13 13:10:31'),
(2,	'TECHNO BUGA',	'BUGA',	'',	1,	'SI',	'0',	3,	'2017-10-13 18:10:31',	'2017-10-13 13:10:31'),
(3,	'TECHNO GINEBRA',	'GINEBRA',	'',	1,	'SI',	'0',	0,	'2017-10-13 18:10:31',	'2017-10-13 13:10:31'),
(4,	'TECHNO SAN PEDRO',	'SAN PEDRO',	'',	1,	'SI',	'0',	0,	'2017-10-13 18:10:31',	'2017-10-13 13:10:31');















INSERT INTO `facturas_tipo_pago` (`ID`, `TipoPago`, `Leyenda`, `Updated`, `Sync`) VALUES
(1,	'Contado',	'Contado',	'2017-10-13 19:10:35',	'2017-10-13 14:10:35'),
(2,	'15',	'Credito a 15 dias',	'2017-10-13 19:10:35',	'2017-10-13 14:10:35'),
(3,	'30',	'Credito a 30 dias',	'2017-10-13 19:10:35',	'2017-10-13 14:10:35'),
(4,	'60',	'Credito a 60 dias',	'2017-10-13 19:10:35',	'2017-10-13 14:10:35'),
(5,	'90',	'Credito a 90 dias',	'2017-10-13 19:10:35',	'2017-10-13 14:10:35'),
(6,	'SisteCredito',	'SisteCredito',	'2017-10-13 19:10:35',	'2017-10-13 14:10:35');











INSERT INTO `formatos_calidad` (`ID`, `Nombre`, `Version`, `Codigo`, `Fecha`, `CuerpoFormato`, `NotasPiePagina`, `Updated`, `Sync`) VALUES
(1,	'PROPUESTA ECONOMICA',	'002',	'F-GA-015',	'2016-05-11',	'',	'Esta Propuesta tiene 15 dias de Vigencia',	'2017-10-13 19:10:40',	'2017-10-13 14:10:40'),
(2,	'FACTURA DE VENTA',	'001',	'F-GA-013',	'2016-05-11',	'',	'***GRACIAS POR SU COMPRA***; Los productos en promocion no tienen Cambio',	'2017-10-13 19:10:40',	'2017-10-13 14:10:40'),
(3,	'CONTROL DE MANTENIMIENTO',	'001',	'F-GO-001',	'2016-05-11',	'',	'',	'2017-10-13 19:10:40',	'2017-10-13 14:10:40'),
(4,	'COMPROBANTE DE INGRESO',	'001',	'F-GA-016',	'2016-05-11',	'',	'',	'2017-10-13 19:10:40',	'2017-10-13 14:10:40'),
(5,	'ORDEN DE COMPRA',	'001',	'F-GA-006',	'2016-05-11',	'',	'',	'2017-10-13 19:10:40',	'2017-10-13 14:10:40'),
(6,	'ORDEN DE SERVICIO',	'001',	'F-GA-014',	'2016-05-11',	'',	'',	'2017-10-13 19:10:40',	'2017-10-13 14:10:40'),
(7,	'REMISION',	'001',	'F-GA-012',	'2016-05-11',	'',	'Certifico que los equipos o mercancia entregada se recibio completa y en buen estado y me hago totalmente responsable del buen uso que se le de, asi mismo a pagar los faltantes que se produzcan.',	'2017-10-13 19:10:40',	'2017-10-13 14:10:40'),
(8,	'SEGUIMIENTO COTIZACIONES',	'001',	'F-GC-001',	'2016-05-11',	'',	'',	'2017-10-13 19:10:40',	'2017-10-13 14:10:40'),
(9,	'COMPROBANTE DE AJUSTE DE REMISION',	'001',	'F-GA-030',	'2016-06-06',	'',	'Los elementos o articulos faltantes se cobraran por su valor en el comercio.',	'2017-10-13 19:10:40',	'2017-10-13 14:10:40'),
(10,	'NOTA DE CONTABILIDAD',	'001',	'F-GC-031',	'2016-06-06',	'',	'',	'2017-10-13 19:10:40',	'2017-10-13 14:10:40'),
(11,	'COMPROBANTE DE EGRESO',	'001',	'F-GC-032',	'2016-06-06',	'',	'',	'2017-10-13 19:10:40',	'2017-10-13 14:10:40'),
(12,	'COMPROBANTE DE CONTABILIDAD',	'001',	'F-GC-033',	'2016-06-06',	'',	'',	'2017-10-13 19:10:40',	'2017-10-13 14:10:40'),
(13,	'NOTA CREDITO',	'001',	'F-GC-034',	'2016-06-06',	'',	'',	'2017-10-13 19:10:40',	'2017-10-13 14:10:40'),
(14,	'INFORME DE MOVIMIENTO DE CUENTAS',	'001',	'F-GC-035',	'2016-06-06',	'',	'',	'2017-10-13 19:10:40',	'2017-10-13 14:10:40'),
(15,	'ESTADOS FINANCIEROS',	'001',	'F-GC-036',	'2016-06-06',	'',	'',	'2017-10-13 19:10:40',	'2017-10-13 14:10:40'),
(16,	'INFORME GENERAL DE VENTAS',	'001',	'F-GC-037',	'2016-06-06',	'',	'',	'2017-10-13 19:10:40',	'2017-10-13 14:10:40'),
(17,	'COMPROBANTE DE TRASLADO',	'001',	'F-GI-038',	'2016-06-06',	'',	'',	'2017-10-13 19:10:40',	'2017-10-13 14:10:40'),
(18,	'ACTA DE ENTREGA DE TITULOS',	'001',	'F-GI-040',	'2016-06-06',	'',	'',	'2017-10-13 19:10:40',	'2017-10-13 14:10:40'),
(19,	'AUXILIAR DETALLADO',	'001',	'F-GI-041',	'2016-06-06',	'',	'',	'2017-10-13 19:10:40',	'2017-10-13 14:10:40'),
(20,	'BALANCE COMPROBACION',	'001',	'F-GC-050',	'2016-06-06',	'',	'',	'2017-10-13 19:10:40',	'2017-10-13 14:10:40'),
(21,	'DATOS EXPORTADOS EN PDF',	'001',	'F-GC-051',	'2016-06-06',	'',	'',	'2017-10-13 19:10:40',	'2017-10-13 14:10:40'),
(22,	'TRASLADO DE TITULO',	'001',	'F-GC-052',	'2016-06-06',	'',	'',	'2017-10-13 19:10:40',	'2017-10-13 14:10:40'),
(23,	'FACTURA DE COMPRA',	'001',	'F-GC-002',	'2016-05-11',	'',	'',	'2017-10-20 15:30:00',	'2017-10-20 10:30:00'),
(24,	'INFORME FISCAL DE IVA',	'001',	'F-GF-005',	'2017-08-09',	'',	'',	'2017-10-13 19:10:40',	'2017-10-13 14:10:40'),
(25,	'COMPROBANTE DE BAJAS O ALTAS',	'001',	'F-GI-006',	'2017-08-09',	'',	'',	'2017-10-13 19:10:40',	'2017-10-13 14:10:40'),
(26,	'ESTADO DE RESULTADO INTEGRAL',	'001',	'F-GF-002',	'2017-08-09',	'',	'',	'2017-10-20 15:30:00',	'2017-10-20 10:30:00'),
(27,	'COBRO PREJURIDICO 1',	'001',	'F-GSL-001',	'2018-01-02',	'<p style=margin-left:0cm; margin-right:0cm; text-align:justify><span style=font-size:11pt><span style=font-family:&quot;Calibri&quot;,&quot;sans-serif&quot;><strong><span style=font-size:10.0pt><span style=font-family:&quot;Arial&quot;,&quot;sans-serif&quot;>Fundamento Legal</span></span></strong><span style=font-size:10.0pt><span style=font-family:&quot;Arial&quot;,&quot;sans-serif&quot;>: </span></span></span></span></p>\r\n\r\n<p style=margin-left:0cm; margin-right:0cm; text-align:justify><span style=font-size:11pt><span style=font-family:&quot;Calibri&quot;,&quot;sans-serif&quot;><strong><span style=font-size:10.0pt><span style=font-family:&quot;Arial&quot;,&quot;sans-serif&quot;>C&oacute;digo de Comercio</span></span></strong><span style=font-size:10.0pt><span style=font-family:&quot;Arial&quot;,&quot;sans-serif&quot;>: Arts. 864, 850, 851, 852, 853 y 884</span></span></span></span></p>\r\n\r\n<p style=margin-left:0cm; margin-right:0cm; text-align:justify><span style=font-size:11pt><span style=font-family:&quot;Calibri&quot;,&quot;sans-serif&quot;><strong><span style=font-size:10.0pt><span style=font-family:&quot;Arial&quot;,&quot;sans-serif&quot;>C&oacute;digo Civil</span></span></strong><span style=font-size:10.0pt><span style=font-family:&quot;Arial&quot;,&quot;sans-serif&quot;>: Arts. 1602, 1603, 1604, 1608 n&uacute;m. 1&ordm; y 2&ordm;, 1609, 1610 n&uacute;m. 3&ordm;, 1615, 1616, 1617 y 2232.</span></span></span></span></p>\r\n\r\n<p style=margin-left:0cm; margin-right:0cm; text-align:justify>&nbsp;</p>\r\n\r\n<p style=margin-left:0cm; margin-right:0cm; text-align:justify><span style=font-size:11pt><span style=font-family:&quot;Calibri&quot;,&quot;sans-serif&quot;><span style=font-size:10.0pt><span style=font-family:&quot;Arial&quot;,&quot;sans-serif&quot;>Conocedores de lo importante que representa para usted, su imagen crediticia y de lo que conlleva a un mejoramiento continuo en cuanto a las relaciones comerciales se refiere, nuestra Instituci&oacute;n lo invita a presentarse a la Central de Cartera ubicado en la Direcci&oacute;n: Carrera 4 N&deg; 0-93 Edificio Panorama-Popay&aacute;n Cauca, para dar cumplimiento oportuno a su compromiso comercial que se encuentra vencido; la cual se dar&aacute; aplicaci&oacute;n de car&aacute;cter supletorio con fundamento en las normas Comercial y Civil. En caso contrario le invitamos a comunicarse al tel&eacute;fono <strong>3146873552</strong>, para que reporte dentro del mes su respectiva fecha de pago, o en su defecto a las siguiente ruta electr&oacute;nica: </span></span><a href=mailto:carteraguapi2016@gmail style=color:blue; text-decoration:underline><strong><span style=font-size:10.0pt><span style=background-color:white><span style=font-family:&quot;Arial&quot;,&quot;sans-serif&quot;>carteraguapi2016@gmail</span></span></span></strong></a><strong><u><span style=font-size:10.0pt><span style=background-color:white><span style=font-family:&quot;Arial&quot;,&quot;sans-serif&quot;>.com</span></span></span></u></strong><u> </u><span style=font-size:10.0pt><span style=background-color:white><span style=font-family:&quot;Arial&quot;,&quot;sans-serif&quot;>incumplimiento de la obligaci&oacute;n de pagar por la prestaci&oacute;n del servicio de la Empresa Social del Estado HOSPITAL GUAPI puede acarrear la imposici&oacute;n de la sanci&oacute;n prevista en la ley, consistente en el pago, recordando que </span></span></span><span style=font-size:10.0pt><span style=background-color:white><span style=font-family:&quot;Arial&quot;,&quot;sans-serif&quot;><span style=color:black>no hay raz&oacute;n alguna que haga inconstitucional la aplicaci&oacute;n de dicha sanci&oacute;n pues se trata de una consecuencia que deviene del incumplimiento de la obligaci&oacute;n de pagar una suma de dinero.</span></span></span></span></span></span></p>\r\n\r\n<p style=margin-left:0cm; margin-right:0cm; text-align:justify>&nbsp;</p>\r\n\r\n<p style=margin-left:0cm; margin-right:0cm; text-align:justify><span style=font-size:11pt><span style=font-family:&quot;Calibri&quot;,&quot;sans-serif&quot;><span style=font-size:10.0pt><span style=background-color:white><span style=font-family:&quot;Arial&quot;,&quot;sans-serif&quot;><span style=color:black>La Sentencia C-389 de 2002, proferida por la Honorable Corte Constitucional en aparte jurisprudencial se desprende que el cobro de intereses de mora es facultativo y no obligatorio. En efecto, el legislador utiliz&oacute; el verbo&nbsp;<strong><u>podr&aacute;n</u></strong>, dejando a la empresa prestataria del servicio <strong><u>la facultad</u>&nbsp;</strong>de cobrarlos, rebajarlos o exonerarlos o hacer convenios con los deudores.</span></span></span></span></span></span></p>\r\n\r\n<p style=margin-left:0cm; margin-right:0cm; text-align:justify>&nbsp;</p>\r\n\r\n<p style=margin-left:0cm; margin-right:0cm; text-align:justify><span style=font-size:11pt><span style=font-family:&quot;Calibri&quot;,&quot;sans-serif&quot;><span style=font-size:10.0pt><span style=font-family:&quot;Arial&quot;,&quot;sans-serif&quot;>De otra parte, le informo que la Empresa Social del Estado HOSPITAL GUAPI, se encuentra vinculada al programa de Centrales de Riesgo DATACREDITO y CIFIN, reportando el comportamiento de pago de la obligaci&oacute;n en menci&oacute;n.</span></span></span></span></p>\r\n\r\n<p style=margin-left:0cm; margin-right:0cm; text-align:justify>&nbsp;</p>\r\n\r\n<p style=margin-left:0cm; margin-right:0cm; text-align:justify><span style=font-size:11pt><span style=font-family:&quot;Calibri&quot;,&quot;sans-serif&quot;><span style=font-size:10.0pt><span style=font-family:&quot;Arial&quot;,&quot;sans-serif&quot;>Si&nbsp;ya&nbsp;cancelo&nbsp;por&nbsp;favor&nbsp;haga&nbsp;caso&nbsp;omiso&nbsp;a&nbsp;esta&nbsp;comunicaci&oacute;n, sin otro en particular&nbsp;</span></span></span></span></p>\r\n\r\n<p style=margin-left:0cm; margin-right:0cm; text-align:justify>&nbsp;</p>\r\n\r\n<p style=margin-left:0cm; margin-right:0cm; text-align:justify><span style=font-size:11pt><span style=font-family:&quot;Calibri&quot;,&quot;sans-serif&quot;><span style=font-size:10.0pt><span style=font-family:&quot;Arial&quot;,&quot;sans-serif&quot;>Cordialmente,</span></span></span></span></p>\r\n\r\n<p style=margin-left:0cm; margin-right:0cm; text-align:justify>&nbsp;</p>\r\n\r\n<p style=margin-left:0cm; margin-right:0cm; text-align:justify>&nbsp;</p>\r\n\r\n<p style=margin-left:0cm; margin-right:0cm; text-align:justify><span style=font-size:11pt><span style=font-family:&quot;Calibri&quot;,&quot;sans-serif&quot;><strong><span style=font-size:10.0pt><span style=font-family:&quot;Arial&quot;,&quot;sans-serif&quot;>JOHN DIRLEY MORALES</span></span></strong></span></span></p>\r\n\r\n<p style=margin-left:0cm; margin-right:0cm; text-align:justify><span style=font-size:11pt><span style=font-family:&quot;Calibri&quot;,&quot;sans-serif&quot;><span style=font-size:10.0pt><span style=font-family:&quot;Arial&quot;,&quot;sans-serif&quot;>Jefe de Cartera </span></span></span></span></p>\r\n\r\n<p style=margin-left:0cm; margin-right:0cm; text-align:justify><span style=font-size:11pt><span style=font-family:&quot;Calibri&quot;,&quot;sans-serif&quot;><span style=font-size:10.0pt><span style=font-family:&quot;Arial&quot;,&quot;sans-serif&quot;>Empresa Social del Estado HOSPITAL GUAPI</span></span></span></span></p>\r\n',	'',	'2018-02-28 16:45:42',	'2017-10-20 10:30:00'),
(28,	'COBRO PREJURIDICO 2',	'001',	'F-GSL-002',	'2018-01-02',	'<p style=margin-left:0cm; margin-right:0cm; text-align:justify><span style=font-size:11pt><span style=font-family:&quot;Calibri&quot;,&quot;sans-serif&quot;><strong><span style=font-size:10.0pt><span style=font-family:&quot;Arial&quot;,&quot;sans-serif&quot;>Fundamento Legal</span></span></strong><span style=font-size:10.0pt><span style=font-family:&quot;Arial&quot;,&quot;sans-serif&quot;>: </span></span></span></span></p>\r\n\r\n<p style=margin-left:0cm; margin-right:0cm; text-align:justify><span style=font-size:11pt><span style=font-family:&quot;Calibri&quot;,&quot;sans-serif&quot;><strong><span style=font-size:10.0pt><span style=font-family:&quot;Arial&quot;,&quot;sans-serif&quot;>C&oacute;digo de Comercio</span></span></strong><span style=font-size:10.0pt><span style=font-family:&quot;Arial&quot;,&quot;sans-serif&quot;>: Arts. 864, 850, 851, 852, 853 y 884</span></span></span></span></p>\r\n\r\n<p style=margin-left:0cm; margin-right:0cm; text-align:justify><span style=font-size:11pt><span style=font-family:&quot;Calibri&quot;,&quot;sans-serif&quot;><strong><span style=font-size:10.0pt><span style=font-family:&quot;Arial&quot;,&quot;sans-serif&quot;>C&oacute;digo Civil</span></span></strong><span style=font-size:10.0pt><span style=font-family:&quot;Arial&quot;,&quot;sans-serif&quot;>: Arts. 1602, 1603, 1604, 1608 n&uacute;m. 1&ordm; y 2&ordm;, 1609, 1610 n&uacute;m. 3&ordm;, 1615, 1616, 1617 y 2232.</span></span></span></span></p>\r\n\r\n<p style=margin-left:0cm; margin-right:0cm; text-align:justify>&nbsp;</p>\r\n\r\n<p style=margin-left:0cm; margin-right:0cm; text-align:justify><span style=font-size:11pt><span style=font-family:&quot;Calibri&quot;,&quot;sans-serif&quot;><span style=font-size:10.0pt><span style=font-family:&quot;Arial&quot;,&quot;sans-serif&quot;>Conocedores de lo importante que representa para usted, su imagen crediticia y de lo que conlleva a un mejoramiento continuo en cuanto a las relaciones comerciales se refiere, nuestra Instituci&oacute;n lo invita a presentarse a la Central de Cartera ubicado en la Direcci&oacute;n: Carrera 4 N&deg; 0-93 Edificio Panorama-Popay&aacute;n Cauca, para dar cumplimiento oportuno a su compromiso comercial que se encuentra vencido; la cual se dar&aacute; aplicaci&oacute;n de car&aacute;cter supletorio con fundamento en las normas Comercial y Civil. En caso contrario le invitamos a comunicarse al tel&eacute;fono <strong>3146873552</strong>, para que reporte dentro del mes su respectiva fecha de pago, o en su defecto a las siguiente ruta electr&oacute;nica: </span></span><a href=mailto:carteraguapi2016@gmail style=color:blue; text-decoration:underline><strong><span style=font-size:10.0pt><span style=background-color:white><span style=font-family:&quot;Arial&quot;,&quot;sans-serif&quot;>carteraguapi2016@gmail</span></span></span></strong></a><strong><u><span style=font-size:10.0pt><span style=background-color:white><span style=font-family:&quot;Arial&quot;,&quot;sans-serif&quot;>.com</span></span></span></u></strong><u> </u><span style=font-size:10.0pt><span style=background-color:white><span style=font-family:&quot;Arial&quot;,&quot;sans-serif&quot;>incumplimiento de la obligaci&oacute;n de pagar por la prestaci&oacute;n del servicio de la Empresa Social del Estado HOSPITAL GUAPI puede acarrear la imposici&oacute;n de la sanci&oacute;n prevista en la ley, consistente en el pago, recordando que </span></span></span><span style=font-size:10.0pt><span style=background-color:white><span style=font-family:&quot;Arial&quot;,&quot;sans-serif&quot;><span style=color:black>no hay raz&oacute;n alguna que haga inconstitucional la aplicaci&oacute;n de dicha sanci&oacute;n pues se trata de una consecuencia que deviene del incumplimiento de la obligaci&oacute;n de pagar una suma de dinero.</span></span></span></span></span></span></p>\r\n\r\n<p style=margin-left:0cm; margin-right:0cm; text-align:justify>&nbsp;</p>\r\n\r\n<p style=margin-left:0cm; margin-right:0cm; text-align:justify><span style=font-size:11pt><span style=font-family:&quot;Calibri&quot;,&quot;sans-serif&quot;><span style=font-size:10.0pt><span style=background-color:white><span style=font-family:&quot;Arial&quot;,&quot;sans-serif&quot;><span style=color:black>La Sentencia C-389 de 2002, proferida por la Honorable Corte Constitucional en aparte jurisprudencial se desprende que el cobro de intereses de mora es facultativo y no obligatorio. En efecto, el legislador utiliz&oacute; el verbo&nbsp;<strong><u>podr&aacute;n</u></strong>, dejando a la empresa prestataria del servicio <strong><u>la facultad</u>&nbsp;</strong>de cobrarlos, rebajarlos o exonerarlos o hacer convenios con los deudores.</span></span></span></span></span></span></p>\r\n\r\n<p style=margin-left:0cm; margin-right:0cm; text-align:justify>&nbsp;</p>\r\n\r\n<p style=margin-left:0cm; margin-right:0cm; text-align:justify><span style=font-size:11pt><span style=font-family:&quot;Calibri&quot;,&quot;sans-serif&quot;><span style=font-size:10.0pt><span style=font-family:&quot;Arial&quot;,&quot;sans-serif&quot;>De otra parte, le informo que la Empresa Social del Estado HOSPITAL GUAPI, se encuentra vinculada al programa de Centrales de Riesgo DATACREDITO y CIFIN, reportando el comportamiento de pago de la obligaci&oacute;n en menci&oacute;n.</span></span></span></span></p>\r\n\r\n<p style=margin-left:0cm; margin-right:0cm; text-align:justify>&nbsp;</p>\r\n\r\n<p style=margin-left:0cm; margin-right:0cm; text-align:justify><span style=font-size:11pt><span style=font-family:&quot;Calibri&quot;,&quot;sans-serif&quot;><span style=font-size:10.0pt><span style=font-family:&quot;Arial&quot;,&quot;sans-serif&quot;>Si&nbsp;ya&nbsp;cancelo&nbsp;por&nbsp;favor&nbsp;haga&nbsp;caso&nbsp;omiso&nbsp;a&nbsp;esta&nbsp;comunicaci&oacute;n, sin otro en particular&nbsp;</span></span></span></span></p>\r\n\r\n<p style=margin-left:0cm; margin-right:0cm; text-align:justify>&nbsp;</p>\r\n\r\n<p style=margin-left:0cm; margin-right:0cm; text-align:justify><span style=font-size:11pt><span style=font-family:&quot;Calibri&quot;,&quot;sans-serif&quot;><span style=font-size:10.0pt><span style=font-family:&quot;Arial&quot;,&quot;sans-serif&quot;>Cordialmente,</span></span></span></span></p>\r\n\r\n<p style=margin-left:0cm; margin-right:0cm; text-align:justify>&nbsp;</p>\r\n\r\n<p style=margin-left:0cm; margin-right:0cm; text-align:justify>&nbsp;</p>\r\n\r\n<p style=margin-left:0cm; margin-right:0cm; text-align:justify><span style=font-size:11pt><span style=font-family:&quot;Calibri&quot;,&quot;sans-serif&quot;><strong><span style=font-size:10.0pt><span style=font-family:&quot;Arial&quot;,&quot;sans-serif&quot;>JOHN DIRLEY MORALES</span></span></strong></span></span></p>\r\n\r\n<p style=margin-left:0cm; margin-right:0cm; text-align:justify><span style=font-size:11pt><span style=font-family:&quot;Calibri&quot;,&quot;sans-serif&quot;><span style=font-size:10.0pt><span style=font-family:&quot;Arial&quot;,&quot;sans-serif&quot;>Jefe de Cartera </span></span></span></span></p>\r\n\r\n<p style=margin-left:0cm; margin-right:0cm; text-align:justify><span style=font-size:11pt><span style=font-family:&quot;Calibri&quot;,&quot;sans-serif&quot;><span style=font-size:10.0pt><span style=font-family:&quot;Arial&quot;,&quot;sans-serif&quot;>Empresa Social del Estado HOSPITAL GUAPI</span></span></span></span></p>\r\n',	'',	'2018-02-28 17:03:08',	'2017-10-20 10:30:00'),
(29,	'ACUMULADO DE CUENTA POR TERCERO',	'001',	'F-GFC-003',	'2018-02-13',	'',	'',	'2018-02-19 16:39:11',	'2017-10-20 10:30:00'),
(30,	'CUENTA DE COBRO',	'001',	'F-GFC-004',	'2018-02-13',	'',	'',	'2018-02-19 16:39:11',	'2017-10-20 10:30:00'),
(31,	'NOTA DE DEVOLUCION',	'001',	'F-GC-003',	'2016-05-11',	'',	'',	'2017-10-20 15:30:00',	'2017-10-20 10:30:00'),
(32,	'DOCUMENTO CONTABLE',	'001',	'F-GC-004',	'2018-05-15',	'',	'',	'2017-10-20 15:30:00',	'2017-10-20 10:30:00'),
(33,	'DOCUMENTO EQUIVALENTE A FACTURA',	'001',	'F-GC-004',	'2018-05-15',	'',	'CUENTA DE COBRO (Art. 4 Decreto 3050/97), DCTO. EQUIVALENTE Art. 3 Decreto 522/03), NOTA DE CONTABILIDAD (Art. 3 Decreto 380/96). ',	'2017-10-20 15:30:00',	'2017-10-20 10:30:00');

INSERT INTO `gupocuentas` (`PUC`, `Nombre`, `Valor`, `ClaseCuenta_PUC`, `Updated`, `Sync`) VALUES
('11',	'Disponible',	'0',	'1',	'2017-10-13 19:10:42',	'2017-10-13 14:10:42'),
('12',	'Inversiones',	'0',	'1',	'2017-10-13 19:10:42',	'2017-10-13 14:10:42'),
('13',	'Deudores',	'0',	'1',	'2017-10-13 19:10:42',	'2017-10-13 14:10:42'),
('14',	'Inventarios',	'0',	'1',	'2017-10-13 19:10:42',	'2017-10-13 14:10:42'),
('15',	'Propiedades, Planta y Equipos',	'0',	'1',	'2017-10-13 19:10:42',	'2017-10-13 14:10:42'),
('16',	'Intangibles',	'0',	'1',	'2017-10-13 19:10:42',	'2017-10-13 14:10:42'),
('17',	'Diferidos',	'0',	'1',	'2017-10-13 19:10:42',	'2017-10-13 14:10:42'),
('18',	'Otros Activos',	'0',	'1',	'2017-10-13 19:10:42',	'2017-10-13 14:10:42'),
('19',	'Valorizaciones',	'0',	'1',	'2017-10-13 19:10:42',	'2017-10-13 14:10:42'),
('21',	'Obligaciones Financieras',	'0',	'2',	'2017-10-13 19:10:42',	'2017-10-13 14:10:42'),
('22',	'Proveedores',	'0',	'2',	'2017-10-13 19:10:42',	'2017-10-13 14:10:42'),
('23',	'Cuentas Por Pagar',	'0',	'2',	'2017-10-13 19:10:42',	'2017-10-13 14:10:42'),
('24',	'Impuestos, Gravamenes y tasas',	'0',	'2',	'2017-10-13 19:10:42',	'2017-10-13 14:10:42'),
('25',	'Obligaciones Laborales',	'0',	'2',	'2017-10-13 19:10:42',	'2017-10-13 14:10:42'),
('26',	'Pasivos Estimados y Provisiones',	'0',	'2',	'2017-10-13 19:10:42',	'2017-10-13 14:10:42'),
('27',	'Diferidos',	'0',	'2',	'2017-10-13 19:10:42',	'2017-10-13 14:10:42'),
('28',	'Otros Pasivos',	'0',	'2',	'2017-10-13 19:10:42',	'2017-10-13 14:10:42'),
('29',	'Bonos y papeles comerciales',	'0',	'2',	'2017-10-13 19:10:42',	'2017-10-13 14:10:42'),
('31',	'Capital Social',	'0',	'3',	'2017-10-13 19:10:42',	'2017-10-13 14:10:42'),
('32',	'Superavit de Capital',	'0',	'3',	'2017-10-13 19:10:42',	'2017-10-13 14:10:42'),
('33',	'Reservas',	'0',	'3',	'2017-10-13 19:10:42',	'2017-10-13 14:10:42'),
('34',	'Revalorizacion del patrimonio',	'0',	'3',	'2017-10-13 19:10:42',	'2017-10-13 14:10:42'),
('35',	'Dividendos o participaciones decretados en ac',	'0',	'3',	'2017-10-13 19:10:42',	'2017-10-13 14:10:42'),
('36',	'Resultados del ejercicio',	'0',	'3',	'2017-10-13 19:10:42',	'2017-10-13 14:10:42'),
('37',	'Resultados de ejercicios anteriores',	'0',	'3',	'2017-10-13 19:10:42',	'2017-10-13 14:10:42'),
('38',	'Superavit por valorizaciones',	'0',	'3',	'2017-10-13 19:10:42',	'2017-10-13 14:10:42'),
('41',	'Operacionales',	'0',	'4',	'2017-10-13 19:10:42',	'2017-10-13 14:10:42'),
('42',	'No Operacionales',	'0',	'4',	'2017-10-13 19:10:42',	'2017-10-13 14:10:42'),
('47',	'Ajustes por Inflacion',	'0',	'4',	'2017-10-13 19:10:42',	'2017-10-13 14:10:42'),
('51',	'Operacionales de Administracion',	'0',	'5',	'2017-10-13 19:10:42',	'2017-10-13 14:10:42'),
('52',	'Operacionales de Ventas',	'0',	'5',	'2017-10-13 19:10:42',	'2017-10-13 14:10:42'),
('53',	'No Operacionales',	'0',	'5',	'2017-10-13 19:10:42',	'2017-10-13 14:10:42'),
('54',	'Impuesto de renta y complementarios',	'0',	'5',	'2017-10-13 19:10:42',	'2017-10-13 14:10:42'),
('59',	'Ganancias y perdidas',	'0',	'5',	'2017-10-13 19:10:42',	'2017-10-13 14:10:42'),
('61',	'Costo de ventas y de prestacion de servicios',	'0',	'6',	'2017-10-13 19:10:42',	'2017-10-13 14:10:42'),
('62',	'Compras',	'0',	'6',	'2017-10-13 19:10:42',	'2017-10-13 14:10:42'),
('71',	'Materia Prima',	'0',	'7',	'2017-10-13 19:10:42',	'2017-10-13 14:10:42'),
('72',	'Mano de Obra Directa',	'0',	'7',	'2017-10-13 19:10:42',	'2017-10-13 14:10:42'),
('73',	'Costos Indirectos',	'0',	'7',	'2017-10-13 19:10:42',	'2017-10-13 14:10:42'),
('74',	'Contratos de Servicios',	'0',	'7',	'2017-10-13 19:10:42',	'2017-10-13 14:10:42'),
('81',	'Derechos Contingentes',	'0',	'8',	'2017-10-13 19:10:42',	'2017-10-13 14:10:42'),
('82',	'Deudoras Fiscales',	'0',	'8',	'2017-10-13 19:10:42',	'2017-10-13 14:10:42'),
('83',	'Deudoras de Control',	'0',	'8',	'2017-10-13 19:10:42',	'2017-10-13 14:10:42'),
('84',	'Derechos contingentes por contra (CR)',	'0',	'8',	'2017-10-13 19:10:42',	'2017-10-13 14:10:42'),
('85',	'Deudoras fiscales por contra (CR)',	'0',	'8',	'2017-10-13 19:10:42',	'2017-10-13 14:10:42'),
('86',	'Deudoras de control por contra (CR)',	'0',	'8',	'2017-10-13 19:10:42',	'2017-10-13 14:10:42'),
('91',	'Responsabilidades contingentes',	'0',	'9',	'2017-10-13 19:10:42',	'2017-10-13 14:10:42'),
('92',	'Acreedoras fiscales',	'0',	'9',	'2017-10-13 19:10:42',	'2017-10-13 14:10:42'),
('93',	'Acreedoras de control',	'0',	'9',	'2017-10-13 19:10:42',	'2017-10-13 14:10:42'),
('94',	'Responsabilidades contingentes por contra (DB',	'0',	'9',	'2017-10-13 19:10:42',	'2017-10-13 14:10:42'),
('95',	'Acreedoras fiscales por contra (DB)',	'0',	'9',	'2017-10-13 19:10:42',	'2017-10-13 14:10:42'),
('96',	'Acreedoras de control por contra (DB)',	'0',	'9',	'2017-10-13 19:10:42',	'2017-10-13 14:10:42');

INSERT INTO `impret` (`idImpRet`, `Nombre`, `Tipo`, `Valor`, `CuentaRetFavor`, `CuentaRetRealizadas`, `Aplicable_A`, `Updated`, `Sync`) VALUES
(1,	'IVA',	'Impuesto',	'16',	'',	'',	'Subtotal',	'2017-10-13 19:10:46',	'2017-10-13 14:10:46'),
(2,	'RETEFUENTE',	'Retencion',	'0.04',	'135515',	'',	'Subtotal',	'2017-10-13 19:10:46',	'2017-10-13 14:10:46'),
(3,	'CREE',	'Autorretencion',	'0.008',	'135595',	'',	'Subtotal',	'2017-10-13 19:10:46',	'2017-10-13 14:10:46'),
(4,	'RETEIVA',	'Retencion',	'0.15',	'135517',	'',	'IVA',	'2017-10-13 19:10:46',	'2017-10-13 14:10:46'),
(5,	'RETENCION ICA',	'Retencion',	'0.009',	'135518',	'',	'Subtotal',	'2017-10-13 19:10:46',	'2017-10-13 14:10:46'),
(6,	'Retencion en la Fuente Aplicado al Regimen Simplificado por Servicios',	'RetencionAplicada',	'0.06',	'',	'2365',	'Subtotal',	'2017-10-13 19:10:46',	'2017-10-13 14:10:46'),
(7,	'Retencion en la Fuente Aplicado al Regimen Comun por Servicios',	'RetencionAplicada',	'0.04',	'',	'2365',	'Subtotal',	'2017-10-13 19:10:46',	'2017-10-13 14:10:46'),
(8,	'Impuesto a las ventas retenido, aplicado al IVA',	'RetencionAplicada',	'0.15',	'',	'2367',	'IVA',	'2017-10-13 19:10:46',	'2017-10-13 14:10:46'),
(9,	'Impuesto de industria y comercio retenido, las tarifas dependen de la ciudad y actividad',	'RetencionAplicada',	'0.009',	'',	'2368',	'Subtotal',	'2017-10-13 19:10:46',	'2017-10-13 14:10:46');
















INSERT INTO `menu` (`ID`, `Nombre`, `idCarpeta`, `Pagina`, `Target`, `Estado`, `Image`, `CSS_Clase`, `Orden`, `Updated`, `Sync`) VALUES
(1,	'Administrar',	7,	'administrador/Admin.php',	'_BLANK',	1,	'admin.png',	'fa fa-share',	1,	'2018-12-12 04:09:00',	'2017-10-13 14:16:49'),
(2,	'Gestin Comercial',	1,	'MnuVentas.php',	'_BLANK',	1,	'comercial.png',	'fa fa-share',	2,	'2018-12-12 04:09:00',	'2017-10-13 14:16:49'),
(3,	'Facturacin',	1,	'MnuFacturacion.php',	'_BLANK',	1,	'factura.png',	'fa fa-share',	3,	'2018-12-12 04:09:00',	'2017-10-13 14:16:49'),
(4,	'Cartera',	3,	'cartera.php',	'_BLANK',	1,	'cartera.png',	'fa fa-share',	4,	'2018-12-12 04:09:00',	'2017-10-13 14:16:49'),
(5,	'Compras',	1,	'MnuCompras.php',	'_BLANK',	1,	'factura_compras.png',	'fa fa-share',	5,	'2018-12-12 04:09:00',	'2017-10-13 14:16:49'),
(6,	'Egresos',	1,	'MnuEgresos.php',	'_BLANK',	1,	'egresos.png',	'fa fa-share',	6,	'2018-12-12 04:09:00',	'2017-10-13 14:16:49'),
(7,	'Comprobantes Contables',	3,	'CreaComprobanteCont.php',	'_BLANK',	1,	'egresoitems.png',	'fa fa-share',	7,	'2018-12-12 04:09:00',	'2017-10-13 14:16:49'),
(8,	'Conceptos Contables',	3,	'ConceptosContablesUtilidad.php',	'_BLANK',	1,	'conceptos.png',	'fa fa-share',	8,	'2018-12-12 04:09:00',	'2017-10-13 14:16:49'),
(9,	'Clientes',	3,	'clientes.php',	'_BLANK',	1,	'clientes.png',	'fa fa-share',	9,	'2018-12-12 04:09:00',	'2017-10-13 14:16:49'),
(10,	'Proveedores',	3,	'proveedores.php',	'_BLANK',	1,	'proveedores.png',	'fa fa-share',	10,	'2018-12-12 04:09:00',	'2017-10-13 14:16:49'),
(11,	'Cuentas X Pagar',	1,	'MnuCuentasxPagar.php',	'_BLANK',	1,	'cuentasxpagar.png',	'fa fa-share',	11,	'2018-12-12 04:09:00',	'2017-10-13 14:16:49'),
(12,	'Inventarios',	1,	'MnuInventarios.php',	'_BLANK',	1,	'inventarios.png',	'fa fa-share',	12,	'2018-12-12 04:09:00',	'2017-10-13 14:16:49'),
(13,	'Ordenes de Servicio',	3,	'ordenesdetrabajo.php',	'_BLANK',	1,	'ordentrabajo.png',	'fa fa-share',	13,	'2018-12-12 04:09:00',	'2017-10-13 14:16:49'),
(14,	'Produccin',	3,	'CronogramaProduccion.php',	'_BLANK',	1,	'produccion.png',	'fa fa-share',	14,	'2018-12-12 04:09:00',	'2017-10-13 14:16:49'),
(15,	'Ttulos',	1,	'MnuTitulos.php',	'_BLANK',	1,	'titulos.jpg',	'fa fa-share',	15,	'2018-12-12 04:09:00',	'2017-10-13 14:16:49'),
(16,	'Restaurante',	1,	'MnuRestaurante.php',	'_BLANK',	1,	'restaurante.png',	'fa fa-share',	16,	'2018-12-12 04:09:00',	'2017-10-13 14:16:49'),
(17,	'Informes',	1,	'MnuInformes.php',	'_BLANK',	1,	'informes.png',	'fa fa-share',	17,	'2018-12-12 04:09:00',	'2017-10-13 14:16:49'),
(18,	'Gestin de Requerimientos',	1,	'MnuRequerimientos.php',	'_BLANK',	1,	'requerimientos.png',	'fa fa-share',	18,	'2018-12-12 04:09:00',	'2017-10-13 14:16:49'),
(19,	'Ajustes y Servicios Generales',	1,	'MnuAjustes.php',	'_BLANK',	1,	'ajustes.png',	'fa fa-share',	19,	'2018-12-12 04:09:00',	'2017-10-13 14:16:49'),
(20,	'Salir',	2,	'destruir.php',	'_SELF',	1,	'salir.png',	'fa fa-share',	50,	'2018-12-12 04:09:00',	'2017-10-13 14:16:49'),
(21,	'Administrar Tiempos',	3,	'crono_admin_sesiones.php',	'_BLANK',	0,	'admin.png',	'fa fa-share',	21,	'2018-12-12 04:09:00',	'2017-10-13 14:16:49'),
(22,	'Visualizar Tiempo',	3,	'crono.php',	'_BLANK',	0,	'crono.png',	'fa fa-share',	22,	'2018-12-12 04:09:00',	'2017-10-13 14:16:49'),
(23,	'Ingresos',	1,	'MnuIngresos.php',	'_BLANK',	1,	'ingresos.png',	'fa fa-share',	5,	'2018-12-12 04:09:00',	'2017-10-13 14:16:49'),
(24,	'Traslados',	1,	'MnuTraslados.php',	'_BLANK',	0,	'traslados.png',	'fa fa-share',	1,	'2018-12-12 04:09:00',	'2017-10-13 14:16:49'),
(25,	'Marketing',	1,	'MnuPublicidad.php',	'_BLANK',	1,	'pub.png',	'fa fa-share',	17,	'2018-12-12 04:09:00',	'2017-10-13 14:16:49'),
(26,	'Salud',	1,	'MnuSalud.php',	'_BLANK',	1,	'salud.png',	'fa fa-share',	18,	'2018-12-12 04:09:00',	'2017-10-13 14:16:49'),
(27,	'Gestin Documental',	1,	'MnuGestionDocumental.php',	'_BLANK',	0,	'gestiondocumental.png',	'fa fa-share',	1,	'2018-12-12 04:09:00',	'2017-10-13 14:16:49'),
(28,	'Graficos',	1,	'MnuGraficosVentas.php',	'_BLANK',	0,	'graficos.png',	'fa fa-share',	1,	'2018-12-12 04:09:00',	'2017-10-13 14:16:49'),
(29,	'Reservas',	1,	'MnuReservas.php',	'_BLANK',	1,	'reservas.png',	'fa fa-share',	18,	'2018-12-12 04:09:00',	'2017-10-13 14:16:49'),
(30,	'Modelos',	1,	'MnuModelos.php',	'_BLANK',	1,	'modelos.png',	'fa fa-share',	18,	'2018-12-12 04:09:00',	'2017-10-13 14:16:49'),
(31,	'Documentos Contables',	1,	'MnuDocumentosContables.php',	'_BLANK',	1,	'documentos_contables.png',	'fa fa-share',	8,	'2018-12-12 04:09:00',	'2017-10-13 14:16:49'),
(32,	'Gestin del Personal',	1,	'MnuNomina.php',	'_BLANK',	1,	'colaboradores.png',	'fa fa-share',	20,	'2018-12-12 04:09:00',	'2017-10-13 14:16:49');

INSERT INTO `menu_carpetas` (`ID`, `Ruta`, `Updated`, `Sync`) VALUES
(1,	'',	'2017-10-13 19:16:51',	'2017-10-13 14:16:51'),
(2,	'../',	'2017-10-13 19:16:51',	'2017-10-13 14:16:51'),
(3,	'../VAtencion/',	'2017-10-13 19:16:51',	'2017-10-13 14:16:51'),
(4,	'../VMenu/',	'2017-10-13 19:16:51',	'2017-10-13 14:16:51'),
(5,	'../Graficos/',	'2017-10-13 19:16:51',	'2017-10-13 14:16:51'),
(6,	'../VSalud/',	'2018-01-04 18:29:26',	'2017-10-13 14:16:51'),
(7,	'../modulos/',	'2018-01-04 18:29:26',	'2017-10-13 14:16:51');

INSERT INTO `menu_pestanas` (`ID`, `Nombre`, `idMenu`, `Orden`, `Estado`, `Updated`, `Sync`) VALUES
(1,	'Empresa',	1,	1,	CONV('1', 2, 10) + 0,	'2018-01-04 17:52:49',	'2017-10-13 14:16:55'),
(2,	'Usuarios',	1,	2,	CONV('1', 2, 10) + 0,	'2017-10-13 19:16:55',	'2017-10-13 14:16:55'),
(3,	'Impuestos',	1,	3,	CONV('1', 2, 10) + 0,	'2017-10-13 19:16:55',	'2017-10-13 14:16:55'),
(4,	'Colaboradores',	1,	4,	CONV('1', 2, 10) + 0,	'2017-10-13 19:16:55',	'2017-10-13 14:16:55'),
(5,	'Descuentos',	1,	5,	CONV('1', 2, 10) + 0,	'2017-10-13 19:16:55',	'2017-10-13 14:16:55'),
(6,	'Finanzas',	1,	6,	CONV('1', 2, 10) + 0,	'2017-10-13 19:16:55',	'2017-10-13 14:16:55'),
(7,	'Informes',	1,	7,	CONV('1', 2, 10) + 0,	'2017-10-13 19:16:55',	'2017-10-13 14:16:55'),
(8,	'Hardware',	1,	8,	CONV('1', 2, 10) + 0,	'2017-10-13 19:16:55',	'2017-10-13 14:16:55'),
(9,	'Ventas',	2,	1,	CONV('1', 2, 10) + 0,	'2017-10-13 19:16:55',	'2017-10-13 14:16:55'),
(10,	'Cotizaciones',	2,	2,	CONV('1', 2, 10) + 0,	'2017-10-13 19:16:55',	'2017-10-13 14:16:55'),
(11,	'Remisiones',	2,	3,	CONV('1', 2, 10) + 0,	'2017-10-13 19:16:55',	'2017-10-13 14:16:55'),
(12,	'Facturacion',	3,	1,	CONV('1', 2, 10) + 0,	'2017-10-13 19:16:55',	'2017-10-13 14:16:55'),
(13,	'Compras',	5,	1,	CONV('1', 2, 10) + 0,	'2017-10-13 19:16:55',	'2017-10-13 14:16:55'),
(14,	'Egresos',	6,	1,	CONV('1', 2, 10) + 0,	'2017-10-13 19:16:55',	'2017-10-13 14:16:55'),
(15,	'Cuentas X Pagar',	11,	1,	CONV('1', 2, 10) + 0,	'2017-10-13 19:16:55',	'2017-10-13 14:16:55'),
(16,	'Financieros',	17,	1,	CONV('1', 2, 10) + 0,	'2017-10-13 19:16:55',	'2017-10-13 14:16:55'),
(17,	'Auxiliares',	17,	2,	CONV('1', 2, 10) + 0,	'2017-10-13 19:16:55',	'2017-10-13 14:16:55'),
(18,	'Reporte de Ventas',	17,	3,	CONV('1', 2, 10) + 0,	'2017-10-13 19:16:55',	'2017-10-13 14:16:55'),
(19,	'Fiscales',	17,	4,	CONV('1', 2, 10) + 0,	'2017-10-13 19:16:55',	'2017-10-13 14:16:55'),
(20,	'Compras',	17,	5,	CONV('1', 2, 10) + 0,	'2017-10-13 19:16:55',	'2017-10-13 14:16:55'),
(21,	'Auditoria',	17,	6,	CONV('1', 2, 10) + 0,	'2017-10-13 19:16:55',	'2017-10-13 14:16:55'),
(22,	'Inventarios',	12,	1,	CONV('1', 2, 10) + 0,	'2017-10-13 19:16:55',	'2017-10-13 14:16:55'),
(23,	'Clasificacion de Inventarios',	12,	2,	CONV('1', 2, 10) + 0,	'2017-10-13 19:16:55',	'2017-10-13 14:16:55'),
(24,	'Bodegas',	12,	3,	CONV('1', 2, 10) + 0,	'2017-10-13 19:16:55',	'2017-10-13 14:16:55'),
(25,	'Movimientos',	12,	4,	CONV('1', 2, 10) + 0,	'2017-10-13 19:16:55',	'2017-10-13 14:16:55'),
(26,	'General',	12,	5,	CONV('1', 2, 10) + 0,	'2017-10-13 19:16:55',	'2017-10-13 14:16:55'),
(27,	'Sistemas',	12,	6,	CONV('1', 2, 10) + 0,	'2017-10-13 19:16:55',	'2017-10-13 14:16:55'),
(28,	'Conteo Fisico',	12,	7,	CONV('1', 2, 10) + 0,	'2017-10-13 19:16:55',	'2017-10-13 14:16:55'),
(29,	'Requerimientos',	18,	1,	CONV('1', 2, 10) + 0,	'2017-10-13 19:16:55',	'2017-10-13 14:16:55'),
(30,	'Restaurante',	16,	1,	CONV('1', 2, 10) + 0,	'2017-10-13 19:16:55',	'2017-10-13 14:16:55'),
(31,	'Configuracion',	16,	2,	CONV('1', 2, 10) + 0,	'2017-10-13 19:16:55',	'2017-10-13 14:16:55'),
(32,	'Titulos',	15,	1,	CONV('1', 2, 10) + 0,	'2017-10-13 19:16:55',	'2017-10-13 14:16:55'),
(33,	'Traslados',	24,	1,	CONV('1', 2, 10) + 0,	'2017-10-13 19:16:55',	'2017-10-13 14:16:55'),
(34,	'Seguimiento',	24,	2,	CONV('1', 2, 10) + 0,	'2017-10-13 19:16:55',	'2017-10-13 14:16:55'),
(35,	'Publicidad',	25,	1,	CONV('1', 2, 10) + 0,	'2017-10-13 19:16:55',	'2017-10-13 14:16:55'),
(36,	'RIPS',	26,	1,	CONV('1', 2, 10) + 0,	'2017-10-13 19:16:55',	'2017-10-13 14:16:55'),
(37,	'Auditoria',	26,	2,	CONV('1', 2, 10) + 0,	'2017-12-20 15:07:49',	'2017-10-13 14:16:55'),
(38,	'Archivos',	26,	4,	CONV('1', 2, 10) + 0,	'2017-12-20 15:06:39',	'2017-10-13 14:16:55'),
(39,	'Legal',	26,	3,	CONV('1', 2, 10) + 0,	'2017-12-20 15:06:39',	'2017-10-13 14:16:55'),
(40,	'Informes Gerenciales',	26,	5,	CONV('1', 2, 10) + 0,	'2017-12-27 02:55:19',	'2017-10-13 14:16:55'),
(41,	'Reportes Graficos',	17,	7,	CONV('1', 2, 10) + 0,	'2018-01-22 20:05:00',	'2017-10-13 14:16:55'),
(42,	'Ventas',	28,	1,	CONV('1', 2, 10) + 0,	'2018-01-22 20:05:00',	'2017-10-13 14:16:55'),
(43,	'Tesoreria',	26,	6,	CONV('1', 2, 10) + 0,	'2017-12-27 02:55:19',	'2017-10-13 14:16:55'),
(44,	'Reservas',	29,	1,	CONV('1', 2, 10) + 0,	'2017-12-27 02:55:19',	'2017-10-13 14:16:55'),
(45,	'Modelos',	30,	1,	CONV('1', 2, 10) + 0,	'2018-01-04 17:52:49',	'2017-10-13 14:16:55'),
(46,	'Documentos',	31,	1,	CONV('1', 2, 10) + 0,	'2017-10-13 19:16:55',	'2017-10-13 14:16:55'),
(47,	'Ordenes de Compra',	5,	2,	CONV('1', 2, 10) + 0,	'2017-10-13 19:16:55',	'2017-10-13 14:16:55'),
(48,	'Colaboradores',	20,	1,	CONV('1', 2, 10) + 0,	'2017-10-13 19:16:55',	'2017-10-13 14:16:55');

INSERT INTO `menu_submenus` (`ID`, `Nombre`, `idPestana`, `idCarpeta`, `idMenu`, `TablaAsociada`, `TipoLink`, `JavaScript`, `Pagina`, `Target`, `Estado`, `Image`, `Orden`, `Updated`, `Sync`) VALUES
(1,	'Crear/Editar Empresa',	1,	3,	0,	'empresapro',	1,	'onclick=\"SeleccioneTablaDB(\'empresapro\')\";',	'empresapro.php',	'_SELF',	CONV('1', 2, 10) + 0,	'empresa.png',	1,	'2018-12-12 04:09:08',	'2017-10-13 14:16:57'),
(2,	'Crear/Editar Sucursal',	1,	3,	0,	'empresa_pro_sucursales',	1,	'onclick=\"SeleccioneTablaDB(\'empresa_pro_sucursales\')\";',	'empresa_pro_sucursales.php',	'_SELF',	CONV('1', 2, 10) + 0,	'sucursal.png',	2,	'2018-12-12 04:09:08',	'2017-10-13 14:16:57'),
(3,	'Resoluciones de Facturacion',	1,	3,	0,	'empresapro_resoluciones_facturacion',	1,	'onclick=\"SeleccioneTablaDB(\'empresapro_resoluciones_facturacion\')\";',	'empresapro_resoluciones_facturacion.php',	'_SELF',	CONV('1', 2, 10) + 0,	'resolucion.png',	3,	'2018-12-12 04:09:08',	'2017-10-13 14:16:57'),
(4,	'Formatos de Calidad',	1,	3,	0,	'formatos_calidad',	1,	'onclick=\"SeleccioneTablaDB(\'formatos_calidad\')\";',	'formatos_calidad.php',	'_SELF',	CONV('1', 2, 10) + 0,	'notacredito.png',	4,	'2018-12-12 04:09:08',	'2017-10-13 14:16:57'),
(5,	'Centros de Costos',	1,	3,	0,	'centrocosto',	1,	'onclick=\"SeleccioneTablaDB(\'centrocosto\')\";',	'centrocosto.php',	'_SELF',	CONV('1', 2, 10) + 0,	'centrocostos.png',	5,	'2018-12-12 04:09:08',	'2017-10-13 14:16:57'),
(6,	'Crear/Editar Cajas',	1,	3,	0,	'cajas',	1,	'onclick=\"SeleccioneTablaDB(\'cajas\')\";',	'cajas.php',	'_SELF',	CONV('1', 2, 10) + 0,	'cajas.png',	6,	'2018-12-12 04:09:08',	'2017-10-13 14:16:57'),
(7,	'Configurar Tikete de Promocion',	1,	3,	0,	'config_tiketes_promocion',	1,	'onclick=\"SeleccioneTablaDB(\'config_tiketes_promocion\')\";',	'config_tiketes_promocion.php',	'_SELF',	CONV('1', 2, 10) + 0,	'tiketes.png',	7,	'2018-12-12 04:09:08',	'2017-10-13 14:16:57'),
(8,	'Costos operativos',	1,	3,	0,	'costos',	1,	'onclick=\"SeleccioneTablaDB(\'costos\')\";',	'costos.php',	'_SELF',	CONV('1', 2, 10) + 0,	'costos.png',	8,	'2018-12-12 04:09:08',	'2017-10-13 14:16:57'),
(9,	'Crear/Editar un Usuario',	2,	3,	0,	'usuarios',	1,	'onclick=\"SeleccioneTablaDB(\'usuarios\')\";',	'usuarios.php',	'_SELF',	CONV('1', 2, 10) + 0,	'usuarios.png',	1,	'2018-12-12 04:09:08',	'2017-10-13 14:16:57'),
(10,	'Crear/Editar un Tipo de Usuario',	2,	3,	0,	'usuarios_tipo',	1,	'onclick=\"SeleccioneTablaDB(\'usuarios_tipo\')\";',	'usuarios_tipo.php',	'_SELF',	CONV('1', 2, 10) + 0,	'usuariostipo.png',	2,	'2018-12-12 04:09:08',	'2017-10-13 14:16:57'),
(11,	'Asignar usuarios a cajas',	2,	3,	0,	'',	0,	'',	'HabilitarUser.php',	'_BLANK',	CONV('1', 2, 10) + 0,	'autorizarcajas.png',	2,	'2018-12-12 04:09:00',	'2017-10-13 14:16:57'),
(12,	'Crear/Editar un impuesto o una retencion',	3,	3,	0,	'impret',	1,	'onclick=\"SeleccioneTablaDB(\'impret\')\";',	'impret.php',	'_SELF',	CONV('1', 2, 10) + 0,	'impuestos.png',	1,	'2018-12-12 04:09:08',	'2017-10-13 14:16:57'),
(13,	'Colaboradores',	4,	3,	0,	'colaboradores',	1,	'onclick=\"SeleccioneTablaDB(\'colaboradores\')\";',	'colaboradores.php',	'_SELF',	CONV('1', 2, 10) + 0,	'colaboradores.png',	1,	'2018-12-12 04:09:08',	'2017-10-13 14:16:57'),
(14,	'Fechas Descuentos',	5,	3,	0,	'fechas_descuentos',	1,	'onclick=\"SeleccioneTablaDB(\'fechas_descuentos\')\";',	'fechas_descuentos.php',	'_SELF',	CONV('1', 2, 10) + 0,	'descuentos.png',	1,	'2018-12-12 04:09:08',	'2017-10-13 14:16:57'),
(15,	'Libro Diario',	6,	3,	0,	'librodiario',	1,	'onclick=\"SeleccioneTablaDB(\'librodiario\')\";',	'librodiario.php',	'_SELF',	CONV('1', 2, 10) + 0,	'librodiario.png',	1,	'2018-12-12 04:09:08',	'2017-10-13 14:16:57'),
(16,	'Historial de Facturacion',	6,	3,	0,	'facturas',	1,	'onclick=\"SeleccioneTablaDB(\'facturas\')\";',	'facturas.php',	'_SELF',	CONV('1', 2, 10) + 0,	'facturas.png',	2,	'2018-12-12 04:09:08',	'2017-10-13 14:16:57'),
(17,	'Cuentas',	6,	3,	0,	'subcuentas',	1,	'onclick=\"SeleccioneTablaDB(\'subcuentas\')\";',	'subcuentas.php',	'_SELF',	CONV('1', 2, 10) + 0,	'cuentas.png',	3,	'2018-12-12 04:09:08',	'2017-10-13 14:16:57'),
(18,	'Cuentas Frecuentes',	6,	3,	0,	'cuentasfrecuentes',	1,	'onclick=\"SeleccioneTablaDB(\'cuentasfrecuentes\')\";',	'cuentasfrecuentes.php',	'_SELF',	CONV('1', 2, 10) + 0,	'cuentasfrecuentes.png',	4,	'2018-12-12 04:09:08',	'2017-10-13 14:16:57'),
(19,	'Informe Administrador',	7,	3,	0,	'',	0,	'',	'InformeVentasAdmin.php',	'_BLANK',	CONV('1', 2, 10) + 0,	'informes2.png',	1,	'2018-12-12 04:09:00',	'2017-10-13 14:16:57'),
(20,	'Hardware',	8,	3,	0,	'config_puertos',	1,	'onclick=\"SeleccioneTablaDB(\'config_puertos\')\";',	'config_puertos.php',	'_SELF',	CONV('1', 2, 10) + 0,	'configuracion.png',	1,	'2018-12-12 04:09:08',	'2017-10-13 14:16:57'),
(21,	'Ventas Rapidas',	9,	3,	0,	'',	0,	'',	'VentasRapidasV2.php',	'_BLANK',	CONV('1', 2, 10) + 0,	'vender.png',	1,	'2018-12-12 04:09:00',	'2017-10-13 14:16:57'),
(22,	'Historial de Cierres',	9,	3,	0,	'cajas_aperturas_cierres',	1,	'onclick=\"SeleccioneTablaDB(\'cajas_aperturas_cierres\')\";',	'cajas_aperturas_cierres.php',	'_SELF',	CONV('1', 2, 10) + 0,	'cierres_caja.jpg',	2,	'2018-12-12 04:09:08',	'2017-10-13 14:16:57'),
(23,	'Historial de Separados',	9,	3,	0,	'separados',	1,	'onclick=\"SeleccioneTablaDB(\'separados\')\";',	'separados.php',	'_SELF',	CONV('1', 2, 10) + 0,	'separados.png',	3,	'2018-12-12 04:09:08',	'2017-10-13 14:16:57'),
(24,	'Historial de Abonos a Facturas',	9,	3,	0,	'facturas_abonos',	1,	'onclick=\"SeleccioneTablaDB(\'facturas_abonos\')\";',	'facturas_abonos.php',	'_SELF',	CONV('1', 2, 10) + 0,	'abonar.jpg',	4,	'2018-12-12 04:09:08',	'2017-10-13 14:16:57'),
(25,	'Agregar Codigo de Barras',	9,	3,	0,	'prod_codbarras',	1,	'onclick=\"SeleccioneTablaDB(\'prod_codbarras\')\";',	'prod_codbarras.php',	'_SELF',	CONV('1', 2, 10) + 0,	'codigobarras.png',	5,	'2018-12-12 04:09:08',	'2017-10-13 14:16:57'),
(26,	'Cotizar',	10,	3,	0,	'',	0,	'',	'Cotizaciones.php',	'_BLANK',	CONV('1', 2, 10) + 0,	'cotizacion.png',	1,	'2018-12-12 04:09:00',	'2017-10-13 14:16:57'),
(27,	'Historial de Cotizaciones',	10,	3,	0,	'cotizacionesv5',	1,	'onclick=\"SeleccioneTablaDB(\'cotizacionesv5\')\";',	'cotizacionesv5.php',	'_SELF',	CONV('1', 2, 10) + 0,	'historial.png',	2,	'2018-12-12 04:09:08',	'2017-10-13 14:16:57'),
(28,	'Historial Cotizaciones Detallado',	10,	3,	0,	'cot_itemscotizaciones',	1,	'onclick=\"SeleccioneTablaDB(\'cot_itemscotizaciones\')\";',	'cot_itemscotizaciones.php',	'_SELF',	CONV('1', 2, 10) + 0,	'historial2.png',	3,	'2018-12-12 04:09:08',	'2017-10-13 14:16:57'),
(29,	'Anexos a Cotizaciones',	10,	3,	0,	'cotizaciones_anexos',	1,	'onclick=\"SeleccioneTablaDB(\'cotizaciones_anexos\')\";',	'cotizaciones_anexos.php',	'_SELF',	CONV('1', 2, 10) + 0,	'anexos2.png',	4,	'2018-12-12 04:09:08',	'2017-10-13 14:16:57'),
(30,	'Remisiones',	11,	3,	0,	'',	0,	'',	'Remisiones.php',	'_BLANK',	CONV('1', 2, 10) + 0,	'remision.png',	1,	'2018-12-12 04:09:00',	'2017-10-13 14:16:57'),
(31,	'Ajuste a Remision',	11,	3,	0,	'',	0,	'',	'Devoluciones.php',	'_BLANK',	CONV('1', 2, 10) + 0,	'devolucion2.png',	2,	'2018-12-12 04:09:00',	'2017-10-13 14:16:57'),
(32,	'Historial de Facturas',	12,	3,	0,	'facturas',	1,	'onclick=\"SeleccioneTablaDB(\'facturas\')\";',	'facturas.php',	'_SELF',	CONV('1', 2, 10) + 0,	'factura.png',	1,	'2018-12-12 04:09:08',	'2017-10-13 14:16:57'),
(33,	'Historial de Facturas Detallado',	12,	3,	0,	'vista_facturacion_detalles',	1,	'onclick=\"SeleccioneTablaDB(\'vista_facturacion_detalles\')\";',	'vista_facturacion_detalles.php',	'_SELF',	CONV('1', 2, 10) + 0,	'detalle.png',	2,	'2018-12-12 04:09:08',	'2017-10-13 14:16:57'),
(34,	'Historial de Notas Credito',	12,	3,	0,	'notascredito',	1,	'onclick=\"SeleccioneTablaDB(\'notascredito\')\";',	'notascredito.php',	'_SELF',	CONV('1', 2, 10) + 0,	'historial3.png',	3,	'2018-12-12 04:09:08',	'2017-10-13 14:16:57'),
(35,	'Facturar desde Cotizacion',	12,	3,	0,	'',	0,	'',	'FactCoti.php',	'_BLANK',	CONV('1', 2, 10) + 0,	'cotizacion.png',	4,	'2018-12-12 04:09:00',	'2017-10-13 14:16:57'),
(36,	'Historial',	13,	3,	0,	'factura_compra',	1,	'onclick=\"SeleccioneTablaDB(\'factura_compra\')\";',	'factura_compra.php',	'_SELF',	CONV('1', 2, 10) + 0,	'historial2.png',	2,	'2018-12-12 04:09:08',	'2017-10-13 14:16:57'),
(37,	'Historial de Productos Comprados',	13,	3,	0,	'vista_compras_productos',	1,	'onclick=\"SeleccioneTablaDB(\'vista_compras_productos\')\";',	'vista_compras_productos.php',	'_SELF',	CONV('1', 2, 10) + 0,	'historial.png',	3,	'2018-12-12 04:09:08',	'2017-10-13 14:16:57'),
(38,	'Historial de Productos Devueltos',	13,	3,	0,	'vista_compras_productos_devoluciones',	1,	'onclick=\"SeleccioneTablaDB(\'vista_compras_productos_devoluciones\')\";',	'vista_compras_productos_devoluciones.php',	'_SELF',	CONV('1', 2, 10) + 0,	'devoluciones.png',	5,	'2018-12-12 04:09:08',	'2017-10-13 14:16:57'),
(39,	'Historial de Compras Servicios',	13,	3,	0,	'vista_compras_servicios',	1,	'onclick=\"SeleccioneTablaDB(\'vista_compras_servicios\')\";',	'vista_compras_servicios.php',	'_SELF',	CONV('1', 2, 10) + 0,	'servicios_compras.png',	4,	'2018-12-12 04:09:08',	'2017-10-13 14:16:57'),
(40,	'Registrar una Compra',	13,	3,	0,	'',	0,	'',	'RegistraCompra.php',	'_BLANK',	CONV('1', 2, 10) + 0,	'compras.png',	1,	'2018-12-12 04:09:00',	'2017-10-13 14:16:57'),
(41,	'Historial Egresos',	14,	3,	0,	'egresos',	1,	'onclick=\"SeleccioneTablaDB(\'egresos\')\";',	'egresos.php',	'_SELF',	CONV('1', 2, 10) + 0,	'historial.png',	1,	'2018-12-12 04:09:08',	'2017-10-13 14:16:57'),
(42,	'Historial Notas Contables',	14,	3,	0,	'notascontables',	1,	'onclick=\"SeleccioneTablaDB(\'notascontables\')\";',	'notascontables.php',	'_SELF',	CONV('1', 2, 10) + 0,	'historial3.png',	2,	'2018-12-12 04:09:08',	'2017-10-13 14:16:57'),
(43,	'Registrar Gasto o Compra',	14,	3,	0,	'',	0,	'',	'Egresos2.php',	'_BLANK',	CONV('1', 2, 10) + 0,	'compramercancias.png',	3,	'2018-12-12 04:09:00',	'2017-10-13 14:16:57'),
(44,	'Historial de Compras Activas',	14,	3,	0,	'compras_activas',	1,	'onclick=\"SeleccioneTablaDB(\'compras_activas\')\";',	'compras_activas.php',	'_SELF',	CONV('1', 2, 10) + 0,	'historial4.png',	4,	'2018-12-12 04:09:08',	'2017-10-13 14:16:57'),
(45,	'Realizar un comprobante de Egreso Libre',	14,	3,	0,	'',	0,	'',	'ComprobantesEgresoLibre.php',	'_BLANK',	CONV('1', 2, 10) + 0,	'precuenta.png',	5,	'2018-12-12 04:09:00',	'2017-10-13 14:16:57'),
(46,	'Historial de Cuentas x Pagar',	15,	3,	0,	'',	0,	'',	'cuentasxpagar_all.php',	'_BLANK',	CONV('1', 2, 10) + 0,	'historial.png',	1,	'2018-12-12 04:09:00',	'2017-10-13 14:16:57'),
(47,	'Pagar',	15,	3,	0,	'',	0,	'',	'cuentasxpagar.php',	'_BLANK',	CONV('1', 2, 10) + 0,	'cuentasxpagar.png',	1,	'2018-12-12 04:09:00',	'2017-10-13 14:16:57'),
(48,	'Balance General y Estado de Resultados',	16,	3,	0,	'',	0,	'',	'BalanceComprobacion.php',	'_BLANK',	CONV('1', 2, 10) + 0,	'resultados.png',	1,	'2018-12-12 04:09:00',	'2017-10-13 14:16:57'),
(49,	'Cuentas Auxiliares',	17,	3,	0,	'',	0,	'',	'Auxiliares.php',	'_BLANK',	CONV('1', 2, 10) + 0,	'auxiliar.png',	1,	'2018-12-12 04:09:00',	'2017-10-13 14:16:57'),
(50,	'Informe de Ventas',	18,	3,	0,	'',	0,	'',	'InformeVentas.php',	'_BLANK',	CONV('1', 2, 10) + 0,	'infventas.png',	1,	'2018-12-12 04:09:00',	'2017-10-13 14:16:57'),
(51,	'Reporte de IVA',	19,	3,	0,	'',	0,	'',	'ReporteFiscalIVA.php',	'_BLANK',	CONV('1', 2, 10) + 0,	'fiscales.png',	1,	'2018-12-12 04:09:00',	'2017-10-13 14:16:57'),
(52,	'Informe de Compras',	20,	3,	0,	'',	0,	'',	'InformeCompras.php',	'_BLANK',	CONV('1', 2, 10) + 0,	'otrosinformes.png',	1,	'2018-12-12 04:09:00',	'2017-10-13 14:16:57'),
(53,	'Auditoria de Documentos',	21,	3,	0,	'',	0,	'',	'AuditoriaDocumentos.php',	'_BLANK',	CONV('1', 2, 10) + 0,	'auditoria.png',	1,	'2018-12-12 04:09:00',	'2017-10-13 14:16:57'),
(54,	'Historial de Ediciones',	21,	3,	0,	'registra_ediciones',	1,	'onclick=\"SeleccioneTablaDB(\'registra_ediciones\')\";',	'registra_ediciones.php',	'_SELF',	CONV('1', 2, 10) + 0,	'registros.png',	2,	'2018-12-12 04:09:08',	'2017-10-13 14:16:57'),
(55,	'Productos para la venta',	22,	3,	0,	'',	0,	'',	'productosventa.php',	'_BLANK',	CONV('1', 2, 10) + 0,	'productosventa.png',	1,	'2018-12-12 04:09:00',	'2017-10-13 14:16:57'),
(56,	'Productos para alquilar',	22,	3,	0,	'productosalquiler',	1,	'onclick=\"SeleccioneTablaDB(\'productosalquiler\')\";',	'productosalquiler.php',	'_SELF',	CONV('1', 2, 10) + 0,	'alquiler.png',	2,	'2018-12-12 04:09:08',	'2017-10-13 14:16:57'),
(57,	'Servicios para la venta',	22,	3,	0,	'servicios',	1,	'onclick=\"SeleccioneTablaDB(\'servicios\')\";',	'servicios.php',	'_SELF',	CONV('1', 2, 10) + 0,	'servicios.png',	3,	'2018-12-12 04:09:08',	'2017-10-13 14:16:57'),
(58,	'Crear Orden',	47,	3,	0,	'',	0,	'',	'CrearOrdenCompra.php',	'_BLANK',	CONV('1', 2, 10) + 0,	'ordendecompra.png',	4,	'2018-12-12 04:09:00',	'2017-10-13 14:16:57'),
(59,	'Kardex',	22,	3,	0,	'vista_kardex',	1,	'onclick=\"SeleccioneTablaDB(\'vista_kardex\')\";',	'vista_kardex.php',	'_SELF',	CONV('1', 2, 10) + 0,	'kardex.png',	7,	'2018-12-12 04:09:08',	'2017-10-13 14:16:57'),
(60,	'Historial de Compras',	22,	3,	0,	'',	0,	'',	'relacioncompras.php',	'_BLANK',	CONV('1', 2, 10) + 0,	'compras.png',	11,	'2018-12-12 04:09:00',	'2017-10-13 14:16:57'),
(61,	'Agregar o Editar CB',	22,	3,	0,	'prod_codbarras',	1,	'onclick=\"SeleccioneTablaDB(\'prod_codbarras\')\";',	'prod_codbarras.php',	'_SELF',	CONV('1', 2, 10) + 0,	'codigobarras.png',	9,	'2018-12-12 04:09:08',	'2017-10-13 14:16:57'),
(62,	'Traslados',	22,	1,	0,	'',	0,	'',	'MnuTraslados.php',	'_BLANK',	CONV('1', 2, 10) + 0,	'traslados.png',	10,	'2018-12-12 04:09:00',	'2017-10-13 14:16:57'),
(63,	'Crear Departamentos',	23,	3,	0,	'prod_departamentos',	1,	'onclick=\"SeleccioneTablaDB(\'prod_departamentos\')\";',	'prod_departamentos.php',	'_SELF',	CONV('1', 2, 10) + 0,	'departamentos.png',	1,	'2018-12-12 04:09:08',	'2017-10-13 14:16:57'),
(64,	'Subgrupo 1',	23,	3,	0,	'prod_sub1',	1,	'onclick=\"SeleccioneTablaDB(\'prod_sub1\')\";',	'prod_sub1.php',	'_SELF',	CONV('1', 2, 10) + 0,	'uno.png',	2,	'2018-12-12 04:09:08',	'2017-10-13 14:16:57'),
(65,	'Subgrupo 2',	23,	3,	0,	'prod_sub2',	1,	'onclick=\"SeleccioneTablaDB(\'prod_sub2\')\";',	'prod_sub2.php',	'_SELF',	CONV('1', 2, 10) + 0,	'dos.png',	3,	'2018-12-12 04:09:08',	'2017-10-13 14:16:57'),
(66,	'Subgrupo 3',	23,	3,	0,	'prod_sub3',	1,	'onclick=\"SeleccioneTablaDB(\'prod_sub3\')\";',	'prod_sub3.php',	'_SELF',	CONV('1', 2, 10) + 0,	'tres.png',	4,	'2018-12-12 04:09:08',	'2017-10-13 14:16:57'),
(67,	'Subgrupo 4',	23,	3,	0,	'prod_sub4',	1,	'onclick=\"SeleccioneTablaDB(\'prod_sub4\')\";',	'prod_sub4.php',	'_SELF',	CONV('1', 2, 10) + 0,	'cuatro.jpg',	5,	'2018-12-12 04:09:08',	'2017-10-13 14:16:57'),
(68,	'Subgrupo 5',	23,	3,	0,	'prod_sub5',	1,	'onclick=\"SeleccioneTablaDB(\'prod_sub5\')\";',	'prod_sub5.php',	'_SELF',	CONV('1', 2, 10) + 0,	'cinco.png',	6,	'2018-12-12 04:09:08',	'2017-10-13 14:16:57'),
(69,	'Ver/Crear/Editar Bodega',	24,	3,	0,	'bodega',	1,	'onclick=\"SeleccioneTablaDB(\'bodega\')\";',	'bodega.php',	'_SELF',	CONV('1', 2, 10) + 0,	'bodega.png',	1,	'2018-12-12 04:09:08',	'2017-10-13 14:16:57'),
(70,	'Ver Bodegas Externas',	24,	3,	0,	'bodegas_externas',	1,	'onclick=\"SeleccioneTablaDB(\'bodegas_externas\')\";',	'bodegas_externas.php',	'_SELF',	CONV('1', 2, 10) + 0,	'externas.png',	2,	'2018-12-12 04:09:08',	'2017-10-13 14:16:57'),
(71,	'Ver el historial de las bajas y altas',	25,	3,	0,	'prod_bajas_altas',	1,	'onclick=\"SeleccioneTablaDB(\'prod_bajas_altas\')\";',	'prod_bajas_altas.php',	'_SELF',	CONV('1', 2, 10) + 0,	'historial.png',	1,	'2018-12-12 04:09:08',	'2017-10-13 14:16:57'),
(72,	'Dar de baja o alta a un producto',	25,	3,	0,	'',	0,	'',	'DarBajaAlta.php',	'_BLANK',	CONV('1', 2, 10) + 0,	'baja.png',	2,	'2018-12-12 04:09:00',	'2017-10-13 14:16:57'),
(73,	'Actualizaciones Generales',	26,	3,	0,	'',	0,	'',	'ActualizacionesGeneralesInventarios.php',	'_BLANK',	CONV('1', 2, 10) + 0,	'actualizar.png',	1,	'2018-12-12 04:09:00',	'2017-10-13 14:16:57'),
(74,	'Consolidado Sistemas',	27,	3,	0,	'vista_sistemas',	1,	'onclick=\"SeleccioneTablaDB(\'vista_sistemas\')\";',	'vista_sistemas.php',	'_SELF',	CONV('1', 2, 10) + 0,	'sistema.png',	1,	'2018-12-12 04:09:08',	'2017-10-13 14:16:57'),
(75,	'Crear',	27,	3,	0,	'',	0,	'',	'CreaSistema.php',	'_BLANK',	CONV('1', 2, 10) + 0,	'crearsistema.png',	2,	'2018-12-12 04:09:00',	'2017-10-13 14:16:57'),
(76,	'Agregar Productos desde CSV',	28,	3,	0,	'',	0,	'',	'AgregarItemsXCB.php',	'_BLANK',	CONV('1', 2, 10) + 0,	'csv.png',	1,	'2018-12-12 04:09:00',	'2017-10-13 14:16:57'),
(77,	'Preparar Conteo Fisico',	28,	3,	0,	'',	0,	'',	'inventario_preparacion.php',	'_BLANK',	CONV('1', 2, 10) + 0,	'terminado.png',	2,	'2018-12-12 04:09:00',	'2017-10-13 14:16:57'),
(78,	'Tabla Temporal',	28,	3,	0,	'inventarios_temporal',	1,	'onclick=\"SeleccioneTablaDB(\'inventarios_temporal\')\";',	'inventarios_temporal.php',	'_SELF',	CONV('1', 2, 10) + 0,	'pedidos.png',	3,	'2018-12-12 04:09:08',	'2017-10-13 14:16:57'),
(79,	'Realizar Conteo Fisico',	28,	3,	0,	'',	0,	'',	'ConteoFisico.php',	'_BLANK',	CONV('1', 2, 10) + 0,	'conteo_inventario.png',	4,	'2018-12-12 04:09:00',	'2017-10-13 14:16:57'),
(80,	'Iniciar',	28,	3,	0,	'',	0,	'',	'ConteoFisicoPDA.php',	'_BLANK',	CONV('1', 2, 10) + 0,	'PDA.png',	5,	'2018-12-12 04:09:00',	'2017-10-13 14:16:57'),
(81,	'Diferencias en los inventarios',	28,	3,	0,	'vista_diferencia_inventarios',	1,	'onclick=\"SeleccioneTablaDB(\'vista_diferencia_inventarios\')\";',	'vista_diferencia_inventarios.php',	'_SELF',	CONV('1', 2, 10) + 0,	'inventarios_diferencias.png',	6,	'2018-12-12 04:09:08',	'2017-10-13 14:16:57'),
(82,	'Proyectos',	29,	3,	0,	'',	0,	'',	'requerimientos_proyectos.php',	'_BLANK',	CONV('1', 2, 10) + 0,	'proyectos.png',	1,	'2018-12-12 04:09:00',	'2017-10-13 14:16:57'),
(83,	'Atencion Mesas',	30,	3,	0,	'',	0,	'',	'AtencionMeseros2.php',	'_BLANK',	CONV('0', 2, 10) + 0,	'mesero.png',	1,	'2018-12-12 04:09:00',	'2017-10-13 14:16:57'),
(84,	'Atencion Domicilios',	30,	3,	0,	'',	0,	'',	'AtencionDomicilios.php',	'_BLANK',	CONV('0', 2, 10) + 0,	'atencion_domicilios.png',	2,	'2018-12-12 04:09:00',	'2017-10-13 14:16:57'),
(85,	'Pedidos',	30,	3,	0,	'',	0,	'',	'Restaurante_Admin.php',	'_BLANK',	CONV('0', 2, 10) + 0,	'pedidos.png',	3,	'2018-12-12 04:09:00',	'2017-10-13 14:16:57'),
(86,	'Crear o Editar Mesas',	31,	3,	0,	'restaurante_mesas',	1,	'onclick=\"SeleccioneTablaDB(\'restaurante_mesas\')\";',	'restaurante_mesas.php',	'_SELF',	CONV('1', 2, 10) + 0,	'mesas.png',	3,	'2018-12-12 04:09:08',	'2017-10-13 14:16:57'),
(87,	'Promociones',	32,	3,	0,	'titulos_promociones',	1,	'onclick=\"SeleccioneTablaDB(\'titulos_promociones\')\";',	'titulos_promociones.php',	'_SELF',	CONV('1', 2, 10) + 0,	'promociones.png',	1,	'2018-12-12 04:09:08',	'2017-10-13 14:16:57'),
(88,	'Inventario de Titulos',	32,	3,	0,	'',	0,	'',	'listados_titulos.php',	'_BLANK',	CONV('1', 2, 10) + 0,	'inventarios_titulos.png',	2,	'2018-12-12 04:09:00',	'2017-10-13 14:16:57'),
(89,	'Historial de Actas de Entrega',	32,	3,	0,	'titulos_asignaciones',	1,	'onclick=\"SeleccioneTablaDB(\'titulos_asignaciones\')\";',	'titulos_asignaciones.php',	'_SELF',	CONV('1', 2, 10) + 0,	'acta.png',	3,	'2018-12-12 04:09:08',	'2017-10-13 14:16:57'),
(90,	'Venta de Titulos',	32,	3,	0,	'',	0,	'',	'VentasTitulos.php',	'_BLANK',	CONV('1', 2, 10) + 0,	'ventastitulos.png',	4,	'2018-12-12 04:09:00',	'2017-10-13 14:16:57'),
(91,	'Historial de Venta de Titulos',	32,	3,	0,	'titulos_ventas',	1,	'onclick=\"SeleccioneTablaDB(\'titulos_ventas\')\";',	'titulos_ventas.php',	'_SELF',	CONV('1', 2, 10) + 0,	'historial.png',	5,	'2018-12-12 04:09:08',	'2017-10-13 14:16:57'),
(92,	'Historial de Abonos a Ventas',	32,	3,	0,	'titulos_abonos',	1,	'onclick=\"SeleccioneTablaDB(\'titulos_abonos\')\";',	'titulos_abonos.php',	'_SELF',	CONV('1', 2, 10) + 0,	'abonos.png',	6,	'2018-12-12 04:09:08',	'2017-10-13 14:16:57'),
(93,	'Historial de Titulos Devueltos',	32,	3,	0,	'titulos_devoluciones',	1,	'onclick=\"SeleccioneTablaDB(\'titulos_devoluciones\')\";',	'titulos_devoluciones.php',	'_SELF',	CONV('1', 2, 10) + 0,	'historial2.png',	7,	'2018-12-12 04:09:08',	'2017-10-13 14:16:57'),
(94,	'Cuentas X Cobrar',	32,	3,	0,	'titulos_cuentasxcobrar',	1,	'onclick=\"SeleccioneTablaDB(\'titulos_cuentasxcobrar\')\";',	'titulos_cuentasxcobrar.php',	'_SELF',	CONV('1', 2, 10) + 0,	'cuentasxcobrar.png',	8,	'2018-12-12 04:09:08',	'2017-10-13 14:16:57'),
(95,	'Comisiones',	32,	3,	0,	'titulos_comisiones',	1,	'onclick=\"SeleccioneTablaDB(\'titulos_comisiones\')\";',	'titulos_comisiones.php',	'_SELF',	CONV('1', 2, 10) + 0,	'comisiones.png',	9,	'2018-12-12 04:09:08',	'2017-10-13 14:16:57'),
(96,	'Historial de Traslados',	32,	3,	0,	'titulos_traslados',	1,	'onclick=\"SeleccioneTablaDB(\'titulos_traslados\')\";',	'titulos_traslados.php',	'_SELF',	CONV('1', 2, 10) + 0,	'traslado.png',	10,	'2018-12-12 04:09:08',	'2017-10-13 14:16:57'),
(97,	'Historial de Anulacion de Abonos',	32,	3,	0,	'comprobantes_ingreso_anulaciones',	1,	'onclick=\"SeleccioneTablaDB(\'comprobantes_ingreso_anulaciones\')\";',	'comprobantes_ingreso_anulaciones.php',	'_SELF',	CONV('1', 2, 10) + 0,	'historial3.png',	11,	'2018-12-12 04:09:08',	'2017-10-13 14:16:57'),
(98,	'Informes',	32,	3,	0,	'',	0,	'',	'InformeTitulos.php',	'_BLANK',	CONV('1', 2, 10) + 0,	'informes.png',	12,	'2018-12-12 04:09:00',	'2017-10-13 14:16:57'),
(99,	'Historial',	33,	3,	0,	'traslados_mercancia',	1,	'onclick=\"SeleccioneTablaDB(\'traslados_mercancia\')\";',	'traslados_mercancia.php',	'_SELF',	CONV('1', 2, 10) + 0,	'historial.png',	1,	'2018-12-12 04:09:08',	'2017-10-13 14:16:57'),
(100,	'Nuevo',	33,	3,	0,	'',	0,	'',	'CreaTraslado.php',	'_BLANK',	CONV('1', 2, 10) + 0,	'nuevo.png',	2,	'2018-12-12 04:09:00',	'2017-10-13 14:16:57'),
(101,	'Subir Traslados',	33,	3,	0,	'',	0,	'',	'SubirTraslado.php',	'_BLANK',	CONV('1', 2, 10) + 0,	'upload.png',	3,	'2018-12-12 04:09:00',	'2017-10-13 14:16:57'),
(102,	'Descargar Traslados',	33,	3,	0,	'',	0,	'',	'DescargarTraslados.php',	'_BLANK',	CONV('1', 2, 10) + 0,	'descargar.png',	4,	'2018-12-12 04:09:00',	'2017-10-13 14:16:57'),
(103,	'Seguimiento',	34,	3,	0,	'',	0,	'',	'_.php',	'_BLANK',	CONV('1', 2, 10) + 0,	'departamentos.png',	1,	'2018-12-12 04:09:00',	'2017-10-13 14:16:57'),
(104,	'Crear o Editar cartel de publicidad',	35,	3,	0,	'',	0,	'',	'CrearCartelPublicitario.php',	'_BLANK',	CONV('1', 2, 10) + 0,	'cartel.png',	1,	'2018-12-12 04:09:00',	'2017-10-13 14:16:57'),
(105,	'Resumen de facturacion',	12,	3,	0,	'',	0,	'',	'vista_resumen_facturacion.php',	'_BLANK',	CONV('1', 2, 10) + 0,	'resumen.png',	5,	'2018-12-12 04:09:00',	'2017-10-13 14:16:57'),
(106,	'Kardex Alquiler',	22,	3,	0,	'kardex_alquiler',	1,	'onclick=\"SeleccioneTablaDB(\'kardex_alquiler\')\";',	'kardex_alquiler.php',	'_SELF',	CONV('1', 2, 10) + 0,	'kardex_alquiler.png',	8,	'2018-12-12 04:09:08',	'2017-10-13 14:16:57'),
(107,	'Historial de Cierres',	30,	3,	0,	'restaurante_cierres',	1,	'onclick=\"SeleccioneTablaDB(\'restaurante_cierres\')\";',	'restaurante_cierres.php',	'_SELF',	CONV('1', 2, 10) + 0,	'historial.png',	4,	'2018-12-12 04:09:08',	'2017-10-13 14:16:57'),
(108,	'Historial de Pedidos',	30,	3,	0,	'restaurante_pedidos',	1,	'onclick=\"SeleccioneTablaDB(\'restaurante_pedidos\')\";',	'restaurante_pedidos.php',	'_SELF',	CONV('1', 2, 10) + 0,	'historial2.png',	5,	'2018-12-12 04:09:08',	'2017-10-13 14:16:57'),
(109,	'Historial de Eliminaciones',	21,	3,	0,	'registra_eliminaciones',	1,	'onclick=\"SeleccioneTablaDB(\'registra_eliminaciones\')\";',	'registra_eliminaciones.php',	'_SELF',	CONV('1', 2, 10) + 0,	'papelera.png',	3,	'2018-12-12 04:09:08',	'2017-10-13 14:16:57'),
(110,	'Resumen de facturacion X Fecha',	12,	3,	0,	'',	0,	'',	'facturacionxfecha.php',	'_BLANK',	CONV('1', 2, 10) + 0,	'fecha.png',	4,	'2018-12-12 04:09:00',	'2017-10-13 14:16:57'),
(111,	'Historial detallado',	33,	3,	0,	'traslados_items',	1,	'onclick=\"SeleccioneTablaDB(\'traslados_items\')\";',	'traslados_items.php',	'_SELF',	CONV('1', 2, 10) + 0,	'historial2.png',	4,	'2018-12-12 04:09:08',	'2017-10-13 14:16:57'),
(112,	'Sistemas',	27,	3,	0,	'sistemas',	1,	'onclick=\"SeleccioneTablaDB(\'sistemas\')\";',	'sistemas.php',	'_SELF',	CONV('1', 2, 10) + 0,	'sistem.png',	1,	'2018-12-12 04:09:08',	'2017-10-13 14:16:57'),
(113,	'Inventario de Separados',	22,	3,	0,	'vista_inventario_separados',	1,	'onclick=\"SeleccioneTablaDB(\'vista_inventario_separados\')\";',	'vista_inventario_separados.php',	'_SELF',	CONV('1', 2, 10) + 0,	'inventario_separados.png',	12,	'2018-12-12 04:09:08',	'2017-10-13 14:16:57'),
(114,	'Comparacion Anual',	9,	5,	0,	'',	0,	'',	'YearsComparison.php',	'_BLANK',	CONV('1', 2, 10) + 0,	'anualcomp.jpg',	6,	'2018-12-12 04:09:00',	'2017-10-13 14:16:57'),
(115,	'Comparacion Diaria',	9,	5,	0,	'',	0,	'',	'DiasComparacion.php',	'_BLANK',	CONV('1', 2, 10) + 0,	'diascomp.png',	6,	'2018-12-12 04:09:00',	'2017-10-13 14:16:57'),
(116,	'Subir RIPS Generados',	36,	6,	0,	'',	0,	'',	'Salud_SubirRips.php',	'_BLANK',	CONV('1', 2, 10) + 0,	'upload2.png',	1,	'2018-12-12 04:09:00',	'2017-10-13 14:16:57'),
(117,	'Subir RIPS de pago',	36,	6,	0,	'',	0,	'',	'Salud_SubirRipsPagos.php',	'_BLANK',	CONV('1', 2, 10) + 0,	'upload.png',	3,	'2018-12-12 04:09:00',	'2017-10-13 14:16:57'),
(118,	'Radicar Facturas',	36,	6,	0,	'',	0,	'',	'salud_radicacion_facturas.php',	'_BLANK',	CONV('1', 2, 10) + 0,	'radicar.jpg',	2,	'2018-12-12 04:09:00',	'2017-10-13 14:16:57'),
(119,	'Historial de Facturas Pagas',	36,	6,	0,	'',	0,	'',	'vista_salud_facturas_pagas.php',	'_BLANK',	CONV('1', 2, 10) + 0,	'historial.png',	4,	'2018-12-12 04:09:00',	'2017-10-13 14:16:57'),
(120,	'Historial de Facturas NO Pagadas',	36,	6,	0,	'',	0,	'',	'vista_salud_facturas_no_pagas.php',	'_BLANK',	CONV('1', 2, 10) + 0,	'historial2.png',	5,	'2018-12-12 04:09:00',	'2017-10-13 14:16:57'),
(121,	'Historial de Facturas Con Diferencias',	36,	6,	0,	'',	0,	'',	'vista_salud_facturas_diferencias.php',	'_BLANK',	CONV('1', 2, 10) + 0,	'historial3.png',	6,	'2018-12-12 04:09:00',	'2017-10-13 14:16:57'),
(122,	'Listas de precios',	22,	3,	0,	'productos_lista_precios',	1,	'onclick=\"SeleccioneTablaDB(\'productos_lista_precios\')\";',	'productos_lista_precios.php',	'_SELF',	CONV('1', 2, 10) + 0,	'listasprecios.png',	6,	'2018-12-12 04:09:08',	'2017-10-13 14:16:57'),
(123,	'Precios Adicionales',	22,	3,	0,	'productos_precios_adicionales',	1,	'onclick=\"SeleccioneTablaDB(\'productos_precios_adicionales\')\";',	'productos_precios_adicionales.php',	'_SELF',	CONV('1', 2, 10) + 0,	'productos_precios.png',	5,	'2018-12-12 04:09:08',	'2017-10-13 14:16:57'),
(124,	'Glosas',	37,	6,	0,	'',	0,	'',	'SaludGlosasDevoluciones.php',	'_BLANK',	CONV('1', 2, 10) + 0,	'glosas.png',	1,	'2018-12-12 04:09:00',	'2017-10-13 14:16:57'),
(125,	'Informe de Estado de Rips',	40,	6,	0,	'',	0,	'',	'SaludInformeEstadoRips.php',	'_BLANK',	CONV('1', 2, 10) + 0,	'estadorips.png',	1,	'2018-12-12 04:09:00',	'2017-10-13 14:16:57'),
(126,	'Cartera X Edades',	40,	6,	0,	'',	0,	'',	'salud_edad_cartera.php',	'_BLANK',	CONV('1', 2, 10) + 0,	'cartera.png',	2,	'2018-12-12 04:09:00',	'2017-10-13 14:16:57'),
(127,	'Registro de Glosas',	37,	6,	0,	'',	0,	'',	'salud_registro_glosas.php',	'_BLANK',	CONV('1', 2, 10) + 0,	'glosas2.png',	7,	'2018-12-12 04:09:00',	'2017-10-13 14:16:57'),
(128,	'Archivo de Consultas AC',	38,	6,	0,	'',	0,	'',	'salud_archivo_consultas.php',	'_BLANK',	CONV('1', 2, 10) + 0,	'ac.png',	7,	'2018-12-12 04:09:00',	'2017-10-13 14:16:57'),
(129,	'Archivo de Hospitalizaciones AH',	38,	6,	0,	'',	0,	'',	'salud_archivo_hospitalizaciones.php',	'_BLANK',	CONV('1', 2, 10) + 0,	'ah.png',	7,	'2018-12-12 04:09:00',	'2017-10-13 14:16:57'),
(130,	'Archivo de Medicamentos AM',	38,	6,	0,	'',	0,	'',	'salud_archivo_medicamentos.php',	'_BLANK',	CONV('1', 2, 10) + 0,	'am.png',	3,	'2018-12-12 04:09:00',	'2017-10-13 14:16:57'),
(131,	'Otros Servicios AT',	38,	6,	0,	'',	0,	'',	'salud_archivo_otros_servicios.php',	'_BLANK',	CONV('1', 2, 10) + 0,	'at.png',	4,	'2018-12-12 04:09:00',	'2017-10-13 14:16:57'),
(132,	'Archivo de Procedimientos AP',	38,	6,	0,	'',	0,	'',	'salud_archivo_procedimientos.php',	'_BLANK',	CONV('1', 2, 10) + 0,	'ap.jpg',	5,	'2018-12-12 04:09:00',	'2017-10-13 14:16:57'),
(134,	'Archivo de usuarios US',	38,	6,	0,	'',	0,	'',	'salud_archivo_usuarios.php',	'_BLANK',	CONV('1', 2, 10) + 0,	'us.png',	6,	'2018-12-12 04:09:00',	'2017-10-13 14:16:57'),
(135,	'Facturacion Generada AF',	38,	6,	0,	'',	0,	'',	'salud_archivo_facturacion_mov_generados.php',	'_BLANK',	CONV('1', 2, 10) + 0,	'af.png',	7,	'2018-12-12 04:09:00',	'2017-10-13 14:16:57'),
(136,	'Facturacion Recaudada AR',	38,	6,	0,	'',	0,	'',	'salud_archivo_facturacion_mov_pagados.php',	'_BLANK',	CONV('1', 2, 10) + 0,	'ar.png',	8,	'2018-12-12 04:09:00',	'2017-10-13 14:16:57'),
(137,	'Listado de EPS',	36,	6,	0,	'',	0,	'',	'salud_eps.php',	'_BLANK',	CONV('1', 2, 10) + 0,	'eps.png',	8,	'2018-12-12 04:09:00',	'2017-10-13 14:16:57'),
(138,	'Pagos de posibles VIGENCIAS ANTERIORES',	36,	6,	0,	'',	0,	'',	'vista_salud_pagas_no_generadas.php',	'_BLANK',	CONV('1', 2, 10) + 0,	'factura3.png',	8,	'2018-12-12 04:09:00',	'2017-10-13 14:16:57'),
(139,	'Libro Mayor y Balances',	16,	3,	0,	'libromayorbalances',	1,	'onclick=\"SeleccioneTablaDB(\'libromayorbalances\')\";',	'libromayorbalances.php',	'_SELF',	CONV('1', 2, 10) + 0,	'libromayor.png',	1,	'2018-12-12 04:09:08',	'2017-10-13 14:16:57'),
(140,	'Generar Prejuridicos',	39,	6,	0,	'',	0,	'',	'SaludPrejuridicos.php',	'_BLANK',	CONV('1', 2, 10) + 0,	'prejuridico.jpg',	1,	'2018-12-12 04:09:00',	'2017-10-13 14:16:57'),
(141,	'Reportes Graficos',	41,	1,	0,	'',	0,	'',	'MnuGraficosVentas.php',	'_BLANK',	CONV('1', 2, 10) + 0,	'graficos.png',	1,	'2018-12-12 04:09:00',	'2017-10-13 14:16:57'),
(142,	'Comparacion Anual',	42,	5,	0,	'',	0,	'',	'YearsComparison.php',	'_BLANK',	CONV('1', 2, 10) + 0,	'anualcomp.jpg',	1,	'2018-12-12 04:09:00',	'2017-10-13 14:16:57'),
(143,	'Comparacion Diaria',	42,	5,	0,	'',	0,	'',	'DiasComparacion.php',	'_BLANK',	CONV('1', 2, 10) + 0,	'diascomp.png',	2,	'2018-12-12 04:09:00',	'2017-10-13 14:16:57'),
(144,	'Graficos Ventas Departamentos',	42,	3,	0,	'',	0,	'',	'GraficosVentasXDepartamentos.php',	'_BLANK',	CONV('1', 2, 10) + 0,	'graficos.png',	2,	'2018-12-12 04:09:00',	'2017-10-13 14:16:57'),
(145,	'Circular 030',	40,	6,	0,	'',	0,	'',	'salud_genere_circular_030.php',	'_BLANK',	CONV('1', 2, 10) + 0,	'030.jpg',	3,	'2018-12-12 04:09:00',	'2017-10-13 14:16:57'),
(146,	'SIHO',	40,	6,	0,	'',	0,	'',	'SIHO.php',	'_BLANK',	CONV('1', 2, 10) + 0,	'siho.png',	4,	'2018-12-12 04:09:00',	'2017-10-13 14:16:57'),
(147,	'Totales en Compras',	13,	3,	0,	'vista_factura_compra_totales',	1,	'onclick=\"SeleccioneTablaDB(\'vista_factura_compra_totales\')\";',	'vista_factura_compra_totales.php',	'_SELF',	CONV('1', 2, 10) + 0,	'historial3.png',	6,	'2018-12-12 04:09:08',	'2017-10-13 14:16:57'),
(148,	'Generar Comprobante de Acumulado Cuenta por Tercero',	16,	3,	0,	'',	0,	'',	'ComprobantesContables.php',	'_BLANK',	CONV('1', 2, 10) + 0,	'comprobantes.png',	3,	'2018-12-12 04:09:00',	'2017-10-13 14:16:57'),
(149,	'Diagnostico de RIPS Circular 030',	40,	6,	0,	'',	0,	'',	'salud_edad_cartera.php',	'_BLANK',	CONV('1', 2, 10) + 0,	'diagnostico.png',	3,	'2018-12-12 04:09:00',	'2017-10-13 14:16:57'),
(150,	'Historial Prejuridicos',	39,	6,	0,	'',	0,	'',	'salud_cobros_prejuridicos.php',	'_BLANK',	CONV('1', 2, 10) + 0,	'historial.png',	1,	'2018-12-12 04:09:00',	'2017-10-13 14:16:57'),
(151,	'Historial de pagos ingresados por tesoreria',	43,	6,	0,	'',	0,	'',	'salud_tesoreria.php',	'_BLANK',	CONV('1', 2, 10) + 0,	'historial2.png',	1,	'2018-12-12 04:09:00',	'2017-10-13 14:16:57'),
(152,	'Registrar Pago',	43,	6,	0,	'',	0,	'',	'Salud_Ingresar_Pago_Tesoreria.php',	'_BLANK',	CONV('1', 2, 10) + 0,	'pago.png',	2,	'2018-12-12 04:09:00',	'2017-10-13 14:16:57'),
(153,	'Procesos Gerenciales',	40,	6,	0,	'',	0,	'',	'salud_procesos_gerenciales.php',	'_BLANK',	CONV('1', 2, 10) + 0,	'gestion.png',	6,	'2018-12-12 04:09:00',	'2017-10-13 14:16:57'),
(154,	'Reserva de Espacios',	44,	3,	0,	'',	0,	'',	'ReservaEspacios.php',	'_BLANK',	CONV('1', 2, 10) + 0,	'reservas2.png',	1,	'2018-12-12 04:09:00',	'2017-10-13 14:16:57'),
(155,	'Subir Circular 030 inicial',	40,	6,	0,	'',	0,	'',	'salud_subir_circular_030_inicial.php',	'_BLANK',	CONV('1', 2, 10) + 0,	'030_inicial.png',	2,	'2018-12-12 04:09:00',	'2017-10-13 14:16:57'),
(156,	'Historial de Autorizaciones',	21,	3,	0,	'registro_autorizaciones_pos',	1,	'onclick=\"SeleccioneTablaDB(\'registro_autorizaciones_pos\')\";',	'registro_autorizaciones_pos.php',	'_SELF',	CONV('1', 2, 10) + 0,	'autorizacion.png',	4,	'2018-12-12 04:09:08',	'2017-10-13 14:16:57'),
(157,	'Inventarios Selectivos',	28,	3,	0,	'vista_diferencia_inventarios_selectivos',	1,	'onclick=\"SeleccioneTablaDB(\'vista_diferencia_inventarios_selectivos\')\";',	'vista_diferencia_inventarios_selectivos.php',	'_SELF',	CONV('1', 2, 10) + 0,	'diferencias.png',	6,	'2018-12-12 04:09:08',	'2017-10-13 14:16:57'),
(158,	'Conteo Selectivo',	28,	3,	0,	'',	0,	'',	'ConteoFisicoSelectivo.php',	'_BLANK',	CONV('1', 2, 10) + 0,	'conteo_selectivo.png',	7,	'2018-12-12 04:09:00',	'2017-10-13 14:16:57'),
(159,	'Actualizacion de Precios Manual',	26,	3,	0,	'',	0,	'',	'ActualizarPreciosManual.php',	'_BLANK',	CONV('1', 2, 10) + 0,	'pagos.png',	2,	'2018-12-12 04:09:00',	'2017-10-13 14:16:57'),
(160,	'Informes',	44,	3,	0,	'',	0,	'',	'ReservasInformes.php',	'_BLANK',	CONV('1', 2, 10) + 0,	'informes.png',	2,	'2018-12-12 04:09:00',	'2017-10-13 14:16:57'),
(161,	'Historial de Documentos Equivalentes',	12,	3,	0,	'documento_equivalente_items',	1,	'onclick=\"SeleccioneTablaDB(\'documento_equivalente_items\')\";',	'documento_equivalente_items.php',	'_SELF',	CONV('1', 2, 10) + 0,	'equivalente.png',	7,	'2018-12-12 04:09:08',	'2017-10-11 14:16:57'),
(162,	'Realizar un documento equivalente',	12,	3,	0,	'',	0,	'',	'CrearDocumentoEquivalente.php',	'_BLANK',	CONV('1', 2, 10) + 0,	'docequivalente.png',	8,	'2018-12-12 04:09:00',	'2017-10-11 14:16:57'),
(163,	'Base de Datos de Modelos',	45,	3,	0,	'modelos_db',	1,	'onclick=\"SeleccioneTablaDB(\'modelos_db\')\";',	'modelos_db.php',	'_SELF',	CONV('1', 2, 10) + 0,	'modelos.png',	1,	'2018-12-12 04:09:08',	'2017-10-13 14:16:57'),
(164,	'Administrar Tiempos',	45,	3,	0,	'',	0,	'',	'modelos_admin.php',	'_BLANK',	CONV('1', 2, 10) + 0,	'modelos_admin.png',	2,	'2018-12-12 04:09:00',	'2017-10-13 14:16:57'),
(165,	'Historial de Agenda',	45,	3,	0,	'modelos_agenda',	1,	'onclick=\"SeleccioneTablaDB(\'modelos_agenda\')\";',	'modelos_agenda.php',	'_SELF',	CONV('1', 2, 10) + 0,	'historial.png',	4,	'2018-12-12 04:09:08',	'2017-10-13 14:16:57'),
(166,	'Notas de Devolucion',	13,	3,	0,	'',	0,	'',	'RegistraNotaDevolucion.php',	'_BLANK',	CONV('1', 2, 10) + 0,	'devolucion.png',	7,	'2018-12-12 04:09:00',	'2017-10-13 14:16:57'),
(167,	'Totales en Facturacion',	12,	3,	0,	'vista_totales_facturacion',	1,	'onclick=\"SeleccioneTablaDB(\'vista_totales_facturacion\')\";',	'vista_totales_facturacion.php',	'_SELF',	CONV('1', 2, 10) + 0,	'totales_facturacion.png',	9,	'2018-12-12 04:09:08',	'2017-10-11 14:16:57'),
(168,	'Historial de Cierres',	45,	3,	0,	'modelos_cierres',	1,	'onclick=\"SeleccioneTablaDB(\'modelos_cierres\')\";',	'modelos_cierres.php',	'_SELF',	CONV('1', 2, 10) + 0,	'historial2.png',	5,	'2018-12-12 04:09:08',	'2017-10-13 14:16:57'),
(169,	'Ventas',	30,	3,	0,	'',	0,	'',	'VentasRestaurante.php',	'_BLANK',	CONV('1', 2, 10) + 0,	'vender.png',	1,	'2018-12-12 04:09:00',	'2017-10-13 14:16:57'),
(170,	'Historial de Notas de Devolucion',	13,	3,	0,	'factura_compra_notas_devolucion',	1,	'onclick=\"SeleccioneTablaDB(\'factura_compra_notas_devolucion\')\";',	'factura_compra_notas_devolucion.php',	'_SELF',	CONV('1', 2, 10) + 0,	'historial4.png',	8,	'2018-12-12 04:09:08',	'2017-10-13 14:16:57'),
(171,	'Vista Libro Diario ',	6,	3,	0,	'vista_libro_diario',	1,	'onclick=\"SeleccioneTablaDB(\'vista_libro_diario\')\";',	'vista_libro_diario.php',	'_SELF',	CONV('1', 2, 10) + 0,	'anexos2.png',	1,	'2018-12-12 04:09:08',	'2017-10-13 14:16:57'),
(172,	'Crear un Documento Contable',	46,	3,	0,	'',	0,	'',	'documentos_contables.php',	'_BLANK',	CONV('1', 2, 10) + 0,	'030.jpg',	3,	'2018-12-12 04:09:00',	'2017-10-13 14:16:57'),
(173,	'Registrar Documento Contable',	46,	3,	0,	'',	0,	'',	'CrearDocumentoContable.php',	'_BLANK',	CONV('1', 2, 10) + 0,	'ordenessalida.png',	2,	'2018-12-12 04:09:00',	'2017-10-13 14:16:57'),
(174,	'Historial Documentos Contables',	46,	3,	0,	'documentos_contables_control',	1,	'onclick=\"SeleccioneTablaDB(\'documentos_contables_control\')\";',	'documentos_contables_control.php',	'_SELF',	CONV('1', 2, 10) + 0,	'historial.png',	1,	'2018-12-12 04:09:08',	'2017-10-13 14:16:57'),
(175,	'Historial de Pedidos Items',	30,	3,	0,	'restaurante_pedidos_items',	1,	'onclick=\"SeleccioneTablaDB(\'restaurante_pedidos_items\')\";',	'restaurante_pedidos_items.php',	'_SELF',	CONV('1', 2, 10) + 0,	'historial3.png',	6,	'2018-12-12 04:09:08',	'2017-10-13 14:16:57'),
(176,	'Recetas',	27,	3,	0,	'',	0,	'',	'CrearReceta.php',	'_BLANK',	CONV('1', 2, 10) + 0,	'recetas.png',	4,	'2018-12-12 04:09:00',	'2017-10-13 14:16:57'),
(177,	'Insumos',	22,	3,	0,	'insumos',	1,	'onclick=\"SeleccioneTablaDB(\'insumos\')\";',	'insumos.php',	'_SELF',	CONV('1', 2, 10) + 0,	'insumos.png',	3,	'2018-12-12 04:09:08',	'2017-10-13 14:16:57'),
(178,	'Subgrupo 6',	23,	3,	0,	'prod_sub6',	1,	'onclick=\"SeleccioneTablaDB(\'prod_sub6\')\";',	'prod_sub6.php',	'_SELF',	CONV('1', 2, 10) + 0,	'usuariostipo.png',	7,	'2018-12-12 04:09:08',	'2017-10-13 14:16:57'),
(179,	'Facturacin Frecuente',	12,	3,	0,	'',	0,	'',	'GenerarFacturacionFrecuente.php',	'_BLANK',	CONV('1', 2, 10) + 0,	'repetitivo.png',	4,	'2018-12-12 04:09:00',	'2017-10-13 14:16:57'),
(180,	'Historial',	47,	3,	0,	'ordenesdecompra',	1,	'onclick=\"SeleccioneTablaDB(\'ordenesdecompra\')\";',	'ordenesdecompra.php',	'_SELF',	CONV('1', 2, 10) + 0,	'historial.png',	1,	'2018-12-12 04:09:08',	'2017-10-13 14:16:57'),
(181,	'Historial de Documentos Equivalentes',	48,	3,	0,	'nomina_documentos_equivalentes',	1,	'onclick=\"SeleccioneTablaDB(\'nomina_documentos_equivalentes\')\";',	'nomina_documentos_equivalentes.php',	'_SELF',	CONV('1', 2, 10) + 0,	'historial.png',	1,	'2018-12-12 04:09:08',	'2017-10-13 14:16:57'),
(182,	'Manejo de Turnos',	48,	3,	0,	'',	0,	'',	'AdministrarTurnos.php',	'_BLANK',	CONV('1', 2, 10) + 0,	'turnos.png',	1,	'2018-12-12 04:09:00',	'2017-10-13 14:16:57'),
(183,	'Verificar Orden',	47,	3,	0,	'',	0,	'',	'../modulos/compras/ReciboOrdenCompra.php',	'_BLANK',	CONV('1', 2, 10) + 0,	'verificarOC.jpg',	5,	'2018-12-12 04:09:00',	'2017-10-13 14:16:57');



INSERT INTO `modelos_config_factura` (`ID`, `idItemFactura`, `TablaItem`, `Updated`, `Sync`) VALUES
(1,	35,	'servicios',	'2018-05-21 19:37:33',	'0000-00-00 00:00:00');


INSERT INTO `nomina_configuracion_documentos_equivalentes` (`ID`, `Titulo`, `Articulo1`, `Articulo2`, `Articulo3`, `Updated`, `Sync`) VALUES
(1,	'DOCUMENTO EQUIVALENTE A LA FACTURA EN ADQUISICIONES  O SERVICIOS EFECTUADOS POR RESPONSABLES DEL REGIMEN COMUN A PERSONAS NATURALES NO COMERCIANTES O INSCRITAS EN EL REGIMEN SIMPLIFICADO',	'CUENTA DE COBRO (Art. 4 Decreto 3050/97)',	'DCTO. EQUIVALENTE Art. 3 Decreto 522/03)',	'NOTA DE CONTABILIDAD (Art. 3 Decreto 380/96)',	'2018-10-23 21:06:24',	'0000-00-00 00:00:00');


INSERT INTO `nomina_parametros_contables` (`ID`, `CuentaPUC`, `NombreCuenta`, `Updated`, `Sync`) VALUES
(1,	'523510',	'Servicios Temporales',	'2018-10-24 04:11:28',	'0000-00-00 00:00:00'),
(2,	'236540',	'RETEFUENTE',	'2018-10-24 04:11:28',	'0000-00-00 00:00:00'),
(3,	'233525',	'CUENTA POR PAGAR',	'2018-10-24 04:11:28',	'0000-00-00 00:00:00'),
(4,	'236805',	'RETENCION DE INDUSTRIA Y COMERCIO',	'2018-10-24 04:11:28',	'0000-00-00 00:00:00');

INSERT INTO `nomina_parametros_generales` (`ID`, `Descripcion`, `Valor`, `Updated`, `Sync`) VALUES
(1,	'RETENCION DE ICA',	0.0066,	'2018-10-24 04:11:31',	'0000-00-00 00:00:00'),
(2,	'Tope para realizar retencion de ICA',	99000,	'2018-10-24 04:11:31',	'0000-00-00 00:00:00'),
(3,	'Retefuente por servicios para personas naturales',	0.06,	'2018-10-24 04:11:31',	'0000-00-00 00:00:00'),
(4,	'Tope en servicios para personas naturales',	133000,	'2018-10-24 04:11:31',	'0000-00-00 00:00:00');












INSERT INTO `paginas` (`ID`, `Nombre`, `TipoPagina`, `Visible`, `Updated`, `Sync`) VALUES
(1,	'Admin.php',	'Menu',	1,	'2017-10-13 19:28:37',	'2017-10-13 14:28:37'),
(2,	'MnuEgresos.php',	'Menu',	1,	'2017-10-13 19:28:37',	'2017-10-13 14:28:37'),
(3,	'MnuFacturacion.php',	'Menu',	1,	'2017-10-13 19:28:37',	'2017-10-13 14:28:37'),
(4,	'MnuInformes.php',	'Menu',	1,	'2017-10-13 19:28:37',	'2017-10-13 14:28:37'),
(5,	'MnuIngresos.php',	'Menu',	1,	'2017-10-13 19:28:37',	'2017-10-13 14:28:37'),
(6,	'MnuInventarios.php',	'Menu',	1,	'2017-10-13 19:28:37',	'2017-10-13 14:28:37'),
(7,	'MnuTraslados.php',	'Menu',	1,	'2017-10-13 19:28:37',	'2017-10-13 14:28:37'),
(8,	'MnuVentas.php',	'Menu',	1,	'2017-10-13 19:28:37',	'2017-10-13 14:28:37'),
(9,	'abonos_libro.php',	'Vista',	1,	'2017-10-13 19:28:37',	'2017-10-13 14:28:37'),
(10,	'AgregaItemsOC.php',	'Vista',	1,	'2017-10-13 19:28:37',	'2017-10-13 14:28:37'),
(11,	'AgregaItemsOT.php',	'Vista',	1,	'2017-10-13 19:28:37',	'2017-10-13 14:28:37'),
(12,	'AgregarItemsXCB.php',	'Vista',	1,	'2017-10-13 19:28:37',	'2017-10-13 14:28:37'),
(13,	'AnularFactura.php',	'Vista',	1,	'2017-10-13 19:28:37',	'2017-10-13 14:28:37'),
(14,	'BalanceComprobacion.php',	'Vista',	1,	'2017-10-13 19:28:37',	'2017-10-13 14:28:37'),
(15,	'buscar_item.php',	'Vista',	1,	'2017-10-13 19:28:37',	'2017-10-13 14:28:37'),
(16,	'cajas.php',	'Vista',	1,	'2017-10-13 19:28:37',	'2017-10-13 14:28:37'),
(17,	'cajas_aperturas_cierres.php',	'Vista',	1,	'2017-10-13 19:28:37',	'2017-10-13 14:28:37'),
(18,	'cartera.php',	'Vista',	1,	'2017-10-13 19:28:37',	'2017-10-13 14:28:37'),
(19,	'centrocosto.php',	'Vista',	1,	'2017-10-13 19:28:37',	'2017-10-13 14:28:37'),
(20,	'clientes.php',	'Vista',	1,	'2017-10-13 19:28:37',	'2017-10-13 14:28:37'),
(21,	'colaboradores.php',	'Vista',	1,	'2017-10-13 19:28:37',	'2017-10-13 14:28:37'),
(22,	'CompraMercancias.php',	'Vista',	1,	'2017-10-13 19:28:37',	'2017-10-13 14:28:37'),
(23,	'comprobantes_contabilidad_items.php',	'Vista',	1,	'2017-10-13 19:28:37',	'2017-10-13 14:28:37'),
(24,	'comprobantes_ingreso.php',	'Vista',	1,	'2017-10-13 19:28:37',	'2017-10-13 14:28:37'),
(25,	'ComprobantesIngreso.php',	'Vista',	1,	'2017-10-13 19:28:37',	'2017-10-13 14:28:37'),
(26,	'config_puertos.php',	'Vista',	1,	'2017-10-13 19:28:37',	'2017-10-13 14:28:37'),
(27,	'config_tiketes_promocion.php',	'Vista',	1,	'2017-10-13 19:28:37',	'2017-10-13 14:28:37'),
(28,	'cot_itemscotizaciones.php',	'Vista',	1,	'2017-10-13 19:28:37',	'2017-10-13 14:28:37'),
(29,	'Cotizaciones.php',	'Vista',	1,	'2017-10-13 19:28:37',	'2017-10-13 14:28:37'),
(30,	'cotizacionesv5.php',	'Vista',	1,	'2017-10-13 19:28:37',	'2017-10-13 14:28:37'),
(31,	'CreaComprobanteCont.php',	'Vista',	1,	'2017-10-13 19:28:37',	'2017-10-13 14:28:37'),
(32,	'CreaTraslado.php',	'Vista',	1,	'2017-10-13 19:28:37',	'2017-10-13 14:28:37'),
(33,	'cuentasfrecuentes.php',	'Vista',	1,	'2017-10-13 19:28:37',	'2017-10-13 14:28:37'),
(34,	'CuentasXCobrar.php',	'Vista',	1,	'2017-10-13 19:28:37',	'2017-10-13 14:28:37'),
(35,	'CuentasXPagar.php',	'Vista',	1,	'2017-10-13 19:28:37',	'2017-10-13 14:28:37'),
(36,	'DescargarTraslados.php',	'Vista',	1,	'2017-10-13 19:28:37',	'2017-10-13 14:28:37'),
(37,	'Devoluciones.php',	'Vista',	1,	'2017-10-13 19:28:37',	'2017-10-13 14:28:37'),
(38,	'EditarRegistro.php',	'Vista',	1,	'2017-10-13 19:28:37',	'2017-10-13 14:28:37'),
(39,	'egresos.php',	'Vista',	1,	'2017-10-13 19:28:37',	'2017-10-13 14:28:37'),
(40,	'Egresos2.php',	'Vista',	1,	'2017-10-13 19:28:37',	'2017-10-13 14:28:37'),
(41,	'empresapro.php',	'Vista',	1,	'2017-10-13 19:28:37',	'2017-10-13 14:28:37'),
(42,	'empresapro_resoluciones_facturacion.php',	'Vista',	1,	'2017-10-13 19:28:37',	'2017-10-13 14:28:37'),
(43,	'FactCoti.php',	'Vista',	1,	'2017-10-13 19:28:37',	'2017-10-13 14:28:37'),
(44,	'FacturaCotizacion.php',	'Vista',	1,	'2017-10-13 19:28:37',	'2017-10-13 14:28:37'),
(45,	'facturas.php',	'Vista',	1,	'2017-10-13 19:28:37',	'2017-10-13 14:28:37'),
(46,	'facturas_items.php',	'Vista',	1,	'2017-10-13 19:28:37',	'2017-10-13 14:28:37'),
(47,	'fechas_descuentos.php',	'Vista',	1,	'2017-10-13 19:28:37',	'2017-10-13 14:28:37'),
(48,	'FormatoFact.php',	'Vista',	1,	'2017-10-13 19:28:37',	'2017-10-13 14:28:37'),
(49,	'formatos_calidad.php',	'Vista',	1,	'2017-10-13 19:28:37',	'2017-10-13 14:28:37'),
(50,	'HabilitarUser.php',	'Vista',	1,	'2017-10-13 19:28:37',	'2017-10-13 14:28:37'),
(51,	'historialremisiones.php',	'Vista',	1,	'2017-10-13 19:28:37',	'2017-10-13 14:28:37'),
(52,	'impret.php',	'Vista',	1,	'2017-10-13 19:28:37',	'2017-10-13 14:28:37'),
(53,	'InformeAdministracion.php',	'Vista',	1,	'2017-10-13 19:28:37',	'2017-10-13 14:28:37'),
(54,	'InformeVentas.php',	'Vista',	1,	'2017-10-13 19:28:37',	'2017-10-13 14:28:37'),
(55,	'InformeVentasAdmin.php',	'Vista',	1,	'2017-10-13 19:28:37',	'2017-10-13 14:28:37'),
(56,	'kardexmercancias.php',	'Vista',	1,	'2017-10-13 19:28:37',	'2017-10-13 14:28:37'),
(57,	'librodiario.php',	'Vista',	1,	'2017-10-13 19:28:37',	'2017-10-13 14:28:37'),
(58,	'notascontables.php',	'Vista',	1,	'2017-10-13 19:28:37',	'2017-10-13 14:28:37'),
(59,	'notascredito.php',	'Vista',	1,	'2017-10-13 19:28:37',	'2017-10-13 14:28:37'),
(60,	'OrdenesActivos.php',	'Vista',	1,	'2017-10-13 19:28:37',	'2017-10-13 14:28:37'),
(61,	'ordenesdecompra.php',	'Vista',	1,	'2017-10-13 19:28:37',	'2017-10-13 14:28:37'),
(62,	'ordenesdetrabajo.php',	'Vista',	1,	'2017-10-13 19:28:37',	'2017-10-13 14:28:37'),
(63,	'pedidos.php',	'Vista',	1,	'2017-10-13 19:28:37',	'2017-10-13 14:28:37'),
(64,	'prod_codbarras.php',	'Vista',	1,	'2017-10-13 19:28:37',	'2017-10-13 14:28:37'),
(65,	'prod_departamentos.php',	'Vista',	1,	'2017-10-13 19:28:37',	'2017-10-13 14:28:37'),
(66,	'prod_sub1.php',	'Vista',	1,	'2017-10-13 19:28:37',	'2017-10-13 14:28:37'),
(67,	'prod_sub2.php',	'Vista',	1,	'2017-10-13 19:28:37',	'2017-10-13 14:28:37'),
(68,	'prod_sub3.php',	'Vista',	1,	'2017-10-13 19:28:37',	'2017-10-13 14:28:37'),
(69,	'prod_sub4.php',	'Vista',	1,	'2017-10-13 19:28:37',	'2017-10-13 14:28:37'),
(70,	'prod_sub5.php',	'Vista',	1,	'2017-10-13 19:28:37',	'2017-10-13 14:28:37'),
(71,	'productosalquiler.php',	'Vista',	1,	'2017-10-13 19:28:37',	'2017-10-13 14:28:37'),
(72,	'productosventa.php',	'Vista',	1,	'2017-10-13 19:28:37',	'2017-10-13 14:28:37'),
(73,	'proveedores.php',	'Vista',	1,	'2017-10-13 19:28:37',	'2017-10-13 14:28:37'),
(74,	'RegistrarAnticipos.php',	'Vista',	1,	'2017-10-13 19:28:37',	'2017-10-13 14:28:37'),
(75,	'RegistrarIngreso.php',	'Vista',	1,	'2017-10-13 19:28:37',	'2017-10-13 14:28:37'),
(76,	'RegistrarTraslado.php',	'Vista',	1,	'2017-10-13 19:28:37',	'2017-10-13 14:28:37'),
(77,	'Remisiones.php',	'Vista',	1,	'2017-10-13 19:28:37',	'2017-10-13 14:28:37'),
(78,	'separados.php',	'Vista',	1,	'2017-10-13 19:28:37',	'2017-10-13 14:28:37'),
(79,	'separados_abonos.php',	'Vista',	1,	'2017-10-13 19:28:37',	'2017-10-13 14:28:37'),
(80,	'separados_items.php',	'Vista',	1,	'2017-10-13 19:28:37',	'2017-10-13 14:28:37'),
(81,	'servicios.php',	'Vista',	1,	'2017-10-13 19:28:37',	'2017-10-13 14:28:37'),
(82,	'subcuentas.php',	'Vista',	1,	'2017-10-13 19:28:37',	'2017-10-13 14:28:37'),
(83,	'SubirTraslado.php',	'Vista',	1,	'2017-10-13 19:28:37',	'2017-10-13 14:28:37'),
(84,	'traslados_mercancia.php',	'Vista',	1,	'2017-10-13 19:28:37',	'2017-10-13 14:28:37'),
(85,	'usuarios.php',	'Vista',	1,	'2017-10-13 19:28:37',	'2017-10-13 14:28:37'),
(86,	'VentasRapidas.php',	'Vista',	1,	'2017-10-13 19:28:37',	'2017-10-13 14:28:37'),
(87,	'MnuAjustes.php',	'Menu',	1,	'2017-10-13 19:28:37',	'2017-10-13 14:28:37'),
(88,	'backups.php',	'Vista',	1,	'2017-10-13 19:28:37',	'2017-10-13 14:28:37'),
(89,	'bodega.php',	'Vista',	1,	'2017-10-13 19:28:37',	'2017-10-13 14:28:37'),
(90,	'bodegas_externas.php',	'Vista',	1,	'2017-10-13 19:28:37',	'2017-10-13 14:28:37'),
(91,	'empresa_pro_sucursales.php',	'Vista',	1,	'2017-10-13 19:28:37',	'2017-10-13 14:28:37'),
(92,	'AgregueParametros.php',	'Vista',	1,	'2017-10-13 19:28:37',	'2017-10-13 14:28:37'),
(93,	'Menu.php',	'Menu',	1,	'2017-10-13 19:28:37',	'2017-10-13 14:28:37'),
(94,	'DarBajaAlta.php',	'Vista',	1,	'2017-10-13 19:28:37',	'2017-10-13 14:28:37'),
(95,	'prod_bajas_altas.php',	'Vista',	1,	'2017-10-13 19:28:37',	'2017-10-13 14:28:37'),
(96,	'CronogramaProduccion.php',	'Vista',	1,	'2017-10-13 19:28:37',	'2017-10-13 14:28:37'),
(97,	'Ejecutar_Actividades.php',	'Vista',	1,	'2017-10-13 19:28:37',	'2017-10-13 14:28:37'),
(98,	'facturas_abonos.php',	'Vista',	1,	'2017-10-13 19:28:37',	'2017-10-13 14:28:37');

INSERT INTO `paginas_bloques` (`ID`, `TipoUsuario`, `Pagina`, `Habilitado`, `Updated`, `Sync`) VALUES
(1,	'comercial',	'MnuVentas.php',	'SI',	'2017-10-13 19:28:40',	'2017-10-13 14:28:40'),
(2,	'comercial',	'Menu.php',	'SI',	'2017-10-13 19:28:40',	'2017-10-13 14:28:40'),
(3,	'comercial',	'VentasRapidas.php',	'SI',	'2017-10-13 19:28:40',	'2017-10-13 14:28:40'),
(4,	'comercial',	'cotizacionesv5.php',	'SI',	'2017-10-13 19:28:40',	'2017-10-13 14:28:40'),
(5,	'comercial',	'Cotizaciones.php',	'SI',	'2017-10-13 19:28:40',	'2017-10-13 14:28:40'),
(6,	'comercial',	'cajas_aperturas_cierres.php',	'SI',	'2017-10-13 19:28:40',	'2017-10-13 14:28:40'),
(7,	'comercial',	'separados.php',	'SI',	'2017-10-13 19:28:40',	'2017-10-13 14:28:40'),
(8,	'comercial',	'separados_abonos.php',	'SI',	'2017-10-13 19:28:40',	'2017-10-13 14:28:40'),
(9,	'comercial',	'separados_items.php',	'SI',	'2017-10-13 19:28:40',	'2017-10-13 14:28:40'),
(10,	'comercial',	'Remisiones.php',	'SI',	'2017-10-13 19:28:40',	'2017-10-13 14:28:40'),
(11,	'comercial',	'historialremisiones.php',	'SI',	'2017-10-13 19:28:40',	'2017-10-13 14:28:40'),
(12,	'comercial',	'Devoluciones.php',	'SI',	'2017-10-13 19:28:40',	'2017-10-13 14:28:40'),
(13,	'comercial',	'facturas.php',	'SI',	'2017-10-13 19:28:40',	'2017-10-13 14:28:40'),
(14,	'comercial',	'facturas_items.php',	'SI',	'2017-10-13 19:28:40',	'2017-10-13 14:28:40'),
(15,	'comercial',	'MnuFacturacion.php',	'SI',	'2017-10-13 19:28:40',	'2017-10-13 14:28:40'),
(16,	'comercial',	'notascredito.php',	'SI',	'2017-10-13 19:28:40',	'2017-10-13 14:28:40'),
(17,	'comercial',	'FactCoti.php',	'SI',	'2017-10-13 19:28:40',	'2017-10-13 14:28:40'),
(18,	'comercial',	'FacturaCotizacion.php',	'SI',	'2017-10-13 19:28:40',	'2017-10-13 14:28:40'),
(19,	'comercial',	'cartera.php',	'SI',	'2017-10-13 19:28:40',	'2017-10-13 14:28:40'),
(20,	'comercial',	'RegistrarIngreso.php',	'SI',	'2017-10-13 19:28:40',	'2017-10-13 14:28:40'),
(22,	'comercial',	'clientes.php',	'SI',	'2017-10-13 19:28:40',	'2017-10-13 14:28:40'),
(23,	'comercial',	'proveedores.php',	'SI',	'2017-10-13 19:28:40',	'2017-10-13 14:28:40'),
(24,	'comercial',	'prod_codbarras.php',	'SI',	'2017-10-13 19:28:40',	'2017-10-13 14:28:40'),
(25,	'cajero',	'Menu.php',	'SI',	'2017-10-13 19:28:40',	'2017-10-13 14:28:40'),
(26,	'cajero',	'MnuVentas.php',	'SI',	'2017-10-13 19:28:40',	'2017-10-13 14:28:40'),
(27,	'cajero',	'VentasRapidasV2.php',	'SI',	'2017-10-13 19:28:40',	'2017-10-13 14:28:40'),
(28,	'cajero',	'separados.php',	'SI',	'2017-10-13 19:28:40',	'2017-10-13 14:28:40'),
(29,	'cajero',	'separados_abonos.php',	'SI',	'2017-10-13 19:28:40',	'2017-10-13 14:28:40'),
(30,	'cajero',	'separados_items.php',	'SI',	'2017-10-13 19:28:40',	'2017-10-13 14:28:40'),
(31,	'cajero',	'prod_codbarras.php',	'SI',	'2017-10-13 19:28:40',	'2017-10-13 14:28:40'),
(32,	'cajero',	'facturas_abonos.php',	'SI',	'2017-10-13 19:28:40',	'2017-10-13 14:28:40'),
(33,	'bodega',	'Menu.php',	'SI',	'2017-10-13 19:28:40',	'2017-10-13 14:28:40'),
(34,	'bodega',	'MnuInventarios.php',	'SI',	'2017-10-13 19:28:40',	'2017-10-13 14:28:40'),
(35,	'bodega',	'productosventa.php',	'SI',	'2017-10-13 19:28:40',	'2017-10-13 14:28:40'),
(36,	'bodega',	'ordenesdecompra.php',	'SI',	'2017-10-13 19:28:40',	'2017-10-13 14:28:40'),
(37,	'bodega',	'vista_kardex.php',	'SI',	'2017-10-13 19:28:40',	'2017-10-13 14:28:40'),
(38,	'bodega',	'kardexmercancias.php',	'SI',	'2017-10-13 19:28:40',	'2017-10-13 14:28:40'),
(39,	'bodega',	'relacioncompras.php',	'SI',	'2017-10-13 19:28:40',	'2017-10-13 14:28:40'),
(40,	'bodega',	'prod_codbarras.php',	'SI',	'2017-10-13 19:28:40',	'2017-10-13 14:28:40'),
(41,	'bodega',	'MnuTraslados.php',	'SI',	'2017-10-13 19:28:40',	'2017-10-13 14:28:40'),
(42,	'bodega',	'traslados_mercancia.php',	'SI',	'2017-10-13 19:28:40',	'2017-10-13 14:28:40'),
(43,	'bodega',	'CreaTraslado.php',	'SI',	'2017-10-13 19:28:40',	'2017-10-13 14:28:40'),
(44,	'bodega',	'SubirTraslado.php',	'SI',	'2017-10-13 19:28:40',	'2017-10-13 14:28:40'),
(45,	'bodega',	'DescargarTraslados.php',	'SI',	'2017-10-13 19:28:40',	'2017-10-13 14:28:40'),
(46,	'bodega',	'prod_departamentos.php',	'SI',	'2017-10-13 19:28:40',	'2017-10-13 14:28:40'),
(47,	'bodega',	'prod_sub1.php',	'SI',	'2017-10-13 19:28:40',	'2017-10-13 14:28:40'),
(48,	'bodega',	'prod_sub2.php',	'SI',	'2017-10-13 19:28:40',	'2017-10-13 14:28:40'),
(49,	'bodega',	'prod_sub3.php',	'SI',	'2017-10-13 19:28:40',	'2017-10-13 14:28:40'),
(50,	'bodega',	'prod_sub4.php',	'SI',	'2017-10-13 19:28:40',	'2017-10-13 14:28:40'),
(51,	'bodega',	'prod_sub5.php',	'SI',	'2017-10-13 19:28:40',	'2017-10-13 14:28:40'),
(52,	'bodega',	'prod_bajas_altas.php',	'SI',	'2017-10-13 19:28:40',	'2017-10-13 14:28:40'),
(53,	'bodega',	'DarBajaAlta.php',	'SI',	'2017-10-13 19:28:40',	'2017-10-13 14:28:40'),
(54,	'bodega',	'MnuInformes.php',	'SI',	'2017-10-13 19:28:40',	'2017-10-13 14:28:40'),
(55,	'bodega',	'InformeCompras.php',	'SI',	'2017-10-13 19:28:40',	'2017-10-13 14:28:40'),
(56,	'bodega',	'CrearProductoVenta.php',	'SI',	'2017-10-13 19:28:40',	'2017-10-13 14:28:40'),
(57,	'bodega',	'InsertarRegistro.php',	'SI',	'2017-10-13 19:28:40',	'2017-10-13 14:28:40'),
(58,	'bodega',	'EditarRegistro.php',	'SI',	'2017-10-13 19:28:40',	'2017-10-13 14:28:40'),
(59,	'comercial',	'VentasRestaurante.php',	'SI',	'2018-06-26 20:52:44',	'0000-00-00 00:00:00'),
(60,	'comercial',	'MnuRestaurante.php',	'SI',	'2018-06-26 20:58:43',	'0000-00-00 00:00:00');

INSERT INTO `parametros_contables` (`ID`, `Descripcion`, `CuentaPUC`, `NombreCuenta`, `Updated`, `Sync`) VALUES
(1,	'Cuenta que se utiliza para el iva generado en las operaciones de venta ',	24080501,	'Impuesto sobre las ventas por pagar Generado',	'2017-10-13 19:28:42',	'2017-10-13 14:28:42'),
(2,	'Cuenta Costo de venta de la mercancia',	613501,	'Venta de Mercancias No Fabricadas por la Empresa',	'2017-10-13 19:28:42',	'2017-10-13 14:28:42'),
(3,	'Cuenta Gasto Para Bajas de Mercancias no fabricadas por la empresa',	529915,	'',	'2017-10-13 19:28:42',	'2017-10-13 14:28:42'),
(4,	'Cuenta donde se alojan los inventarios de las mercancias no fabricadas por la empresa',	143501,	'Mercancias No Fabricadas por la Empresa',	'2017-10-13 19:28:42',	'2017-10-13 14:28:42'),
(5,	'Cuenta para Realizar el Credito a las altas de un producto',	529915,	'',	'2017-10-13 19:28:42',	'2017-10-13 14:28:42'),
(6,	'Cuenta para realizar creditos o debitos a los clientes',	130505,	'CLIENTES NACIONALES',	'2017-10-13 19:28:42',	'2017-10-13 14:28:42'),
(7,	'Cuenta para registrar el gasto por otros descuentos cuando se registra un ingreso por cartera',	521095,	'OTROS DESCUENTOS',	'2017-10-13 19:28:42',	'2017-10-13 14:28:42'),
(8,	'CUENTA PARA REGISTRAR EL PAGO DE COMISIONES',	520518,	'COMISIONES',	'2017-10-13 19:28:42',	'2017-10-13 14:28:42'),
(9,	'Cuenta para registrar la devolucion de una venta',	417501,	'DEVOLUCIONES EN VENTA',	'2017-10-13 19:28:42',	'2017-10-13 14:28:42'),
(10,	'CUENTA ORIGEN DE LA CREACION DE UN EGRESO A PARTIR DE UN CONCEPTO CONTABLE CREADO.',	110505,	'CAJA GENERAL',	'2017-10-13 19:28:42',	'2017-10-13 14:28:42'),
(11,	'Cuenta para llevar la utilidad del ejercicio',	3605,	'Utilidad del Ejercicio',	'2017-10-13 19:28:42',	'2017-10-13 14:28:42'),
(12,	'Cuenta para llevar la perdida del ejercicio',	3610,	'Perdida del Ejercicio',	'2017-10-13 19:28:42',	'2017-10-13 14:28:42'),
(13,	'Contrapartida para llevar la perdida o ganancia del ejercicio',	5905,	'Ganancias y perdidas',	'2017-10-13 19:28:42',	'2017-10-13 14:28:42'),
(14,	'Cuenta x pagar proveedores',	220505,	'PROVEEDORES NACIONALES',	'2017-10-13 19:28:42',	'2017-10-13 14:28:42'),
(15,	'Descuentos en compras por pronto pago',	421040,	'DESCUENTOS COMERCIALES CONDICIONADOS',	'2017-10-13 19:28:42',	'2017-10-13 14:28:42'),
(16,	'impuesto generado al consumo de bolsas plasticas',	24081004,	'IMPUESTO AL CONSUMO DE BOLSAS PLASTICAS',	'2017-10-13 19:28:42',	'2017-10-13 14:28:42'),
(17,	'Cuenta para registrar los abonos o pagos a los creditos o ventas desde ventas rapidas con tarjetas',	11100501,	'BANCOS',	'2018-02-22 15:05:12',	'2017-10-13 14:28:42'),
(18,	'Cuenta para registrar los abonos o pagos en ventas rapidas a los creditos o ventas con Cheques',	11100510,	'BANCOS CHEQUES',	'2018-02-22 15:04:49',	'2017-10-13 14:28:42'),
(19,	'Cuenta x pagar Intereses Siste Credito',	220505,	'PROVEEDORES NACIONALES',	'2017-06-16 17:13:00',	'2017-06-16 12:11:00'),
(20,	'Anticipos realizados por clientes',	238020,	'ANTICIPOS REALIZADOS POR CLIENTES',	'2017-12-11 13:53:33',	'2017-06-06 12:13:00'),
(21,	'Cuenta para utilizar en operaciones donde el ingreso o la salida van a la caja general, ejemplo facturacion desde Reservas',	110505,	'CAJA GENERAL',	'2017-10-13 19:28:42',	'2017-10-13 14:28:42'),
(22,	'Cuenta para contabilizar la compra de materia prima o insumos',	140505,	'Materias Primas',	'2017-10-13 19:28:42',	'2017-10-13 14:28:42'),
(23,	'Cuenta para contabilizar el ingreso a inventario de  productos fabricados',	143005,	'Productos Manufacturados',	'2017-10-13 19:28:42',	'2017-10-13 14:28:42');


INSERT INTO `plataforma_tablas` (`ID`, `Nombre`, `Updated`, `Sync`) VALUES
(1,	'abonos_libro',	'2017-10-13 19:28:47',	'2017-10-13 14:28:47'),
(2,	'act_movimientos',	'2017-10-13 19:28:47',	'2017-10-13 14:28:47'),
(3,	'act_ordenes',	'2017-10-13 19:28:47',	'2017-10-13 14:28:47'),
(4,	'act_pre_movimientos',	'2017-10-13 19:28:47',	'2017-10-13 14:28:47'),
(5,	'act_pre_ordenes',	'2017-10-13 19:28:47',	'2017-10-13 14:28:47'),
(6,	'activos',	'2017-10-13 19:28:47',	'2017-10-13 14:28:47'),
(7,	'alertas',	'2017-10-13 19:28:47',	'2017-10-13 14:28:47'),
(8,	'autorizaciones_generales',	'2017-10-13 19:28:47',	'2017-10-13 14:28:47'),
(9,	'bodega',	'2017-10-13 19:28:47',	'2017-10-13 14:28:47'),
(10,	'cajas',	'2017-10-13 19:28:47',	'2017-10-13 14:28:47'),
(11,	'cajas_aperturas_cierres',	'2017-10-13 19:28:47',	'2017-10-13 14:28:47'),
(12,	'cartera',	'2017-10-13 19:28:47',	'2017-10-13 14:28:47'),
(13,	'centrocosto',	'2017-10-13 19:28:47',	'2017-10-13 14:28:47'),
(14,	'cierres_contables',	'2017-10-13 19:28:47',	'2017-10-13 14:28:47'),
(15,	'ciuu',	'2017-10-13 19:28:47',	'2017-10-13 14:28:47'),
(16,	'clasecuenta',	'2017-10-13 19:28:47',	'2017-10-13 14:28:47'),
(17,	'clientes',	'2017-10-13 19:28:47',	'2017-10-13 14:28:47'),
(18,	'cod_departamentos',	'2017-10-13 19:28:47',	'2017-10-13 14:28:47'),
(19,	'cod_documentos',	'2017-10-13 19:28:47',	'2017-10-13 14:28:47'),
(20,	'cod_municipios_dptos',	'2017-10-13 19:28:47',	'2017-10-13 14:28:47'),
(21,	'cod_paises',	'2017-10-13 19:28:47',	'2017-10-13 14:28:47'),
(22,	'col_registrohoras',	'2017-10-13 19:28:47',	'2017-10-13 14:28:47'),
(23,	'colaboradores',	'2017-10-13 19:28:47',	'2017-10-13 14:28:47'),
(24,	'colaboradores_ventas',	'2017-10-13 19:28:47',	'2017-10-13 14:28:47'),
(25,	'comisiones',	'2017-10-13 19:28:47',	'2017-10-13 14:28:47'),
(26,	'comisionesporventas',	'2017-10-13 19:28:47',	'2017-10-13 14:28:47'),
(27,	'compras',	'2017-10-13 19:28:47',	'2017-10-13 14:28:47'),
(28,	'compras_activas',	'2017-10-13 19:28:47',	'2017-10-13 14:28:47'),
(29,	'compras_precompra',	'2017-10-13 19:28:47',	'2017-10-13 14:28:47'),
(30,	'comprobantes_contabilidad',	'2017-10-13 19:28:47',	'2017-10-13 14:28:47'),
(31,	'comprobantes_contabilidad_items',	'2017-10-13 19:28:47',	'2017-10-13 14:28:47'),
(32,	'comprobantes_egreso_items',	'2017-10-13 19:28:47',	'2017-10-13 14:28:47'),
(33,	'comprobantes_ingreso',	'2017-10-13 19:28:47',	'2017-10-13 14:28:47'),
(34,	'comprobantes_ingreso_anulaciones',	'2017-10-13 19:28:47',	'2017-10-13 14:28:47'),
(35,	'comprobantes_ingreso_items',	'2017-10-13 19:28:47',	'2017-10-13 14:28:47'),
(36,	'comprobantes_pre',	'2017-10-13 19:28:47',	'2017-10-13 14:28:47'),
(37,	'concejales',	'2017-10-13 19:28:47',	'2017-10-13 14:28:47'),
(38,	'concejales_intervenciones',	'2017-10-13 19:28:47',	'2017-10-13 14:28:47'),
(39,	'concejo_sesiones',	'2017-10-13 19:28:47',	'2017-10-13 14:28:47'),
(40,	'concejo_tipo_sesiones',	'2017-10-13 19:28:47',	'2017-10-13 14:28:47'),
(41,	'conceptos',	'2017-10-13 19:28:47',	'2017-10-13 14:28:47'),
(42,	'conceptos_montos',	'2017-10-13 19:28:47',	'2017-10-13 14:28:47'),
(43,	'conceptos_movimientos',	'2017-10-13 19:28:47',	'2017-10-13 14:28:47'),
(44,	'config_codigo_barras',	'2017-10-13 19:28:47',	'2017-10-13 14:28:47'),
(45,	'config_puertos',	'2017-10-13 19:28:47',	'2017-10-13 14:28:47'),
(46,	'config_tiketes_promocion',	'2017-10-13 19:28:47',	'2017-10-13 14:28:47'),
(47,	'costos',	'2017-10-13 19:28:47',	'2017-10-13 14:28:47'),
(48,	'cot_itemscotizaciones',	'2017-10-13 19:28:47',	'2017-10-13 14:28:47'),
(49,	'cotizaciones_anexos',	'2017-10-13 19:28:47',	'2017-10-13 14:28:47'),
(50,	'cotizacionesv5',	'2017-10-13 19:28:47',	'2017-10-13 14:28:47'),
(51,	'crono_controles',	'2017-10-13 19:28:47',	'2017-10-13 14:28:47'),
(52,	'cuentas',	'2017-10-13 19:28:47',	'2017-10-13 14:28:47'),
(53,	'cuentasfrecuentes',	'2017-10-13 19:28:47',	'2017-10-13 14:28:47'),
(54,	'cuentasxpagar',	'2017-10-13 19:28:47',	'2017-10-13 14:28:47'),
(55,	'cuentasxpagar_abonos',	'2017-10-13 19:28:47',	'2017-10-13 14:28:47'),
(56,	'devolucionesventas',	'2017-10-13 19:28:47',	'2017-10-13 14:28:47'),
(57,	'documentos_generados',	'2017-10-13 19:28:47',	'2017-10-13 14:28:47'),
(58,	'egresos',	'2017-10-13 19:28:47',	'2017-10-13 14:28:47'),
(59,	'egresos_activos',	'2017-10-13 19:28:47',	'2017-10-13 14:28:47'),
(60,	'egresos_anulaciones',	'2017-10-13 19:28:47',	'2017-10-13 14:28:47'),
(61,	'egresos_items',	'2017-10-13 19:28:47',	'2017-10-13 14:28:47'),
(62,	'egresos_pre',	'2017-10-13 19:28:47',	'2017-10-13 14:28:47'),
(63,	'egresos_tipo',	'2017-10-13 19:28:47',	'2017-10-13 14:28:47'),
(64,	'empresa_pro_sucursales',	'2017-10-13 19:28:47',	'2017-10-13 14:28:47'),
(65,	'empresapro',	'2017-10-13 19:28:47',	'2017-10-13 14:28:47'),
(66,	'empresapro_resoluciones_facturacion',	'2017-10-13 19:28:47',	'2017-10-13 14:28:47'),
(67,	'estadosfinancieros_mayor_temporal',	'2017-10-13 19:28:47',	'2017-10-13 14:28:47'),
(68,	'factura_compra',	'2017-10-13 19:28:47',	'2017-10-13 14:28:47'),
(69,	'factura_compra_anulaciones',	'2017-10-13 19:28:47',	'2017-10-13 14:28:47'),
(70,	'factura_compra_descuentos',	'2017-10-13 19:28:47',	'2017-10-13 14:28:47'),
(71,	'factura_compra_items',	'2017-10-13 19:28:47',	'2017-10-13 14:28:47'),
(72,	'factura_compra_items_devoluciones',	'2017-10-13 19:28:47',	'2017-10-13 14:28:47'),
(73,	'factura_compra_retenciones',	'2017-10-13 19:28:47',	'2017-10-13 14:28:47'),
(74,	'factura_compra_servicios',	'2017-10-13 19:28:47',	'2017-10-13 14:28:47'),
(75,	'facturas',	'2017-10-13 19:28:47',	'2017-10-13 14:28:47'),
(76,	'facturas_abonos',	'2017-10-13 19:28:47',	'2017-10-13 14:28:47'),
(77,	'facturas_anticipos',	'2017-10-13 19:28:47',	'2017-10-13 14:28:47'),
(78,	'facturas_autoretenciones',	'2017-10-13 19:28:47',	'2017-10-13 14:28:47'),
(79,	'facturas_formapago',	'2017-10-13 19:28:47',	'2017-10-13 14:28:47'),
(80,	'facturas_intereses_sistecredito',	'2017-10-13 19:28:47',	'2017-10-13 14:28:47'),
(81,	'facturas_items',	'2017-10-13 19:28:47',	'2017-10-13 14:28:47'),
(82,	'facturas_kardex',	'2017-10-13 19:28:47',	'2017-10-13 14:28:47'),
(83,	'facturas_pre',	'2017-10-13 19:28:47',	'2017-10-13 14:28:47'),
(84,	'facturas_reten_aplicadas',	'2017-10-13 19:28:47',	'2017-10-13 14:28:47'),
(85,	'facturas_tipo_pago',	'2017-10-13 19:28:47',	'2017-10-13 14:28:47'),
(86,	'fechas_descuentos',	'2017-10-13 19:28:47',	'2017-10-13 14:28:47'),
(87,	'formatos_calidad',	'2017-10-13 19:28:47',	'2017-10-13 14:28:47'),
(88,	'gupocuentas',	'2017-10-13 19:28:47',	'2017-10-13 14:28:47'),
(89,	'impret',	'2017-10-13 19:28:47',	'2017-10-13 14:28:47'),
(90,	'ingresos',	'2017-10-13 19:28:47',	'2017-10-13 14:28:47'),
(91,	'ingresosvarios',	'2017-10-13 19:28:47',	'2017-10-13 14:28:47'),
(92,	'inventarios_diferencias',	'2017-10-13 19:28:47',	'2017-10-13 14:28:47'),
(93,	'inventarios_temporal',	'2017-10-13 19:28:47',	'2017-10-13 14:28:47'),
(94,	'kardex_alquiler',	'2017-10-13 19:28:47',	'2017-10-13 14:28:47'),
(95,	'kardexmercancias',	'2017-10-13 19:28:47',	'2017-10-13 14:28:47'),
(96,	'kardexmercancias_temporal',	'2017-10-13 19:28:47',	'2017-10-13 14:28:47'),
(97,	'kits',	'2017-10-13 19:28:47',	'2017-10-13 14:28:47'),
(98,	'kits_relaciones',	'2017-10-13 19:28:47',	'2017-10-13 14:28:47'),
(99,	'librodiario',	'2017-10-13 19:28:47',	'2017-10-13 14:28:47'),
(100,	'libromayorbalances',	'2017-10-13 19:28:47',	'2017-10-13 14:28:47'),
(101,	'maquinas',	'2017-10-13 19:28:47',	'2017-10-13 14:28:47'),
(102,	'menu',	'2017-10-13 19:28:47',	'2017-10-13 14:28:47'),
(103,	'menu_carpetas',	'2017-10-13 19:28:47',	'2017-10-13 14:28:47'),
(104,	'menu_pestanas',	'2017-10-13 19:28:47',	'2017-10-13 14:28:47'),
(105,	'menu_submenus',	'2017-10-13 19:28:47',	'2017-10-13 14:28:47'),
(106,	'notascontables',	'2017-10-13 19:28:47',	'2017-10-13 14:28:47'),
(107,	'notascontables_anulaciones',	'2017-10-13 19:28:47',	'2017-10-13 14:28:47'),
(108,	'notascredito',	'2017-10-13 19:28:47',	'2017-10-13 14:28:47'),
(109,	'ordenesdecompra',	'2017-10-13 19:28:47',	'2017-10-13 14:28:47'),
(110,	'ordenesdecompra_items',	'2017-10-13 19:28:47',	'2017-10-13 14:28:47'),
(111,	'ordenesdetrabajo',	'2017-10-13 19:28:47',	'2017-10-13 14:28:47'),
(112,	'ordenesdetrabajo_items',	'2017-10-13 19:28:47',	'2017-10-13 14:28:47'),
(113,	'ordenesdetrabajo_tipo',	'2017-10-13 19:28:47',	'2017-10-13 14:28:47'),
(114,	'ori_facturas',	'2017-10-13 19:28:47',	'2017-10-13 14:28:47'),
(115,	'ori_facturas_items',	'2017-10-13 19:28:47',	'2017-10-13 14:28:47'),
(116,	'paginas',	'2017-10-13 19:28:47',	'2017-10-13 14:28:47'),
(117,	'paginas_bloques',	'2017-10-13 19:28:47',	'2017-10-13 14:28:47'),
(118,	'parametros_contables',	'2017-10-13 19:28:47',	'2017-10-13 14:28:47'),
(119,	'parametros_generales',	'2017-10-13 19:28:47',	'2017-10-13 14:28:47'),
(120,	'plataforma_tablas',	'2017-10-13 19:35:54',	'2017-10-13 14:35:54'),
(121,	'porcentajes_iva',	'2017-10-13 19:35:54',	'2017-10-13 14:35:54'),
(122,	'precotizacion',	'2017-10-13 19:35:54',	'2017-10-13 14:35:54'),
(123,	'preventa',	'2017-10-13 19:35:54',	'2017-10-13 14:35:54'),
(124,	'prod_bajas_altas',	'2017-10-13 19:35:54',	'2017-10-13 14:35:54'),
(125,	'prod_bodega',	'2017-10-13 19:35:54',	'2017-10-13 14:35:54'),
(126,	'prod_codbarras',	'2017-10-13 19:35:54',	'2017-10-13 14:35:54'),
(127,	'prod_codbarras_bodega_1',	'2017-10-13 19:35:54',	'2017-10-13 14:35:54'),
(128,	'prod_codbarras_bodega_2',	'2017-10-13 19:35:54',	'2017-10-13 14:35:54'),
(129,	'prod_codbarras_bodega_3',	'2017-10-13 19:35:54',	'2017-10-13 14:35:54'),
(130,	'prod_codbarras_bodega_4',	'2017-10-13 19:35:54',	'2017-10-13 14:35:54'),
(131,	'prod_codbarras_bodega_5',	'2017-10-13 19:35:54',	'2017-10-13 14:35:54'),
(132,	'prod_comisiones',	'2017-10-13 19:35:54',	'2017-10-13 14:35:54'),
(133,	'prod_departamentos',	'2017-10-13 19:35:54',	'2017-10-13 14:35:54'),
(134,	'prod_kits',	'2017-10-13 19:35:54',	'2017-10-13 14:35:54'),
(135,	'prod_sinc',	'2017-10-13 19:35:54',	'2017-10-13 14:35:54'),
(136,	'prod_sub1',	'2017-10-13 19:35:54',	'2017-10-13 14:35:54'),
(137,	'prod_sub2',	'2017-10-13 19:35:54',	'2017-10-13 14:35:54'),
(138,	'prod_sub3',	'2017-10-13 19:35:54',	'2017-10-13 14:35:54'),
(139,	'prod_sub4',	'2017-10-13 19:35:54',	'2017-10-13 14:35:54'),
(140,	'prod_sub5',	'2017-10-13 19:35:54',	'2017-10-13 14:35:54'),
(141,	'prod_sub6',	'2017-10-13 19:35:54',	'2017-10-13 14:35:54'),
(142,	'produccion_actividades',	'2017-10-13 19:35:54',	'2017-10-13 14:35:54'),
(143,	'produccion_horas_cronograma',	'2017-10-13 19:35:54',	'2017-10-13 14:35:54'),
(144,	'produccion_ordenes_trabajo',	'2017-10-13 19:35:54',	'2017-10-13 14:35:54'),
(145,	'produccion_pausas_predefinidas',	'2017-10-13 19:35:54',	'2017-10-13 14:35:54'),
(146,	'produccion_registro_tiempos',	'2017-10-13 19:35:54',	'2017-10-13 14:35:54'),
(147,	'productos_impuestos_adicionales',	'2017-10-13 19:35:54',	'2017-10-13 14:35:54'),
(148,	'productosalquiler',	'2017-10-13 19:35:54',	'2017-10-13 14:35:54'),
(149,	'productosventa',	'2017-10-13 19:39:40',	'2017-10-13 14:39:40'),
(150,	'productosventa_bodega_1',	'2017-10-13 19:39:40',	'2017-10-13 14:39:40'),
(151,	'productosventa_bodega_2',	'2017-10-13 19:39:40',	'2017-10-13 14:39:40'),
(152,	'productosventa_bodega_3',	'2017-10-13 19:39:40',	'2017-10-13 14:39:40'),
(153,	'productosventa_bodega_4',	'2017-10-13 19:39:40',	'2017-10-13 14:39:40'),
(154,	'productosventa_bodega_5',	'2017-10-13 19:39:40',	'2017-10-13 14:39:40'),
(155,	'proveedores',	'2017-10-13 19:39:40',	'2017-10-13 14:39:40'),
(156,	'publicidad_encabezado_cartel',	'2017-10-13 19:39:40',	'2017-10-13 14:39:40'),
(157,	'publicidad_paginas',	'2017-10-13 19:39:40',	'2017-10-13 14:39:40'),
(158,	'registra_apertura_documentos',	'2017-10-13 19:39:40',	'2017-10-13 14:39:40'),
(159,	'registra_ediciones',	'2017-10-13 19:39:40',	'2017-10-13 14:39:40'),
(160,	'registra_eliminaciones',	'2017-10-13 19:39:40',	'2017-10-13 14:39:40'),
(161,	'registro_basculas',	'2017-10-13 23:45:47',	'2017-10-13 18:45:47'),
(162,	'relacioncompras',	'2017-10-13 23:45:47',	'2017-10-13 18:45:47'),
(163,	'rem_devoluciones',	'2017-10-13 23:45:47',	'2017-10-13 18:45:47'),
(164,	'rem_devoluciones_totalizadas',	'2017-10-13 23:45:47',	'2017-10-13 18:45:47'),
(165,	'rem_pre_devoluciones',	'2017-10-13 23:45:47',	'2017-10-13 18:45:47'),
(166,	'rem_relaciones',	'2017-10-13 23:45:47',	'2017-10-13 18:45:47'),
(167,	'remisiones',	'2017-10-13 23:45:47',	'2017-10-13 18:45:47'),
(168,	'repuestas_forma_pago',	'2017-10-13 23:45:47',	'2017-10-13 18:45:47'),
(169,	'requerimientos_proyectos',	'2017-10-13 23:45:47',	'2017-10-13 18:45:47'),
(170,	'respuestas_condicional',	'2017-10-13 23:45:47',	'2017-10-13 18:45:47'),
(171,	'respuestas_tipo_item',	'2017-10-13 23:45:47',	'2017-10-13 18:45:47'),
(172,	'restaurante_cierres',	'2017-10-13 23:45:47',	'2017-10-13 18:45:47'),
(173,	'restaurante_mesas',	'2017-10-13 23:45:47',	'2017-10-13 18:45:47'),
(174,	'restaurante_pedidos',	'2017-10-13 23:45:47',	'2017-10-13 18:45:47'),
(175,	'restaurante_pedidos_items',	'2017-10-13 23:45:47',	'2017-10-13 18:45:47'),
(176,	'separados',	'2017-10-13 23:45:47',	'2017-10-13 18:45:47'),
(177,	'separados_abonos',	'2017-10-13 23:45:47',	'2017-10-13 18:45:47'),
(178,	'separados_items',	'2017-10-13 23:45:47',	'2017-10-13 18:45:47'),
(179,	'servicios',	'2017-10-13 23:45:47',	'2017-10-13 18:45:47'),
(180,	'servidores',	'2017-10-13 23:45:47',	'2017-10-13 18:45:47'),
(181,	'sistemas',	'2017-10-13 23:45:47',	'2017-10-13 18:45:47'),
(182,	'sistemas_relaciones',	'2017-10-13 23:45:47',	'2017-10-13 18:45:47'),
(183,	'subcuentas',	'2017-10-13 23:45:47',	'2017-10-13 18:45:47'),
(184,	'subcuentas_equivalencias_niif',	'2017-10-13 23:45:47',	'2017-10-13 18:45:47'),
(185,	'tablas_ventas',	'2017-10-13 23:45:47',	'2017-10-13 18:45:47'),
(186,	'tarjetas_forma_pago',	'2017-10-13 23:45:47',	'2017-10-13 18:45:47'),
(187,	'tiposretenciones',	'2017-10-13 23:45:47',	'2017-10-13 18:45:47'),
(188,	'titulos_abonos',	'2017-10-13 23:45:47',	'2017-10-13 18:45:47'),
(189,	'titulos_asignaciones',	'2017-10-13 23:45:47',	'2017-10-13 18:45:47'),
(190,	'titulos_comisiones',	'2017-10-13 23:45:47',	'2017-10-13 18:45:47'),
(191,	'titulos_cuentasxcobrar',	'2017-10-13 23:45:47',	'2017-10-13 18:45:47'),
(192,	'titulos_devoluciones',	'2017-10-13 23:45:47',	'2017-10-13 18:45:47'),
(193,	'titulos_listados_promocion_1',	'2017-10-13 23:45:47',	'2017-10-13 18:45:47'),
(194,	'titulos_listados_promocion_6',	'2017-10-13 23:45:47',	'2017-10-13 18:45:47'),
(195,	'titulos_listados_promocion_7',	'2017-10-13 23:45:47',	'2017-10-13 18:45:47'),
(196,	'titulos_promociones',	'2017-10-13 23:45:47',	'2017-10-13 18:45:47'),
(197,	'titulos_traslados',	'2017-10-13 23:45:47',	'2017-10-13 18:45:47'),
(198,	'titulos_ventas',	'2017-10-13 23:45:47',	'2017-10-13 18:45:47'),
(199,	'traslados_estados',	'2017-10-13 23:45:47',	'2017-10-13 18:45:47'),
(200,	'traslados_items',	'2017-10-13 23:45:47',	'2017-10-13 18:45:47'),
(201,	'traslados_mercancia',	'2017-10-13 23:45:47',	'2017-10-13 18:45:47'),
(202,	'usuarios',	'2017-10-13 23:45:47',	'2017-10-13 18:45:47'),
(203,	'usuarios_ip',	'2017-10-13 23:45:47',	'2017-10-13 18:45:47'),
(204,	'usuarios_keys',	'2017-10-13 23:45:47',	'2017-10-13 18:45:47'),
(205,	'usuarios_tipo',	'2017-10-13 23:45:47',	'2017-10-13 18:45:47'),
(206,	'ventas',	'2017-10-13 23:45:47',	'2017-10-13 18:45:47'),
(207,	'ventas_devoluciones',	'2017-10-13 23:45:47',	'2017-10-13 18:45:47'),
(208,	'ventas_nota_credito',	'2017-10-13 23:45:47',	'2017-10-13 18:45:47'),
(209,	'ventas_separados',	'2017-10-13 23:45:47',	'2017-10-13 18:45:47'),
(210,	'vestasactivas',	'2017-10-13 23:45:47',	'2017-10-13 18:45:47');

INSERT INTO `porcentajes_iva` (`ID`, `Nombre`, `Valor`, `Factor`, `CuentaPUC`, `CuentaPUCIVAGenerado`, `NombreCuenta`, `Habilitado`, `Updated`, `Sync`) VALUES
(1,	'Sin IVA',	'0',	'M',	2408,	2408,	'',	'SI',	'2017-10-13 19:28:50',	'2017-10-13 14:28:50'),
(2,	'Excluidos',	'E',	'M',	2408,	2408,	'',	'SI',	'2017-10-13 19:28:50',	'2017-10-13 14:28:50'),
(3,	'IVA 5 %',	'0.05',	'M',	24080503,	24081003,	'Impuestos del 5%',	'SI',	'2017-10-13 19:28:50',	'2017-10-13 14:28:50'),
(4,	'IVA del 8%',	'0.08',	'M',	24080502,	24081002,	'Impuestos del 8%',	'SI',	'2017-10-13 19:28:50',	'2017-10-13 14:28:50'),
(5,	'IVA del 16%',	'0.16',	'M',	24080504,	24081004,	'Impuestos del 16%',	'NO',	'2017-10-13 19:28:50',	'2017-10-13 14:28:50'),
(6,	'IVA del 19%',	'0.19',	'M',	24080501,	24081001,	'Impuestos del 19%',	'SI',	'2017-10-13 19:28:50',	'2017-10-13 14:28:50'),
(7,	'ImpoConsumo Bolsas',	'20',	'S',	24080511,	24081011,	'IMPUESTO AL CONSUMO DE BOLSAS',	'SI',	'2017-10-13 19:28:50',	'2017-10-13 14:28:50'),
(8,	'impuesto del 1.9%',	'0.019',	'M',	24080505,	24081005,	'Impuestos del 10% del 19%',	'SI',	'2017-10-13 19:28:50',	'2017-10-13 14:28:50');





































INSERT INTO `publicidad_encabezado_cartel` (`ID`, `Titulo`, `ColorTitulo`, `Desde`, `Hasta`, `Mes`, `Anio`, `ColorRazonSocial`, `ColorPrecios`, `ColorBordes`, `Updated`, `Sync`) VALUES
(1,	'DIA DEL PADRE',	'#ff0000',	1,	30,	'Julio',	2017,	'#ff0000',	'#ff0000',	'#58f1fa',	'2017-10-13 19:37:10',	'2017-10-13 14:37:10');




INSERT INTO `registra_ediciones` (`ID`, `Fecha`, `Hora`, `Tabla`, `Campo`, `ValorAnterior`, `ValorNuevo`, `ConsultaRealizada`, `idUsuario`, `Updated`, `Sync`) VALUES
(1,	'2018-12-11',	'23:11:03',	'empresapro',	'DigitoVerificacion',	'0',	'7',	'idEmpresaPro = 1',	3,	'2018-12-12 04:11:03',	'0000-00-00 00:00:00'),
(2,	'2018-12-11',	'23:11:03',	'empresapro',	'Barrio',	'',	'JOSE MARIA CABAL',	'idEmpresaPro = 1',	3,	'2018-12-12 04:11:03',	'0000-00-00 00:00:00'),
(3,	'2018-12-11',	'23:11:03',	'empresapro',	'Ciudad',	'BUGA',	'GUADALAJARA DE BUGA',	'idEmpresaPro = 1',	3,	'2018-12-12 04:11:03',	'0000-00-00 00:00:00'),
(4,	'2018-12-11',	'23:11:04',	'empresapro',	'ObservacionesLegales',	'Esta Factura de Venta se asimila en todos sus efectos a una letra de cambio (Art. 621 y siguientes del Codigo de Comercio). En caso de mora se causaran los intereses legales Vigentes. Cuenta',	'Esta Factura de Venta se asimila en todos sus efectos a una letra de cambio (Art. 621 y siguientes del Codigo de Comercio). En caso de mora se causaran los intereses legales Vigentes.',	'idEmpresaPro = 1',	3,	'2018-12-12 04:11:04',	'0000-00-00 00:00:00'),
(5,	'2018-12-11',	'23:11:04',	'empresapro',	'DatosBancarios',	'DATOS BANCARIOS: BANCOLOMBIA CUENTA DE AHORROS 848-232213-03 A NOMBRE DE TECNOAGRO R.L. SAS ',	'_',	'idEmpresaPro = 1',	3,	'2018-12-12 04:11:04',	'0000-00-00 00:00:00');















INSERT INTO `respuestas_condicional` (`ID`, `Valor`, `Updated`, `Sync`) VALUES
(1,	'NO',	'2017-10-13 19:42:43',	'2017-10-13 14:42:43'),
(2,	'SI',	'2017-10-13 19:42:43',	'2017-10-13 14:42:43');

INSERT INTO `respuestas_tipo_item` (`ID`, `Valor`, `Updated`, `Sync`) VALUES
(1,	'PR',	'2017-10-13 19:42:45',	'2017-10-13 14:42:45'),
(2,	'MO',	'2017-10-13 19:42:45',	'2017-10-13 14:42:45'),
(3,	'AQ',	'2017-10-13 19:42:45',	'2017-10-13 14:42:45');


















INSERT INTO `subcuentas` (`PUC`, `Nombre`, `Valor`, `Cuentas_idPUC`, `Updated`, `Sync`) VALUES
(1435,	'Mercancias no fabricadas por la empresa',	'0',	'1435',	'2017-10-13 19:43:19',	'2017-10-13 14:43:19'),
(4135,	'COMERCIO AL POR MAYOR Y AL POR MENOR',	'0',	'4135',	'2017-10-13 19:43:19',	'2017-10-13 14:43:19'),
(6135,	'Mercancias no fabricadas por la empresa',	'0',	'6135',	'2017-10-13 19:43:19',	'2017-10-13 14:43:19'),
(110505,	' Caja general',	'0',	'1105',	'2017-10-13 19:43:19',	'2017-10-13 14:43:19'),
(110510,	' Cajas menores',	'0',	'1105',	'2017-10-13 19:43:19',	'2017-10-13 14:43:19'),
(110515,	' Moneda extranjera',	'0',	'1105',	'2017-10-13 19:43:19',	'2017-10-13 14:43:19'),
(111005,	' Moneda nacional',	'0',	'1110',	'2017-10-13 19:43:19',	'2017-10-13 14:43:19'),
(111010,	' Moneda extranjera',	'0',	'1110',	'2017-10-13 19:43:19',	'2017-10-13 14:43:19'),
(111505,	' Moneda nacional',	'0',	'1115',	'2017-10-13 19:43:19',	'2017-10-13 14:43:19'),
(111510,	' Moneda extranjera',	'0',	'1115',	'2017-10-13 19:43:19',	'2017-10-13 14:43:19'),
(112005,	' Bancos',	'0',	'1120',	'2017-10-13 19:43:19',	'2017-10-13 14:43:19'),
(112010,	' Corporaciones de ahorro y vivienda',	'0',	'1120',	'2017-10-13 19:43:19',	'2017-10-13 14:43:19'),
(112015,	' Organismos cooperativos financieros',	'0',	'1120',	'2017-10-13 19:43:19',	'2017-10-13 14:43:19'),
(112505,	' Rotatorios moneda nacional',	'0',	'1125',	'2017-10-13 19:43:19',	'2017-10-13 14:43:19'),
(112510,	' Rotatorios moneda extranjera',	'0',	'1125',	'2017-10-13 19:43:19',	'2017-10-13 14:43:19'),
(112515,	' Especiales moneda nacional',	'0',	'1125',	'2017-10-13 19:43:19',	'2017-10-13 14:43:19'),
(112520,	' Especiales moneda extranjera',	'0',	'1125',	'2017-10-13 19:43:19',	'2017-10-13 14:43:19'),
(130505,	'CLIENTES NACIONALES',	NULL,	'1305',	'2017-10-13 19:43:19',	'2017-10-13 14:43:19'),
(135515,	'Retencion en la Fuente',	'0',	'1355',	'2017-10-13 19:43:19',	'2017-10-13 14:43:19'),
(135517,	'Impuesto a las Ventas Retenido',	'0',	'1355',	'2017-10-13 19:43:19',	'2017-10-13 14:43:19'),
(135518,	'Impuesto de Industria y Comercio Retenido',	'0',	'1355',	'2017-10-13 19:43:19',	'2017-10-13 14:43:19'),
(135595,	'Otros Autorretencion CREE',	'0',	'1355',	'2017-10-13 19:43:19',	'2017-10-13 14:43:19'),
(140505,	'MATERIAS PRIMAS',	NULL,	'1405',	'2018-09-26 22:04:13',	'0000-00-00 00:00:00'),
(143005,	'PRODUCTOS MANUFACTURADOS',	NULL,	'1430',	'2018-09-26 22:12:31',	'0000-00-00 00:00:00'),
(143501,	'Mercancias no fabricadas por la empresa',	NULL,	'1435',	'2017-10-13 19:43:19',	'2017-10-13 14:43:19'),
(152001,	'HERRAMIENTA DE DOTACION',	'0',	'1520',	'2017-10-13 19:43:19',	'2017-10-13 14:43:19'),
(152405,	'Muebles y Enseres',	'0',	'1524',	'2017-10-13 19:43:19',	'2017-10-13 14:43:19'),
(152410,	'Equipos',	'0',	'1524',	'2017-10-13 19:43:19',	'2017-10-13 14:43:19'),
(152495,	'Otros',	'0',	'1524',	'2017-10-13 19:43:19',	'2017-10-13 14:43:19'),
(210505,	' Sobregiros',	'0',	'2105',	'2017-10-13 19:43:19',	'2017-10-13 14:43:19'),
(210510,	' Pagares',	'0',	'2105',	'2017-10-13 19:43:19',	'2017-10-13 14:43:19'),
(210515,	' Cartas de credito',	'0',	'2105',	'2017-10-13 19:43:19',	'2017-10-13 14:43:19'),
(210520,	' Aceptaciones bancarias',	'0',	'2105',	'2017-10-13 19:43:19',	'2017-10-13 14:43:19'),
(211005,	' Sobregiros',	'0',	'2110',	'2017-10-13 19:43:19',	'2017-10-13 14:43:19'),
(211010,	' Pagares',	'0',	'2110',	'2017-10-13 19:43:19',	'2017-10-13 14:43:19'),
(211015,	' Cartas de credito',	'0',	'2110',	'2017-10-13 19:43:19',	'2017-10-13 14:43:19'),
(211020,	' Aceptaciones bancarias',	'0',	'2110',	'2017-10-13 19:43:19',	'2017-10-13 14:43:19'),
(211505,	' Pagares',	'0',	'2115',	'2017-10-13 19:43:19',	'2017-10-13 14:43:19'),
(211510,	' Aceptaciones financieras',	'0',	'2115',	'2017-10-13 19:43:19',	'2017-10-13 14:43:19'),
(211515,	' Cartas de credito',	'0',	'2115',	'2017-10-13 19:43:19',	'2017-10-13 14:43:19'),
(211520,	' Contratos de arrendamiento financiero (leasi',	'0',	'2115',	'2017-10-13 19:43:19',	'2017-10-13 14:43:19'),
(212005,	' Pagares',	'0',	'2105',	'2017-10-13 19:43:19',	'2017-10-13 14:43:19'),
(212010,	' Aceptaciones financieras',	'0',	'2110',	'2017-10-13 19:43:19',	'2017-10-13 14:43:19'),
(212020,	' Contratos de arrendamiento financiero (leasi',	'0',	'2120',	'2017-10-13 19:43:19',	'2017-10-13 14:43:19'),
(212505,	' Sobregiros',	'0',	'2125',	'2017-10-13 19:43:19',	'2017-10-13 14:43:19'),
(212510,	' Pagares',	'0',	'2125',	'2017-10-13 19:43:19',	'2017-10-13 14:43:19'),
(212515,	' Hipotecarias',	'0',	'2125',	'2017-10-13 19:43:19',	'2017-10-13 14:43:19'),
(213505,	' Acciones',	'0',	'2135',	'2017-10-13 19:43:19',	'2017-10-13 14:43:19'),
(213510,	' Cuotas o partes de interes social',	'0',	'2135',	'2017-10-13 19:43:19',	'2017-10-13 14:43:19'),
(213515,	' Bonos',	'0',	'2135',	'2017-10-13 19:43:19',	'2017-10-13 14:43:19'),
(213520,	' Cedulas',	'0',	'2135',	'2017-10-13 19:43:19',	'2017-10-13 14:43:19'),
(213525,	' Certificados',	'0',	'2135',	'2017-10-13 19:43:19',	'2017-10-13 14:43:19'),
(213530,	' Papeles comerciales',	'0',	'2135',	'2017-10-13 19:43:19',	'2017-10-13 14:43:19'),
(213535,	' Titulos',	'0',	'2135',	'2017-10-13 19:43:19',	'2017-10-13 14:43:19'),
(213540,	' Aceptaciones bancarias o financieras',	'0',	'2135',	'2017-10-13 19:43:19',	'2017-10-13 14:43:19'),
(213595,	' Otros',	'0',	'2135',	'2017-10-13 19:43:19',	'2017-10-13 14:43:19'),
(214505,	' Gobierno Nacional',	'0',	'2145',	'2017-10-13 19:43:19',	'2017-10-13 14:43:19'),
(214510,	' Entidades oficiales',	'0',	'2145',	'2017-10-13 19:43:19',	'2017-10-13 14:43:19'),
(219505,	' Particulares',	'0',	'2195',	'2017-10-13 19:43:19',	'2017-10-13 14:43:19'),
(219510,	' Compaias vinculadas',	'0',	'2195',	'2017-10-13 19:43:19',	'2017-10-13 14:43:19'),
(219515,	' Casa matriz',	'0',	'2195',	'2017-10-13 19:43:19',	'2017-10-13 14:43:19'),
(219520,	' Socios o accionistas',	'0',	'2195',	'2017-10-13 19:43:19',	'2017-10-13 14:43:19'),
(219525,	' Fondos y cooperativas',	'0',	'2195',	'2017-10-13 19:43:19',	'2017-10-13 14:43:19'),
(219530,	' Directores',	'0',	'2195',	'2017-10-13 19:43:19',	'2017-10-13 14:43:19'),
(219595,	' Otras',	'0',	'2195',	'2017-10-13 19:43:19',	'2017-10-13 14:43:19'),
(220505,	'PROVEEDORES NACIONALES',	NULL,	'2205',	'2017-11-20 13:33:20',	'0000-00-00 00:00:00'),
(233505,	' Gastos financieros',	'0',	'2335',	'2017-10-13 19:43:19',	'2017-10-13 14:43:19'),
(233510,	' Gastos legales',	'0',	'2335',	'2017-10-13 19:43:19',	'2017-10-13 14:43:19'),
(233515,	' Libros suscripciones periodicos y revistas',	'0',	'2335',	'2017-10-13 19:43:19',	'2017-10-13 14:43:19'),
(233520,	' Comisiones',	'0',	'2335',	'2017-10-13 19:43:19',	'2017-10-13 14:43:19'),
(233525,	' Honorarios',	'0',	'2335',	'2017-10-13 19:43:19',	'2017-10-13 14:43:19'),
(233530,	' Servicios tecnicos',	'0',	'2335',	'2017-10-13 19:43:19',	'2017-10-13 14:43:19'),
(233535,	' Servicios de mantenimiento',	'0',	'2335',	'2017-10-13 19:43:19',	'2017-10-13 14:43:19'),
(233540,	' Arrendamientos',	'0',	'2335',	'2017-10-13 19:43:19',	'2017-10-13 14:43:19'),
(233545,	' Transportes fletes y acarreos',	'0',	'2335',	'2017-10-13 19:43:19',	'2017-10-13 14:43:19'),
(233550,	' Servicios publicos',	'0',	'2335',	'2017-10-13 19:43:19',	'2017-10-13 14:43:19'),
(233555,	' Seguros',	'0',	'2335',	'2017-10-13 19:43:19',	'2017-10-13 14:43:19'),
(233560,	' Gastos de viaje',	'0',	'2335',	'2017-10-13 19:43:19',	'2017-10-13 14:43:19'),
(233565,	' Gastos de representacion y relaciones public',	'0',	'2335',	'2017-10-13 19:43:19',	'2017-10-13 14:43:19'),
(233570,	' Servicios aduaneros',	'0',	'2335',	'2017-10-13 19:43:19',	'2017-10-13 14:43:19'),
(233595,	' Otros',	'0',	'2335',	'2017-10-13 19:43:19',	'2017-10-13 14:43:19'),
(235505,	' Accionistas',	'0',	'2355',	'2017-10-13 19:43:19',	'2017-10-13 14:43:19'),
(235510,	' Socios',	'0',	'2355',	'2017-10-13 19:43:19',	'2017-10-13 14:43:19'),
(236005,	' Dividendos',	'0',	'2360',	'2017-10-13 19:43:19',	'2017-10-13 14:43:19'),
(236010,	' Participaciones',	'0',	'2360',	'2017-10-13 19:43:19',	'2017-10-13 14:43:19'),
(236505,	' Salarios y pagos laborales',	'0',	'2365',	'2017-10-13 19:43:19',	'2017-10-13 14:43:19'),
(236510,	' Dividendos y/o participaciones',	'0',	'2365',	'2017-10-13 19:43:19',	'2017-10-13 14:43:19'),
(236515,	' Honorarios',	'0',	'2365',	'2017-10-13 19:43:19',	'2017-10-13 14:43:19'),
(236520,	' Comisiones',	'0',	'2365',	'2017-10-13 19:43:19',	'2017-10-13 14:43:19'),
(236525,	' Servicios',	'0',	'2365',	'2017-10-13 19:43:19',	'2017-10-13 14:43:19'),
(236530,	' Arrendamientos',	'0',	'2365',	'2017-10-13 19:43:19',	'2017-10-13 14:43:19'),
(236535,	' Rendimientos financieros',	'0',	'2365',	'2017-10-13 19:43:19',	'2017-10-13 14:43:19'),
(236540,	' Compras',	'0',	'2365',	'2017-10-13 19:43:19',	'2017-10-13 14:43:19'),
(236545,	' Loterias rifas apuestas y similares',	'0',	'2365',	'2017-10-13 19:43:19',	'2017-10-13 14:43:19'),
(236550,	' Por pagos al exterior',	'0',	'2365',	'2017-10-13 19:43:19',	'2017-10-13 14:43:19'),
(236555,	' Por ingresos obtenidos en el exterior',	'0',	'2365',	'2017-10-13 19:43:19',	'2017-10-13 14:43:19'),
(236560,	' Enajenacion propiedades planta y equipo pers',	'0',	'2365',	'2017-10-13 19:43:19',	'2017-10-13 14:43:19'),
(236565,	' Por impuesto de timbre',	'0',	'2365',	'2017-10-13 19:43:19',	'2017-10-13 14:43:19'),
(236570,	' Otras retenciones y patrimonio (CREE)',	'0',	'2365',	'2017-10-13 19:43:19',	'2017-10-13 14:43:19'),
(236575,	' Autorretenciones',	'0',	'2365',	'2017-10-13 19:43:19',	'2017-10-13 14:43:19'),
(236701,	'Impuesto a las ventas retenido',	'0',	'2367',	'2017-10-13 19:43:19',	'2017-10-13 14:43:19'),
(236801,	'Impuesto de industria y comercio retenido',	'0',	'2368',	'2017-10-13 19:43:19',	'2017-10-13 14:43:19'),
(237005,	' Aportes a entidades promotoras de salud EPS',	'0',	'2370',	'2017-10-13 19:43:19',	'2017-10-13 14:43:19'),
(237006,	' Aportes a administradoras de riesgos profesi',	'0',	'2370',	'2017-10-13 19:43:19',	'2017-10-13 14:43:19'),
(237010,	' Aportes al ICBF SENA y cajas de compensacion',	'0',	'2370',	'2017-10-13 19:43:19',	'2017-10-13 14:43:19'),
(237015,	' Aportes al FIC',	'0',	'2370',	'2017-10-13 19:43:19',	'2017-10-13 14:43:19'),
(237025,	' Embargos judiciales',	'0',	'2370',	'2017-10-13 19:43:19',	'2017-10-13 14:43:19'),
(237030,	' Libranzas',	'0',	'2370',	'2017-10-13 19:43:19',	'2017-10-13 14:43:19'),
(237035,	' Sindicatos',	'0',	'2370',	'2017-10-13 19:43:19',	'2017-10-13 14:43:19'),
(237040,	' Cooperativas',	'0',	'2370',	'2017-10-13 19:43:19',	'2017-10-13 14:43:19'),
(237045,	' Fondos',	'0',	'2370',	'2017-10-13 19:43:19',	'2017-10-13 14:43:19'),
(237095,	' Otros',	'0',	'2370',	'2017-10-13 19:43:19',	'2017-10-13 14:43:19'),
(238005,	' Depositarios',	'0',	'2380',	'2017-10-13 19:43:19',	'2017-10-13 14:43:19'),
(238010,	' Comisionistas de bolsas',	'0',	'2380',	'2017-10-13 19:43:19',	'2017-10-13 14:43:19'),
(238015,	' Sociedad administradora-Fondos de inversion',	'0',	'2380',	'2017-10-13 19:43:19',	'2017-10-13 14:43:19'),
(238020,	' Reintegros por pagar',	'0',	'2380',	'2017-10-13 19:43:19',	'2017-10-13 14:43:19'),
(238025,	' Fondo de perseverancia',	'0',	'2380',	'2017-10-13 19:43:19',	'2017-10-13 14:43:19'),
(238030,	' Fondos de cesantias y/o pensiones',	'0',	'2380',	'2017-10-13 19:43:19',	'2017-10-13 14:43:19'),
(238035,	' Donaciones asignadas por pagar',	'0',	'2380',	'2017-10-13 19:43:19',	'2017-10-13 14:43:19'),
(238095,	' Otros',	'0',	'2380',	'2017-10-13 19:43:19',	'2017-10-13 14:43:19'),
(240405,	' Vigencia fiscal corriente',	'0',	'2404',	'2017-10-13 19:43:19',	'2017-10-13 14:43:19'),
(240410,	' Vigencias fiscales anteriores',	'0',	'2404',	'2017-10-13 19:43:19',	'2017-10-13 14:43:19'),
(240801,	'IVA',	'0',	'2408',	'2018-05-07 13:10:25',	'2017-10-13 14:43:19'),
(241205,	' Vigencia fiscal corriente',	'0',	'2412',	'2017-10-13 19:43:19',	'2017-10-13 14:43:19'),
(241210,	' Vigencias fiscales anteriores',	'0',	'2412',	'2017-10-13 19:43:19',	'2017-10-13 14:43:19'),
(242405,	' Vigencia fiscal corriente',	'0',	'2424',	'2017-10-13 19:43:19',	'2017-10-13 14:43:19'),
(242410,	' Vigencias fiscales anteriores',	'0',	'2424',	'2017-10-13 19:43:19',	'2017-10-13 14:43:19'),
(243605,	' Vigencia fiscal corriente',	'0',	'2436',	'2017-10-13 19:43:19',	'2017-10-13 14:43:19'),
(243610,	' Vigencias fiscales anteriores',	'0',	'2436',	'2017-10-13 19:43:19',	'2017-10-13 14:43:19'),
(244405,	' De hidrocarburos',	'0',	'2444',	'2017-10-13 19:43:19',	'2017-10-13 14:43:19'),
(244410,	' De minas',	'0',	'2444',	'2017-10-13 19:43:19',	'2017-10-13 14:43:19'),
(246405,	' De licores',	'0',	'2464',	'2017-10-13 19:43:19',	'2017-10-13 14:43:19'),
(246410,	' De cervezas',	'0',	'2464',	'2017-10-13 19:43:19',	'2017-10-13 14:43:19'),
(246415,	' De cigarrillos',	'0',	'2464',	'2017-10-13 19:43:19',	'2017-10-13 14:43:19'),
(251005,	' Ley laboral anterior',	'0',	'2510',	'2017-10-13 19:43:19',	'2017-10-13 14:43:19'),
(251010,	' Ley 50 de 1990 y normas posteriores',	'0',	'2510',	'2017-10-13 19:43:19',	'2017-10-13 14:43:19'),
(253005,	' Primas',	'0',	'2530',	'2017-10-13 19:43:19',	'2017-10-13 14:43:19'),
(253010,	' Auxilios',	'0',	'2530',	'2017-10-13 19:43:19',	'2017-10-13 14:43:19'),
(253015,	' Dotacion y suministro a trabajadores',	'0',	'2530',	'2017-10-13 19:43:19',	'2017-10-13 14:43:19'),
(253020,	' Bonificaciones',	'0',	'2530',	'2017-10-13 19:43:19',	'2017-10-13 14:43:19'),
(253025,	' Seguros',	'0',	'2530',	'2017-10-13 19:43:19',	'2017-10-13 14:43:19'),
(253095,	' Otras',	'0',	'2530',	'2017-10-13 19:43:19',	'2017-10-13 14:43:19'),
(260505,	' Intereses',	'0',	'2605',	'2017-10-13 19:43:19',	'2017-10-13 14:43:19'),
(260510,	' Comisiones',	'0',	'2605',	'2017-10-13 19:43:19',	'2017-10-13 14:43:19'),
(260515,	' Honorarios',	'0',	'2605',	'2017-10-13 19:43:19',	'2017-10-13 14:43:19'),
(260520,	' Servicios tecnicos',	'0',	'2605',	'2017-10-13 19:43:19',	'2017-10-13 14:43:19'),
(260525,	' Transportes fletes y acarreos',	'0',	'2605',	'2017-10-13 19:43:19',	'2017-10-13 14:43:19'),
(260530,	' Gastos de viaje',	'0',	'2605',	'2017-10-13 19:43:19',	'2017-10-13 14:43:19'),
(260535,	' Servicios publicos',	'0',	'2605',	'2017-10-13 19:43:19',	'2017-10-13 14:43:19'),
(260540,	' Regalias',	'0',	'2605',	'2017-10-13 19:43:19',	'2017-10-13 14:43:19'),
(260545,	' Garantias',	'0',	'2605',	'2017-10-13 19:43:19',	'2017-10-13 14:43:19'),
(260550,	' Materiales y repuestos',	'0',	'2605',	'2017-10-13 19:43:19',	'2017-10-13 14:43:19'),
(260595,	' Otros',	'0',	'2605',	'2017-10-13 19:43:19',	'2017-10-13 14:43:19'),
(261010,	' Intereses sobre cesantias',	'0',	'2610',	'2017-10-13 19:43:19',	'2017-10-13 14:43:19'),
(261015,	' Vacaciones',	'0',	'2610',	'2017-10-13 19:43:19',	'2017-10-13 14:43:19'),
(261020,	' Prima de servicios',	'0',	'2610',	'2017-10-13 19:43:19',	'2017-10-13 14:43:19'),
(261025,	' Prestaciones extralegales',	'0',	'2610',	'2017-10-13 19:43:19',	'2017-10-13 14:43:19'),
(261030,	' Viaticos',	'0',	'2610',	'2017-10-13 19:43:19',	'2017-10-13 14:43:19'),
(261095,	' Otras',	'0',	'2610',	'2017-10-13 19:43:19',	'2017-10-13 14:43:19'),
(261505,	' De renta y complementarios',	'0',	'2615',	'2017-10-13 19:43:19',	'2017-10-13 14:43:19'),
(261510,	' De industria y comercio',	'0',	'2615',	'2017-10-13 19:43:19',	'2017-10-13 14:43:19'),
(261515,	' Tasa por utilizacion de puertos',	'0',	'2615',	'2017-10-13 19:43:19',	'2017-10-13 14:43:19'),
(261520,	' De vehiculos',	'0',	'2615',	'2017-10-13 19:43:19',	'2017-10-13 14:43:19'),
(261525,	' De hidrocarburos y minas',	'0',	'2615',	'2017-10-13 19:43:19',	'2017-10-13 14:43:19'),
(261595,	' Otros',	'0',	'2615',	'2017-10-13 19:43:19',	'2017-10-13 14:43:19'),
(262005,	' Calculo actuarial pensiones de jubilacion',	'0',	'2620',	'2017-10-13 19:43:19',	'2017-10-13 14:43:19'),
(262010,	' Pensiones de jubilacion por amortizar (DB)',	'0',	'2620',	'2017-10-13 19:43:19',	'2017-10-13 14:43:19'),
(262505,	' Acueducto y alcantarillado',	'0',	'2625',	'2017-10-13 19:43:19',	'2017-10-13 14:43:19'),
(262510,	' Energia electrica',	'0',	'2625',	'2017-10-13 19:43:19',	'2017-10-13 14:43:19'),
(262515,	' Telefonos',	'0',	'2625',	'2017-10-13 19:43:19',	'2017-10-13 14:43:19'),
(262595,	' Otros',	'0',	'2625',	'2017-10-13 19:43:19',	'2017-10-13 14:43:19'),
(263005,	' Terrenos',	'0',	'2630',	'2017-10-13 19:43:19',	'2017-10-13 14:43:19'),
(263010,	' Construcciones y edificaciones',	'0',	'2630',	'2017-10-13 19:43:19',	'2017-10-13 14:43:19'),
(263015,	' Maquinaria y equipo',	'0',	'2630',	'2017-10-13 19:43:19',	'2017-10-13 14:43:19'),
(263020,	' Equipo de oficina',	'0',	'2630',	'2017-10-13 19:43:19',	'2017-10-13 14:43:19'),
(263025,	' Equipo de computacion y comunicacion',	'0',	'2630',	'2017-10-13 19:43:19',	'2017-10-13 14:43:19'),
(263030,	' Equipo medico-cientifico',	'0',	'2630',	'2017-10-13 19:43:19',	'2017-10-13 14:43:19'),
(263035,	' Equipo de hoteles y restaurantes',	'0',	'2630',	'2017-10-13 19:43:19',	'2017-10-13 14:43:19'),
(263040,	' Flota y equipo de transporte',	'0',	'2630',	'2017-10-13 19:43:19',	'2017-10-13 14:43:19'),
(263045,	' Flota y equipo fluvial y/o maritimo',	'0',	'2630',	'2017-10-13 19:43:19',	'2017-10-13 14:43:19'),
(263050,	' Flota y equipo aereo',	'0',	'2630',	'2017-10-13 19:43:19',	'2017-10-13 14:43:19'),
(263055,	' Flota y equipo ferreo',	'0',	'2630',	'2017-10-13 19:43:19',	'2017-10-13 14:43:19'),
(263060,	' Acueductos plantas y redes',	'0',	'2630',	'2017-10-13 19:43:19',	'2017-10-13 14:43:19'),
(263065,	' Armamento de vigilancia',	'0',	'2630',	'2017-10-13 19:43:19',	'2017-10-13 14:43:19'),
(263070,	' Envases y empaques',	'0',	'2630',	'2017-10-13 19:43:19',	'2017-10-13 14:43:19'),
(263075,	' Plantaciones agricolas y forestales',	'0',	'2630',	'2017-10-13 19:43:19',	'2017-10-13 14:43:19'),
(263080,	' Vias de comunicacion',	'0',	'2630',	'2017-10-13 19:43:19',	'2017-10-13 14:43:19'),
(263085,	' Pozos artesianos',	'0',	'2630',	'2017-10-13 19:43:19',	'2017-10-13 14:43:19'),
(263095,	' Otros',	'0',	'2630',	'2017-10-13 19:43:19',	'2017-10-13 14:43:19'),
(263505,	' Multas y sanciones autoridades administrativ',	'0',	'2635',	'2017-10-13 19:43:19',	'2017-10-13 14:43:19'),
(263510,	' Intereses por multas y sanciones',	'0',	'2635',	'2017-10-13 19:43:19',	'2017-10-13 14:43:19'),
(263515,	' Reclamos',	'0',	'2635',	'2017-10-13 19:43:19',	'2017-10-13 14:43:19'),
(263520,	' Laborales',	'0',	'2635',	'2017-10-13 19:43:19',	'2017-10-13 14:43:19'),
(263525,	' Civiles',	'0',	'2635',	'2017-10-13 19:43:19',	'2017-10-13 14:43:19'),
(263530,	' Penales',	'0',	'2635',	'2017-10-13 19:43:19',	'2017-10-13 14:43:19'),
(263535,	' Administrativos',	'0',	'2635',	'2017-10-13 19:43:19',	'2017-10-13 14:43:19'),
(263540,	' Comerciales',	'0',	'2635',	'2017-10-13 19:43:19',	'2017-10-13 14:43:19'),
(263595,	' Otras',	'0',	'2635',	'2017-10-13 19:43:19',	'2017-10-13 14:43:19'),
(269505,	' Para beneficencia',	'0',	'2695',	'2017-10-13 19:43:19',	'2017-10-13 14:43:19'),
(269510,	' Para comunicaciones',	'0',	'2695',	'2017-10-13 19:43:19',	'2017-10-13 14:43:19'),
(269515,	' Para perdida en transporte',	'0',	'2695',	'2017-10-13 19:43:19',	'2017-10-13 14:43:19'),
(269520,	' Para operacion',	'0',	'2695',	'2017-10-13 19:43:19',	'2017-10-13 14:43:19'),
(269525,	' Para proteccion de bienes agotables',	'0',	'2695',	'2017-10-13 19:43:19',	'2017-10-13 14:43:19'),
(269530,	' Para ajustes en redencion de unidades',	'0',	'2695',	'2017-10-13 19:43:19',	'2017-10-13 14:43:19'),
(269535,	' Autoseguro',	'0',	'2695',	'2017-10-13 19:43:19',	'2017-10-13 14:43:19'),
(269540,	' Planes y programas de reforestacion y electr',	'0',	'2695',	'2017-10-13 19:43:19',	'2017-10-13 14:43:19'),
(269595,	' Otras',	'0',	'2695',	'2017-10-13 19:43:19',	'2017-10-13 14:43:19'),
(270505,	' Intereses',	'0',	'2705',	'2017-10-13 19:43:19',	'2017-10-13 14:43:19'),
(270510,	' Comisiones',	'0',	'2705',	'2017-10-13 19:43:19',	'2017-10-13 14:43:19'),
(270515,	' Arrendamientos',	'0',	'2705',	'2017-10-13 19:43:19',	'2017-10-13 14:43:19'),
(270520,	' Honorarios',	'0',	'2705',	'2017-10-13 19:43:19',	'2017-10-13 14:43:19'),
(270525,	' Servicios tecnicos',	'0',	'2705',	'2017-10-13 19:43:19',	'2017-10-13 14:43:19'),
(270530,	' De suscriptores',	'0',	'2705',	'2017-10-13 19:43:19',	'2017-10-13 14:43:19'),
(270535,	' Transportes fletes y acarreos',	'0',	'2705',	'2017-10-13 19:43:19',	'2017-10-13 14:43:19'),
(270540,	' Mercancia en transito ya vendida',	'0',	'2705',	'2017-10-13 19:43:19',	'2017-10-13 14:43:19'),
(270545,	' Matriculas y pensiones',	'0',	'2705',	'2017-10-13 19:43:19',	'2017-10-13 14:43:19'),
(270550,	' Cuotas de administracion',	'0',	'2705',	'2017-10-13 19:43:19',	'2017-10-13 14:43:19'),
(270595,	' Otros',	'0',	'2705',	'2017-10-13 19:43:19',	'2017-10-13 14:43:19'),
(271005,	' Reajuste del sistema',	'0',	'2710',	'2017-10-13 19:43:19',	'2017-10-13 14:43:19'),
(272505,	' Por depreciacion flexible',	'0',	'2725',	'2017-10-13 19:43:19',	'2017-10-13 14:43:19'),
(272595,	' Diversos',	'0',	'2725',	'2017-10-13 19:43:19',	'2017-10-13 14:43:19'),
(272599,	' Ajustes por inflacion',	'0',	'2725',	'2017-10-13 19:43:19',	'2017-10-13 14:43:19'),
(280505,	' De clientes',	'0',	'2805',	'2017-10-13 19:43:19',	'2017-10-13 14:43:19'),
(280510,	' Sobre contratos',	'0',	'2805',	'2017-10-13 19:43:19',	'2017-10-13 14:43:19'),
(280515,	' Para obras en proceso',	'0',	'2805',	'2017-10-13 19:43:19',	'2017-10-13 14:43:19'),
(280595,	' Otros',	'0',	'2805',	'2017-10-13 19:43:19',	'2017-10-13 14:43:19'),
(281005,	' Para futura suscripcion de acciones',	'0',	'2810',	'2017-10-13 19:43:19',	'2017-10-13 14:43:19'),
(281010,	' Para futuro pago de cuotas o derechos social',	'0',	'2810',	'2017-10-13 19:43:19',	'2017-10-13 14:43:19'),
(281015,	' Para garantia en la prestacion de servicios',	'0',	'2810',	'2017-10-13 19:43:19',	'2017-10-13 14:43:19'),
(281020,	' Para garantia de contratos',	'0',	'2810',	'2017-10-13 19:43:19',	'2017-10-13 14:43:19'),
(281025,	' De licitaciones',	'0',	'2810',	'2017-10-13 19:43:19',	'2017-10-13 14:43:19'),
(281030,	' De manejo de bienes',	'0',	'2810',	'2017-10-13 19:43:19',	'2017-10-13 14:43:19'),
(281035,	' Fondo de reserva',	'0',	'2810',	'2017-10-13 19:43:19',	'2017-10-13 14:43:19'),
(281095,	' Otros',	'0',	'2810',	'2017-10-13 19:43:19',	'2017-10-13 14:43:19'),
(281505,	' Valores recibidos para terceros',	'0',	'2815',	'2017-10-13 19:43:19',	'2017-10-13 14:43:19'),
(281510,	' Venta por cuenta de terceros',	'0',	'2815',	'2017-10-13 19:43:19',	'2017-10-13 14:43:19'),
(282505,	' Cumplimiento obligaciones laborales',	'0',	'2825',	'2017-10-13 19:43:19',	'2017-10-13 14:43:19'),
(282510,	' Para estabilidad de obra',	'0',	'2825',	'2017-10-13 19:43:19',	'2017-10-13 14:43:19'),
(282515,	' Garantia cumplimiento de contratos',	'0',	'2825',	'2017-10-13 19:43:19',	'2017-10-13 14:43:19'),
(283005,	' Indemnizaciones',	'0',	'2830',	'2017-10-13 19:43:19',	'2017-10-13 14:43:19'),
(283010,	' Depositos judiciales',	'0',	'2830',	'2017-10-13 19:43:19',	'2017-10-13 14:43:19'),
(283505,	' Cuotas netas',	'0',	'2835',	'2017-10-13 19:43:19',	'2017-10-13 14:43:19'),
(283510,	' Grupos en formacion',	'0',	'2835',	'2017-10-13 19:43:19',	'2017-10-13 14:43:19'),
(289505,	' Prestamos de productos',	'0',	'2895',	'2017-10-13 19:43:19',	'2017-10-13 14:43:19'),
(289510,	' Reembolso de costos exploratorios',	'0',	'2895',	'2017-10-13 19:43:19',	'2017-10-13 14:43:19'),
(289515,	' Programa de extension agropecuaria',	'0',	'2895',	'2017-10-13 19:43:19',	'2017-10-13 14:43:19'),
(292005,	' Valor bonos pensionales',	'0',	'2920',	'2017-10-13 19:43:19',	'2017-10-13 14:43:19'),
(292010,	' Bonos pensionales por amortizar (DB)',	'0',	'2920',	'2017-10-13 19:43:19',	'2017-10-13 14:43:19'),
(292015,	' Intereses causados sobre bonos pensionales',	'0',	'2920',	'2017-10-13 19:43:19',	'2017-10-13 14:43:19'),
(292505,	' Valor titulos pensionales',	'0',	'2925',	'2017-10-13 19:43:19',	'2017-10-13 14:43:19'),
(292510,	' Titulos pensionales por amortizar (DB)',	'0',	'2925',	'2017-10-13 19:43:19',	'2017-10-13 14:43:19'),
(292515,	' Intereses causados sobre titulos pensionales',	'0',	'2925',	'2017-10-13 19:43:19',	'2017-10-13 14:43:19'),
(310505,	'Capital autorizado',	'0',	'3105',	'2017-10-13 19:43:19',	'2017-10-13 14:43:19'),
(310510,	'Capital por suscribir (DB)',	'0',	'3105',	'2017-10-13 19:43:19',	'2017-10-13 14:43:19'),
(310515,	'Capital suscrito por cobrar (DB)',	'0',	'3105',	'2017-10-13 19:43:19',	'2017-10-13 14:43:19'),
(311505,	'Cuotas o partes de inter?s social',	'0',	'3115',	'2017-10-13 19:43:19',	'2017-10-13 14:43:19'),
(311510,	'Aportes de socios-fondo mutuo de inversi',	'0',	'3115',	'2017-10-13 19:43:19',	'2017-10-13 14:43:19'),
(311515,	'Contribuci?n de la empresa-fondo mutuo de inv',	'0',	'3115',	'2017-10-13 19:43:19',	'2017-10-13 14:43:19'),
(311520,	'Suscripciones del p?blico',	'0',	'3115',	'2017-10-13 19:43:19',	'2017-10-13 14:43:19'),
(320505,	'Prima en colocaci?n de acciones',	'0',	'3205',	'2017-10-13 19:43:19',	'2017-10-13 14:43:19'),
(320510,	'Prima en colocaci?n de acciones por cobrar (D',	'0',	'3205',	'2017-10-13 19:43:19',	'2017-10-13 14:43:19'),
(320515,	'Prima en colocaci?n de cuotas o partes de int',	'0',	'3205',	'2017-10-13 19:43:19',	'2017-10-13 14:43:19'),
(321005,	'En dinero',	'0',	'3210',	'2017-10-13 19:43:19',	'2017-10-13 14:43:19'),
(321010,	'En valores mobiliarios',	'0',	'3210',	'2017-10-13 19:43:19',	'2017-10-13 14:43:19'),
(321015,	'En bienes muebles',	'0',	'3210',	'2017-10-13 19:43:19',	'2017-10-13 14:43:19'),
(321020,	'En bienes inmuebles',	'0',	'3210',	'2017-10-13 19:43:19',	'2017-10-13 14:43:19'),
(321025,	'En intangibles',	'0',	'3210',	'2017-10-13 19:43:19',	'2017-10-13 14:43:19'),
(322505,	'De acciones',	'0',	'3225',	'2017-10-13 19:43:19',	'2017-10-13 14:43:19'),
(322510,	'De cuotas o partes de inter?s social',	'0',	'3225',	'2017-10-13 19:43:19',	'2017-10-13 14:43:19'),
(330505,	'Reserva legal',	'0',	'3305',	'2017-10-13 19:43:19',	'2017-10-13 14:43:19'),
(330510,	'Reservas por disposiciones fiscales',	'0',	'3305',	'2017-10-13 19:43:19',	'2017-10-13 14:43:19'),
(330515,	'Reserva para readquisici?n de acciones',	'0',	'3305',	'2017-10-13 19:43:19',	'2017-10-13 14:43:19'),
(330516,	'Acciones propias readquiridas (DB)',	'0',	'3305',	'2017-10-13 19:43:19',	'2017-10-13 14:43:19'),
(330517,	'Reserva para readquisici?n de cuotas o partes',	'0',	'3305',	'2017-10-13 19:43:19',	'2017-10-13 14:43:19'),
(330518,	'Cuotas o partes de inter?s social propias rea',	'0',	'3305',	'2017-10-13 19:43:19',	'2017-10-13 14:43:19'),
(330520,	'Reserva para extensi?n agropecuaria',	'0',	'3305',	'2017-10-13 19:43:19',	'2017-10-13 14:43:19'),
(330525,	'Reserva Ley 7? de 1990',	'0',	'3305',	'2017-10-13 19:43:19',	'2017-10-13 14:43:19'),
(330530,	'Reserva para reposici?n de semovientes',	'0',	'3305',	'2017-10-13 19:43:19',	'2017-10-13 14:43:19'),
(330535,	'Reserva Ley 4? de 1980',	'0',	'3305',	'2017-10-13 19:43:19',	'2017-10-13 14:43:19'),
(330595,	'Otras',	'0',	'3305',	'2017-10-13 19:43:19',	'2017-10-13 14:43:19'),
(331005,	'Para futuras capitalizaciones',	'0',	'3310',	'2017-10-13 19:43:19',	'2017-10-13 14:43:19'),
(331010,	'Para reposici?n de activos',	'0',	'3310',	'2017-10-13 19:43:19',	'2017-10-13 14:43:19'),
(331015,	'Para futuros ensanches',	'0',	'3310',	'2017-10-13 19:43:19',	'2017-10-13 14:43:19'),
(331095,	'Otras',	'0',	'3310',	'2017-10-13 19:43:19',	'2017-10-13 14:43:19'),
(331505,	'Para beneficencia y civismo',	'0',	'3315',	'2017-10-13 19:43:19',	'2017-10-13 14:43:19'),
(331510,	'Para futuras capitalizaciones',	'0',	'3315',	'2017-10-13 19:43:19',	'2017-10-13 14:43:19'),
(331515,	'Para futuros ensanches',	'0',	'3315',	'2017-10-13 19:43:19',	'2017-10-13 14:43:19'),
(331520,	'Para adquisici?n o reposici?n de propiedades,',	'0',	'3315',	'2017-10-13 19:43:19',	'2017-10-13 14:43:19'),
(331525,	'Para investigaciones y desarrollo',	'0',	'3315',	'2017-10-13 19:43:19',	'2017-10-13 14:43:19'),
(331530,	'Para fomento econ?mico',	'0',	'3315',	'2017-10-13 19:43:19',	'2017-10-13 14:43:19'),
(331535,	'Para capital de trabajo',	'0',	'3315',	'2017-10-13 19:43:19',	'2017-10-13 14:43:19'),
(331540,	'Para estabilizaci?n de rendimientos',	'0',	'3315',	'2017-10-13 19:43:19',	'2017-10-13 14:43:19'),
(331545,	'A disposici?n del m?ximo ?rgano social',	'0',	'3315',	'2017-10-13 19:43:19',	'2017-10-13 14:43:19'),
(331595,	'Otras',	'0',	'3315',	'2017-10-13 19:43:19',	'2017-10-13 14:43:19'),
(340505,	'De capital social',	'0',	'3405',	'2017-10-13 19:43:19',	'2017-10-13 14:43:19'),
(340510,	'De super?vit de capital',	'0',	'3405',	'2017-10-13 19:43:19',	'2017-10-13 14:43:19'),
(340515,	'De reservas',	'0',	'3405',	'2017-10-13 19:43:19',	'2017-10-13 14:43:19'),
(340520,	'De resultados de ejercicios anteriores',	'0',	'3405',	'2017-10-13 19:43:19',	'2017-10-13 14:43:19'),
(340525,	'De activos en per?odo improductivo',	'0',	'3405',	'2017-10-13 19:43:19',	'2017-10-13 14:43:19'),
(340530,	'De saneamiento fiscal',	'0',	'3405',	'2017-10-13 19:43:19',	'2017-10-13 14:43:19'),
(340535,	'De ajustes Decreto 3019 de 1989',	'0',	'3405',	'2017-10-13 19:43:19',	'2017-10-13 14:43:19'),
(340540,	'De dividendos y participaciones decretadas en',	'0',	'3405',	'2017-10-13 19:43:19',	'2017-10-13 14:43:19'),
(340545,	'Super?vit m?todo de participaci',	'0',	'3405',	'2017-10-13 19:43:19',	'2017-10-13 14:43:19'),
(380505,	'Acciones',	'0',	'3805',	'2017-10-13 19:43:19',	'2017-10-13 14:43:19'),
(380510,	'Cuotas o partes de inter?s social',	'0',	'3805',	'2017-10-13 19:43:19',	'2017-10-13 14:43:19'),
(380515,	'Derechos fiduciarios',	'0',	'3805',	'2017-10-13 19:43:19',	'2017-10-13 14:43:19'),
(381004,	'Terrenos',	'0',	'3810',	'2017-10-13 19:43:19',	'2017-10-13 14:43:19'),
(381006,	'Materiales proyectos petroleros',	'0',	'3810',	'2017-10-13 19:43:19',	'2017-10-13 14:43:19'),
(381008,	'Construcciones y edificaciones',	'0',	'3810',	'2017-10-13 19:43:19',	'2017-10-13 14:43:19'),
(381012,	'Maquinaria y equipo',	'0',	'3810',	'2017-10-13 19:43:19',	'2017-10-13 14:43:19'),
(381016,	'Equipo de oficina',	'0',	'3810',	'2017-10-13 19:43:19',	'2017-10-13 14:43:19'),
(381020,	'Equipo de computaci?n y comunicaci',	'0',	'3810',	'2017-10-13 19:43:19',	'2017-10-13 14:43:19'),
(381024,	'Equipo m?dico-cient?fico',	'0',	'3810',	'2017-10-13 19:43:19',	'2017-10-13 14:43:19'),
(381028,	'Equipo de hoteles y restaurantes',	'0',	'3810',	'2017-10-13 19:43:19',	'2017-10-13 14:43:19'),
(381032,	'Flota y equipo de transporte',	'0',	'3810',	'2017-10-13 19:43:19',	'2017-10-13 14:43:19'),
(381036,	'Flota y equipo fluvial y/o mar?timo',	'0',	'3810',	'2017-10-13 19:43:19',	'2017-10-13 14:43:19'),
(381040,	'Flota y equipo a?reo',	'0',	'3810',	'2017-10-13 19:43:19',	'2017-10-13 14:43:19'),
(381044,	'Flota y equipo f?rreo',	'0',	'3810',	'2017-10-13 19:43:19',	'2017-10-13 14:43:19'),
(381048,	'Acueductos, plantas y redes',	'0',	'3810',	'2017-10-13 19:43:19',	'2017-10-13 14:43:19'),
(381052,	'Armamento de vigilancia',	'0',	'3810',	'2017-10-13 19:43:19',	'2017-10-13 14:43:19'),
(381056,	'Envases y empaques',	'0',	'3810',	'2017-10-13 19:43:19',	'2017-10-13 14:43:19'),
(381060,	'Plantaciones agr?colas y forestales',	'0',	'3810',	'2017-10-13 19:43:19',	'2017-10-13 14:43:19'),
(381064,	'V?as de comunicaci',	'0',	'3810',	'2017-10-13 19:43:19',	'2017-10-13 14:43:19'),
(381068,	'Minas y canteras',	'0',	'3810',	'2017-10-13 19:43:19',	'2017-10-13 14:43:19'),
(381072,	'Pozos artesianos',	'0',	'3810',	'2017-10-13 19:43:19',	'2017-10-13 14:43:19'),
(381076,	'Yacimientos',	'0',	'3810',	'2017-10-13 19:43:19',	'2017-10-13 14:43:19'),
(381080,	'Semovientes',	'0',	'3810',	'2017-10-13 19:43:19',	'2017-10-13 14:43:19'),
(389505,	'Bienes de arte y cultura',	'0',	'3895',	'2017-10-13 19:43:19',	'2017-10-13 14:43:19'),
(389510,	'Bienes entregados en comodato',	'0',	'3895',	'2017-10-13 19:43:19',	'2017-10-13 14:43:19'),
(389515,	'Bienes recibidos en pago',	'0',	'3895',	'2017-10-13 19:43:19',	'2017-10-13 14:43:19'),
(389520,	'Inventario de semovientes',	'0',	'3895',	'2017-10-13 19:43:19',	'2017-10-13 14:43:19'),
(410505,	'Cultivo de cereales',	'0',	'4105',	'2017-10-13 19:43:19',	'2017-10-13 14:43:19'),
(410510,	'Cultivos de hortalizas, legumbres y plantas o',	'0',	'4105',	'2017-10-13 19:43:19',	'2017-10-13 14:43:19'),
(410515,	'Cultivos de frutas, nueces y plantas arom?tic',	'0',	'4105',	'2017-10-13 19:43:19',	'2017-10-13 14:43:19'),
(410520,	'Cultivo de caf',	'0',	'4105',	'2017-10-13 19:43:19',	'2017-10-13 14:43:19'),
(410525,	'Cultivo de flores',	'0',	'4105',	'2017-10-13 19:43:19',	'2017-10-13 14:43:19'),
(410530,	'Cultivo de ca?a de az?car',	'0',	'4105',	'2017-10-13 19:43:19',	'2017-10-13 14:43:19'),
(410535,	'Cultivo de algod?n y plantas para material te',	'0',	'4105',	'2017-10-13 19:43:19',	'2017-10-13 14:43:19'),
(410540,	'Cultivo de banano',	'0',	'4105',	'2017-10-13 19:43:19',	'2017-10-13 14:43:19'),
(410545,	'Otros cultivos agr?colas',	'0',	'4105',	'2017-10-13 19:43:19',	'2017-10-13 14:43:19'),
(410550,	'Cr?a de ovejas, cabras, asnos, mulas y burd?g',	'0',	'4105',	'2017-10-13 19:43:19',	'2017-10-13 14:43:19'),
(410555,	'Cr?a de ganado caballar y vacuno',	'0',	'4105',	'2017-10-13 19:43:19',	'2017-10-13 14:43:19'),
(410560,	'Producci?n av?cola',	'0',	'4105',	'2017-10-13 19:43:19',	'2017-10-13 14:43:19'),
(410565,	'Cr?a de otros animales',	'0',	'4105',	'2017-10-13 19:43:19',	'2017-10-13 14:43:19'),
(410570,	'Servicios agr?colas y ganaderos',	'0',	'4105',	'2017-10-13 19:43:19',	'2017-10-13 14:43:19'),
(410575,	'Actividad de caza',	'0',	'4105',	'2017-10-13 19:43:19',	'2017-10-13 14:43:19'),
(410580,	'Actividad de silvicultura',	'0',	'4105',	'2017-10-13 19:43:19',	'2017-10-13 14:43:19'),
(410595,	'Actividades conexas',	'0',	'4105',	'2017-10-13 19:43:19',	'2017-10-13 14:43:19'),
(410599,	'Ajustes por inflaci',	'0',	'4105',	'2017-10-13 19:43:19',	'2017-10-13 14:43:19'),
(411005,	'Actividad de pesca',	'0',	'4110',	'2017-10-13 19:43:19',	'2017-10-13 14:43:19'),
(411010,	'Explotaci?n de criaderos de peces',	'0',	'4110',	'2017-10-13 19:43:19',	'2017-10-13 14:43:19'),
(411095,	'Actividades conexas',	'0',	'4110',	'2017-10-13 19:43:19',	'2017-10-13 14:43:19'),
(411099,	'Ajustes por inflaci',	'0',	'4110',	'2017-10-13 19:43:19',	'2017-10-13 14:43:19'),
(411505,	'Carb',	'0',	'4115',	'2017-10-13 19:43:19',	'2017-10-13 14:43:19'),
(411510,	'Petr?leo crudo',	'0',	'4115',	'2017-10-13 19:43:19',	'2017-10-13 14:43:19'),
(411512,	'Gas natural',	'0',	'4115',	'2017-10-13 19:43:19',	'2017-10-13 14:43:19'),
(411514,	'Servicios relacionados con extracci?n de petr',	'0',	'4115',	'2017-10-13 19:43:19',	'2017-10-13 14:43:19'),
(411515,	'Minerales de hierro',	'0',	'4115',	'2017-10-13 19:43:19',	'2017-10-13 14:43:19'),
(411520,	'Minerales metal?feros no ferrosos',	'0',	'4115',	'2017-10-13 19:43:19',	'2017-10-13 14:43:19'),
(411525,	'Piedra, arena y arcilla',	'0',	'4115',	'2017-10-13 19:43:19',	'2017-10-13 14:43:19'),
(411527,	'Piedras preciosas',	'0',	'4115',	'2017-10-13 19:43:19',	'2017-10-13 14:43:19'),
(411528,	'Oro',	'0',	'4115',	'2017-10-13 19:43:19',	'2017-10-13 14:43:19'),
(411530,	'Otras minas y canteras',	'0',	'4115',	'2017-10-13 19:43:19',	'2017-10-13 14:43:19'),
(411532,	'Prestaci?n de servicios sector minero',	'0',	'4115',	'2017-10-13 19:43:19',	'2017-10-13 14:43:19'),
(411595,	'Actividades conexas',	'0',	'4115',	'2017-10-13 19:43:19',	'2017-10-13 14:43:19'),
(411599,	'Ajustes por inflaci',	'0',	'4115',	'2017-10-13 19:43:19',	'2017-10-13 14:43:19'),
(412001,	'Producci?n y procesamiento de carnes y produc',	'0',	'4120',	'2017-10-13 19:43:19',	'2017-10-13 14:43:19'),
(412002,	'Productos de pescado',	'0',	'4120',	'2017-10-13 19:43:19',	'2017-10-13 14:43:19'),
(412003,	'Productos de frutas, legumbres y hortalizas',	'0',	'4120',	'2017-10-13 19:43:19',	'2017-10-13 14:43:19'),
(412004,	'Elaboraci?n de aceites y grasas',	'0',	'4120',	'2017-10-13 19:43:19',	'2017-10-13 14:43:19'),
(412005,	'Elaboraci?n de productos l?cteos',	'0',	'4120',	'2017-10-13 19:43:19',	'2017-10-13 14:43:19'),
(412006,	'Elaboraci?n de productos de moliner',	'0',	'4120',	'2017-10-13 19:43:19',	'2017-10-13 14:43:19'),
(412007,	'Elaboraci?n de almidones y derivados',	'0',	'4120',	'2017-10-13 19:43:19',	'2017-10-13 14:43:19'),
(412008,	'Elaboraci?n de alimentos para animales',	'0',	'4120',	'2017-10-13 19:43:19',	'2017-10-13 14:43:19'),
(412009,	'Elaboraci?n de productos para panader',	'0',	'4120',	'2017-10-13 19:43:19',	'2017-10-13 14:43:19'),
(412010,	'Elaboraci?n de az?car y melazas',	'0',	'4120',	'2017-10-13 19:43:19',	'2017-10-13 14:43:19'),
(412011,	'Elaboraci?n de cacao, chocolate y confiter',	'0',	'4120',	'2017-10-13 19:43:19',	'2017-10-13 14:43:19'),
(412012,	'Elaboraci?n de pastas y productos farin?ceos',	'0',	'4120',	'2017-10-13 19:43:19',	'2017-10-13 14:43:19'),
(412013,	'Elaboraci?n de productos de caf',	'0',	'4120',	'2017-10-13 19:43:19',	'2017-10-13 14:43:19'),
(412014,	'Elaboraci?n de otros productos alimenticios',	'0',	'4120',	'2017-10-13 19:43:19',	'2017-10-13 14:43:19'),
(412015,	'Elaboraci?n de bebidas alcoh?licas y alcohol ',	'0',	'4120',	'2017-10-13 19:43:19',	'2017-10-13 14:43:19'),
(412016,	'Elaboraci?n de vinos',	'0',	'4120',	'2017-10-13 19:43:19',	'2017-10-13 14:43:19'),
(412017,	'Elaboraci?n de bebidas malteadas y de malta',	'0',	'4120',	'2017-10-13 19:43:19',	'2017-10-13 14:43:19'),
(412018,	'Elaboraci?n de bebidas no alcoh?licas',	'0',	'4120',	'2017-10-13 19:43:19',	'2017-10-13 14:43:19'),
(412019,	'Elaboraci?n de productos de tabaco',	'0',	'4120',	'2017-10-13 19:43:19',	'2017-10-13 14:43:19'),
(412020,	'Preparaci?n e hilatura de fibras textiles y t',	'0',	'4120',	'2017-10-13 19:43:19',	'2017-10-13 14:43:19'),
(412021,	'Acabado de productos textiles',	'0',	'4120',	'2017-10-13 19:43:19',	'2017-10-13 14:43:19'),
(412022,	'Elaboraci?n de art?culos de materiales textil',	'0',	'4120',	'2017-10-13 19:43:19',	'2017-10-13 14:43:19'),
(412023,	'Elaboraci?n de tapices y alfombras',	'0',	'4120',	'2017-10-13 19:43:19',	'2017-10-13 14:43:19'),
(412024,	'Elaboraci?n de cuerdas, cordeles, bramantes y',	'0',	'4120',	'2017-10-13 19:43:19',	'2017-10-13 14:43:19'),
(412025,	'Elaboraci?n de otros productos textiles',	'0',	'4120',	'2017-10-13 19:43:19',	'2017-10-13 14:43:19'),
(412026,	'Elaboraci?n de tejidos',	'0',	'4120',	'2017-10-13 19:43:19',	'2017-10-13 14:43:19'),
(412027,	'Elaboraci?n de prendas de vestir',	'0',	'4120',	'2017-10-13 19:43:19',	'2017-10-13 14:43:19'),
(412028,	'Preparaci?n, adobo y te?ido de pieles',	'0',	'4120',	'2017-10-13 19:43:19',	'2017-10-13 14:43:19'),
(412029,	'Curtido, adobo o preparaci?n de cuero',	'0',	'4120',	'2017-10-13 19:43:19',	'2017-10-13 14:43:19'),
(412030,	'Elaboraci?n de maletas, bolsos y similares',	'0',	'4120',	'2017-10-13 19:43:19',	'2017-10-13 14:43:19'),
(412031,	'Elaboraci?n de calzado',	'0',	'4120',	'2017-10-13 19:43:19',	'2017-10-13 14:43:19'),
(412032,	'Producci?n de madera, art?culos de madera y c',	'0',	'4120',	'2017-10-13 19:43:19',	'2017-10-13 14:43:19'),
(412033,	'Elaboraci?n de pasta y productos de madera, p',	'0',	'4120',	'2017-10-13 19:43:19',	'2017-10-13 14:43:19'),
(412034,	'Ediciones y publicaciones',	'0',	'4120',	'2017-10-13 19:43:19',	'2017-10-13 14:43:19'),
(412035,	'Impresi',	'0',	'4120',	'2017-10-13 19:43:19',	'2017-10-13 14:43:19'),
(412036,	'Servicios relacionados con la edici?n y la im',	'0',	'4120',	'2017-10-13 19:43:19',	'2017-10-13 14:43:19'),
(412037,	'Reproducci?n de grabaciones',	'0',	'4120',	'2017-10-13 19:43:19',	'2017-10-13 14:43:19'),
(412038,	'Elaboraci?n de productos de horno de coque',	'0',	'4120',	'2017-10-13 19:43:19',	'2017-10-13 14:43:19'),
(412039,	'Elaboraci?n de productos de la refinaci?n de ',	'0',	'4120',	'2017-10-13 19:43:19',	'2017-10-13 14:43:19'),
(412040,	'Elaboraci?n de sustancias qu?micas b?sicas',	'0',	'4120',	'2017-10-13 19:43:19',	'2017-10-13 14:43:19'),
(412041,	'Elaboraci?n de abonos y compuestos de nitr?ge',	'0',	'4120',	'2017-10-13 19:43:19',	'2017-10-13 14:43:19'),
(412042,	'Elaboraci?n de pl?stico y caucho sint?tico',	'0',	'4120',	'2017-10-13 19:43:19',	'2017-10-13 14:43:19'),
(412043,	'Elaboraci?n de productos qu?micos de uso agro',	'0',	'4120',	'2017-10-13 19:43:19',	'2017-10-13 14:43:19'),
(412044,	'Elaboraci?n de pinturas, tintas y masillas',	'0',	'4120',	'2017-10-13 19:43:19',	'2017-10-13 14:43:19'),
(412045,	'Elaboraci?n de productos farmac?uticos y bot?',	'0',	'4120',	'2017-10-13 19:43:19',	'2017-10-13 14:43:19'),
(412046,	'Elaboraci?n de jabones, detergentes y prepara',	'0',	'4120',	'2017-10-13 19:43:19',	'2017-10-13 14:43:19'),
(412047,	'Elaboraci?n de otros productos qu?micos',	'0',	'4120',	'2017-10-13 19:43:19',	'2017-10-13 14:43:19'),
(412048,	'Elaboraci?n de fibras',	'0',	'4120',	'2017-10-13 19:43:19',	'2017-10-13 14:43:19'),
(412049,	'Elaboraci?n de otros productos de caucho',	'0',	'4120',	'2017-10-13 19:43:19',	'2017-10-13 14:43:19'),
(412050,	'Elaboraci?n de productos de pl?stico',	'0',	'4120',	'2017-10-13 19:43:19',	'2017-10-13 14:43:19'),
(412051,	'Elaboraci?n de vidrio y productos de vidrio',	'0',	'4120',	'2017-10-13 19:43:19',	'2017-10-13 14:43:19'),
(412052,	'Elaboraci?n de productos de cer?mica, loza, p',	'0',	'4120',	'2017-10-13 19:43:19',	'2017-10-13 14:43:19'),
(412053,	'Elaboraci?n de cemento, cal y yeso',	'0',	'4120',	'2017-10-13 19:43:19',	'2017-10-13 14:43:19'),
(412054,	'Elaboraci?n de art?culos de hormig?n, cemento',	'0',	'4120',	'2017-10-13 19:43:19',	'2017-10-13 14:43:19'),
(412055,	'Corte, tallado y acabado de la piedra',	'0',	'4120',	'2017-10-13 19:43:19',	'2017-10-13 14:43:19'),
(412056,	'Elaboraci?n de otros productos minerales no m',	'0',	'4120',	'2017-10-13 19:43:19',	'2017-10-13 14:43:19'),
(412057,	'Industrias b?sicas y fundici?n de hierro y ac',	'0',	'4120',	'2017-10-13 19:43:19',	'2017-10-13 14:43:19'),
(412058,	'Productos primarios de metales preciosos y de',	'0',	'4120',	'2017-10-13 19:43:19',	'2017-10-13 14:43:19'),
(412059,	'Fundici?n de metales no ferrosos',	'0',	'4120',	'2017-10-13 19:43:19',	'2017-10-13 14:43:19'),
(412060,	'Fabricaci?n de productos met?licos para uso e',	'0',	'4120',	'2017-10-13 19:43:19',	'2017-10-13 14:43:19'),
(412061,	'Forja, prensado, estampado, laminado de metal',	'0',	'4120',	'2017-10-13 19:43:19',	'2017-10-13 14:43:19'),
(412062,	'Revestimiento de metales y obras de ingenier?',	'0',	'4120',	'2017-10-13 19:43:19',	'2017-10-13 14:43:19'),
(412063,	'Fabricaci?n de art?culos de ferreter',	'0',	'4120',	'2017-10-13 19:43:19',	'2017-10-13 14:43:19'),
(412064,	'Elaboraci?n de otros productos de metal',	'0',	'4120',	'2017-10-13 19:43:19',	'2017-10-13 14:43:19'),
(412065,	'Fabricaci?n de maquinaria y equipo',	'0',	'4120',	'2017-10-13 19:43:19',	'2017-10-13 14:43:19'),
(412066,	'Fabricaci?n de equipos de elevaci?n y manipul',	'0',	'4120',	'2017-10-13 19:43:19',	'2017-10-13 14:43:19'),
(412067,	'Elaboraci?n de aparatos de uso dom?stico',	'0',	'4120',	'2017-10-13 19:43:19',	'2017-10-13 14:43:19'),
(412068,	'Elaboraci?n de equipo de oficina',	'0',	'4120',	'2017-10-13 19:43:19',	'2017-10-13 14:43:19'),
(412069,	'Elaboraci?n de pilas y bater?as primarias',	'0',	'4120',	'2017-10-13 19:43:19',	'2017-10-13 14:43:19'),
(412070,	'Elaboraci?n de equipo de iluminaci',	'0',	'4120',	'2017-10-13 19:43:19',	'2017-10-13 14:43:19'),
(412071,	'Elaboraci?n de otros tipos de equipo el?ctric',	'0',	'4120',	'2017-10-13 19:43:19',	'2017-10-13 14:43:19'),
(412072,	'Fabricaci?n de equipos de radio, televisi?n y',	'0',	'4120',	'2017-10-13 19:43:19',	'2017-10-13 14:43:19'),
(412073,	'Fabricaci?n de aparatos e instrumentos m?dico',	'0',	'4120',	'2017-10-13 19:43:19',	'2017-10-13 14:43:19'),
(412074,	'Fabricaci?n de instrumentos de medici?n y con',	'0',	'4120',	'2017-10-13 19:43:19',	'2017-10-13 14:43:19'),
(412075,	'Fabricaci?n de instrumentos de ?ptica y equip',	'0',	'4120',	'2017-10-13 19:43:19',	'2017-10-13 14:43:19'),
(412076,	'Fabricaci?n de relojes',	'0',	'4120',	'2017-10-13 19:43:19',	'2017-10-13 14:43:19'),
(412077,	'Fabricaci?n de veh?culos automotores',	'0',	'4120',	'2017-10-13 19:43:19',	'2017-10-13 14:43:19'),
(412078,	'Fabricaci?n de carrocer?as para automotores',	'0',	'4120',	'2017-10-13 19:43:19',	'2017-10-13 14:43:19'),
(412079,	'Fabricaci?n de partes piezas y accesorios par',	'0',	'4120',	'2017-10-13 19:43:19',	'2017-10-13 14:43:19'),
(412080,	'Fabricaci?n y reparaci?n de buques y otras em',	'0',	'4120',	'2017-10-13 19:43:19',	'2017-10-13 14:43:19'),
(412081,	'Fabricaci?n de locomotoras y material rodante',	'0',	'4120',	'2017-10-13 19:43:19',	'2017-10-13 14:43:19'),
(412082,	'Fabricaci?n de aeronaves',	'0',	'4120',	'2017-10-13 19:43:19',	'2017-10-13 14:43:19'),
(412083,	'Fabricaci?n de motocicletas',	'0',	'4120',	'2017-10-13 19:43:19',	'2017-10-13 14:43:19'),
(412084,	'Fabricaci?n de bicicletas y sillas de ruedas',	'0',	'4120',	'2017-10-13 19:43:19',	'2017-10-13 14:43:19'),
(412085,	'Fabricaci?n de otros tipos de transporte',	'0',	'4120',	'2017-10-13 19:43:19',	'2017-10-13 14:43:19'),
(412086,	'Fabricaci?n de muebles',	'0',	'4120',	'2017-10-13 19:43:19',	'2017-10-13 14:43:19'),
(412087,	'Fabricaci?n de joyas y art?culos conexos',	'0',	'4120',	'2017-10-13 19:43:19',	'2017-10-13 14:43:19'),
(412088,	'Fabricaci?n de instrumentos de m?sica',	'0',	'4120',	'2017-10-13 19:43:19',	'2017-10-13 14:43:19'),
(412089,	'Fabricaci?n de art?culos y equipo para deport',	'0',	'4120',	'2017-10-13 19:43:19',	'2017-10-13 14:43:19'),
(412090,	'Fabricaci?n de juegos y juguetes',	'0',	'4120',	'2017-10-13 19:43:19',	'2017-10-13 14:43:19'),
(412091,	'Reciclamiento de desperdicios',	'0',	'4120',	'2017-10-13 19:43:19',	'2017-10-13 14:43:19'),
(412095,	'Productos de otras industrias manufactureras',	'0',	'4120',	'2017-10-13 19:43:19',	'2017-10-13 14:43:19'),
(412099,	'Ajustes por inflaci',	'0',	'4120',	'2017-10-13 19:43:19',	'2017-10-13 14:43:19'),
(412505,	'Generaci?n, captaci?n y distribuci?n de energ',	'0',	'4125',	'2017-10-13 19:43:19',	'2017-10-13 14:43:19'),
(412510,	'Fabricaci?n de gas y distribuci?n de combusti',	'0',	'4125',	'2017-10-13 19:43:19',	'2017-10-13 14:43:19'),
(412515,	'Captaci?n, depuraci?n y distribuci?n de agua',	'0',	'4125',	'2017-10-13 19:43:19',	'2017-10-13 14:43:19'),
(412595,	'Actividades conexas',	'0',	'4125',	'2017-10-13 19:43:19',	'2017-10-13 14:43:19'),
(412599,	'Ajustes por inflaci',	'0',	'4125',	'2017-10-13 19:43:19',	'2017-10-13 14:43:19'),
(413005,	'Preparaci?n de terrenos',	'0',	'4130',	'2017-10-13 19:43:19',	'2017-10-13 14:43:19'),
(413010,	'Construcci?n de edificios y obras de ingenier',	'0',	'4130',	'2017-10-13 19:43:19',	'2017-10-13 14:43:19'),
(413015,	'Acondicionamiento de edificios',	'0',	'4130',	'2017-10-13 19:43:19',	'2017-10-13 14:43:19'),
(413020,	'Terminaci?n de edificaciones',	'0',	'4130',	'2017-10-13 19:43:19',	'2017-10-13 14:43:19'),
(413025,	'Alquiler de equipo con operarios',	'0',	'4130',	'2017-10-13 19:43:19',	'2017-10-13 14:43:19'),
(413095,	'Actividades conexas',	'0',	'4130',	'2017-10-13 19:43:19',	'2017-10-13 14:43:19'),
(413099,	'Ajustes por inflaci',	'0',	'4130',	'2017-10-13 19:43:19',	'2017-10-13 14:43:19'),
(413502,	'Venta de veh?culos automotores',	'0',	'4135',	'2017-10-13 19:43:19',	'2017-10-13 14:43:19'),
(413504,	'Mantenimiento, reparaci?n y lavado de veh?cul',	'0',	'4135',	'2017-10-13 19:43:19',	'2017-10-13 14:43:19'),
(413506,	'Venta de partes, piezas y accesorios de veh?c',	'0',	'4135',	'2017-10-13 19:43:19',	'2017-10-13 14:43:19'),
(413508,	'Venta de combustibles s?lidos, l?quidos, gase',	'0',	'4135',	'2017-10-13 19:43:19',	'2017-10-13 14:43:19'),
(413510,	'Venta de lubricantes, aditivos, llantas y luj',	'0',	'4135',	'2017-10-13 19:43:19',	'2017-10-13 14:43:19'),
(413512,	'Venta a cambio de retribuci?n o por contrata',	'0',	'4135',	'2017-10-13 19:43:19',	'2017-10-13 14:43:19'),
(413514,	'Venta de insumos, materias primas agropecuari',	'0',	'4135',	'2017-10-13 19:43:19',	'2017-10-13 14:43:19'),
(413516,	'Venta de otros insumos y materias primas no a',	'0',	'4135',	'2017-10-13 19:43:19',	'2017-10-13 14:43:19'),
(413518,	'Venta de animales vivos y cueros',	'0',	'4135',	'2017-10-13 19:43:19',	'2017-10-13 14:43:19'),
(413520,	'Venta de productos en almacenes no especializ',	'0',	'4135',	'2017-10-13 19:43:19',	'2017-10-13 14:43:19'),
(413522,	'Venta de productos agropecuarios',	'0',	'4135',	'2017-10-13 19:43:19',	'2017-10-13 14:43:19'),
(413524,	'Venta de productos textiles, de vestir, de cu',	'0',	'4135',	'2017-10-13 19:43:19',	'2017-10-13 14:43:19'),
(413526,	'Venta de papel y cart',	'0',	'4135',	'2017-10-13 19:43:19',	'2017-10-13 14:43:19'),
(413528,	'Venta de libros, revistas, elementos de papel',	'0',	'4135',	'2017-10-13 19:43:19',	'2017-10-13 14:43:19'),
(413530,	'Venta de juegos, juguetes y art?culos deporti',	'0',	'4135',	'2017-10-13 19:43:19',	'2017-10-13 14:43:19'),
(413532,	'Venta de instrumentos quir?rgicos y ortop?dic',	'0',	'4135',	'2017-10-13 19:43:19',	'2017-10-13 14:43:19'),
(413534,	'Venta de art?culos en relojer?as y joyer?as',	'0',	'4135',	'2017-10-13 19:43:19',	'2017-10-13 14:43:19'),
(413536,	'Venta de electrodom?sticos y muebles',	'0',	'4135',	'2017-10-13 19:43:19',	'2017-10-13 14:43:19'),
(413538,	'Venta de productos de aseo, farmac?uticos, me',	'0',	'4135',	'2017-10-13 19:43:19',	'2017-10-13 14:43:19'),
(413540,	'Venta de cubiertos, vajillas, cristaler?a, po',	'0',	'4135',	'2017-10-13 19:43:19',	'2017-10-13 14:43:19'),
(413542,	'Venta de materiales de construcci?n, fontaner',	'0',	'4135',	'2017-10-13 19:43:19',	'2017-10-13 14:43:19'),
(413544,	'Venta de pinturas y lacas',	'0',	'4135',	'2017-10-13 19:43:19',	'2017-10-13 14:43:19'),
(413546,	'Venta de productos de vidrios y marqueter',	'0',	'4135',	'2017-10-13 19:43:19',	'2017-10-13 14:43:19'),
(413548,	'Venta de herramientas y art?culos de ferreter',	'0',	'4135',	'2017-10-13 19:43:19',	'2017-10-13 14:43:19'),
(413550,	'Venta de qu?micos',	'0',	'4135',	'2017-10-13 19:43:19',	'2017-10-13 14:43:19'),
(413552,	'Venta de productos intermedios, desperdicios ',	'0',	'4135',	'2017-10-13 19:43:19',	'2017-10-13 14:43:19'),
(413554,	'Venta de maquinaria, equipo de oficina y prog',	'0',	'4135',	'2017-10-13 19:43:19',	'2017-10-13 14:43:19'),
(413556,	'Venta de art?culos en cacharrer?as y miscel?n',	'0',	'4135',	'2017-10-13 19:43:19',	'2017-10-13 14:43:19'),
(413558,	'Venta de instrumentos musicales',	'0',	'4135',	'2017-10-13 19:43:19',	'2017-10-13 14:43:19'),
(413560,	'Venta de art?culos en casas de empe?o y prend',	'0',	'4135',	'2017-10-13 19:43:19',	'2017-10-13 14:43:19'),
(413562,	'Venta de equipo fotogr?fico',	'0',	'4135',	'2017-10-13 19:43:19',	'2017-10-13 14:43:19'),
(413564,	'Venta de equipo ?ptico y de precisi',	'0',	'4135',	'2017-10-13 19:43:19',	'2017-10-13 14:43:19'),
(413566,	'Venta de empaques',	'0',	'4135',	'2017-10-13 19:43:19',	'2017-10-13 14:43:19'),
(413568,	'Venta de equipo profesional y cient?fico',	'0',	'4135',	'2017-10-13 19:43:19',	'2017-10-13 14:43:19'),
(413570,	'Venta de loter?as, rifas, chance, apuestas y ',	'0',	'4135',	'2017-10-13 19:43:19',	'2017-10-13 14:43:19'),
(413572,	'Reparaci?n de efectos personales y electrodom',	'0',	'4135',	'2017-10-13 19:43:19',	'2017-10-13 14:43:19'),
(413595,	'Venta de otros productos',	'0',	'4135',	'2017-10-13 19:43:19',	'2017-10-13 14:43:19'),
(413599,	'Ajustes por inflaci',	'0',	'4135',	'2017-10-13 19:43:19',	'2017-10-13 14:43:19'),
(414005,	'Hoteler',	'0',	'4140',	'2017-10-13 19:43:19',	'2017-10-13 14:43:19'),
(414010,	'Campamento y otros tipos de hospedaje',	'0',	'4140',	'2017-10-13 19:43:19',	'2017-10-13 14:43:19'),
(414015,	'Restaurantes',	'0',	'4140',	'2017-10-13 19:43:19',	'2017-10-13 14:43:19'),
(414020,	'Bares y cantinas',	'0',	'4140',	'2017-10-13 19:43:19',	'2017-10-13 14:43:19'),
(414095,	'Actividades conexas',	'0',	'4140',	'2017-10-13 19:43:19',	'2017-10-13 14:43:19'),
(414099,	'Ajustes por inflaci',	'0',	'4140',	'2017-10-13 19:43:19',	'2017-10-13 14:43:19'),
(414505,	'Servicio de transporte por carretera',	'0',	'4145',	'2017-10-13 19:43:19',	'2017-10-13 14:43:19'),
(414510,	'Servicio de transporte por v?a f?rrea',	'0',	'4145',	'2017-10-13 19:43:19',	'2017-10-13 14:43:19'),
(414515,	'Servicio de transporte por v?a acu?tica',	'0',	'4145',	'2017-10-13 19:43:19',	'2017-10-13 14:43:19'),
(414520,	'Servicio de transporte por v?a a?rea',	'0',	'4145',	'2017-10-13 19:43:19',	'2017-10-13 14:43:19'),
(414525,	'Servicio de transporte por tuber?as',	'0',	'4145',	'2017-10-13 19:43:19',	'2017-10-13 14:43:19'),
(414530,	'Manipulaci?n de carga',	'0',	'4145',	'2017-10-13 19:43:19',	'2017-10-13 14:43:19'),
(414535,	'Almacenamiento y dep?sito',	'0',	'4145',	'2017-10-13 19:43:19',	'2017-10-13 14:43:19'),
(414540,	'Servicios complementarios para el transporte',	'0',	'4145',	'2017-10-13 19:43:19',	'2017-10-13 14:43:19'),
(414545,	'Agencias de viaje',	'0',	'4145',	'2017-10-13 19:43:19',	'2017-10-13 14:43:19'),
(414550,	'Otras agencias de transporte',	'0',	'4145',	'2017-10-13 19:43:19',	'2017-10-13 14:43:19'),
(414555,	'Servicio postal y de correo',	'0',	'4145',	'2017-10-13 19:43:19',	'2017-10-13 14:43:19'),
(414560,	'Servicio telef?nico',	'0',	'4145',	'2017-10-13 19:43:19',	'2017-10-13 14:43:19'),
(414565,	'Servicio de tel?grafo',	'0',	'4145',	'2017-10-13 19:43:19',	'2017-10-13 14:43:19'),
(414570,	'Servicio de transmisi?n de datos',	'0',	'4145',	'2017-10-13 19:43:19',	'2017-10-13 14:43:19'),
(414575,	'Servicio de radio y televisi?n por cable',	'0',	'4145',	'2017-10-13 19:43:19',	'2017-10-13 14:43:19'),
(414580,	'Transmisi?n de sonido e im?genes por contrato',	'0',	'4145',	'2017-10-13 19:43:19',	'2017-10-13 14:43:19'),
(414595,	'Actividades conexas',	'0',	'4145',	'2017-10-13 19:43:19',	'2017-10-13 14:43:19'),
(414599,	'Ajustes por inflaci',	'0',	'4145',	'2017-10-13 19:43:19',	'2017-10-13 14:43:19'),
(415005,	'Venta de inversiones',	'0',	'4150',	'2017-10-13 19:43:19',	'2017-10-13 14:43:19'),
(415010,	'Dividendos de sociedades an?nimas y/o asimila',	'0',	'4150',	'2017-10-13 19:43:19',	'2017-10-13 14:43:19'),
(415015,	'Participaciones de sociedades limitadas y/o a',	'0',	'4150',	'2017-10-13 19:43:19',	'2017-10-13 14:43:19'),
(415020,	'Intereses',	'0',	'4150',	'2017-10-13 19:43:19',	'2017-10-13 14:43:19'),
(415025,	'Reajuste monetario-UPAC (hoy UVR)',	'0',	'4150',	'2017-10-13 19:43:19',	'2017-10-13 14:43:19'),
(415030,	'Comisiones',	'0',	'4150',	'2017-10-13 19:43:19',	'2017-10-13 14:43:19'),
(415035,	'Operaciones de descuento',	'0',	'4150',	'2017-10-13 19:43:19',	'2017-10-13 14:43:19'),
(415040,	'Cuotas de inscripci?n-consorcios',	'0',	'4150',	'2017-10-13 19:43:19',	'2017-10-13 14:43:19'),
(415045,	'Cuotas de administraci?n-consorcios',	'0',	'4150',	'2017-10-13 19:43:19',	'2017-10-13 14:43:19'),
(415050,	'Reajuste del sistema-consorcios',	'0',	'4150',	'2017-10-13 19:43:19',	'2017-10-13 14:43:19'),
(415055,	'Eliminaci?n de suscriptores-consorcios',	'0',	'4150',	'2017-10-13 19:43:19',	'2017-10-13 14:43:19'),
(415060,	'Cuotas de ingreso o retiro-sociedad administr',	'0',	'4150',	'2017-10-13 19:43:19',	'2017-10-13 14:43:19'),
(415065,	'Servicios a comisionistas',	'0',	'4150',	'2017-10-13 19:43:19',	'2017-10-13 14:43:19'),
(415070,	'Inscripciones y cuotas',	'0',	'4150',	'2017-10-13 19:43:19',	'2017-10-13 14:43:19'),
(415075,	'Recuperaci?n de garant?as',	'0',	'4150',	'2017-10-13 19:43:19',	'2017-10-13 14:43:19'),
(415080,	'Ingresos m?todo de participaci',	'0',	'4150',	'2017-10-13 19:43:19',	'2017-10-13 14:43:19'),
(415095,	'Actividades conexas',	'0',	'4150',	'2017-10-13 19:43:19',	'2017-10-13 14:43:19'),
(415099,	'Ajustes por inflaci',	'0',	'4150',	'2017-10-13 19:43:19',	'2017-10-13 14:43:19'),
(415505,	'Arrendamientos de bienes inmuebles',	'0',	'4155',	'2017-10-13 19:43:19',	'2017-10-13 14:43:19'),
(415510,	'Inmobiliarias por retribuci?n o contrata',	'0',	'4155',	'2017-10-13 19:43:19',	'2017-10-13 14:43:19'),
(415515,	'Alquiler equipo de transporte',	'0',	'4155',	'2017-10-13 19:43:19',	'2017-10-13 14:43:19'),
(415520,	'Alquiler maquinaria y equipo',	'0',	'4155',	'2017-10-13 19:43:19',	'2017-10-13 14:43:19'),
(415525,	'Alquiler de efectos personales y enseres dom?',	'0',	'4155',	'2017-10-13 19:43:19',	'2017-10-13 14:43:19'),
(415530,	'Consultor?a en equipo y programas de inform?t',	'0',	'4155',	'2017-10-13 19:43:19',	'2017-10-13 14:43:19'),
(415535,	'Procesamiento de datos',	'0',	'4155',	'2017-10-13 19:43:19',	'2017-10-13 14:43:19'),
(415540,	'Mantenimiento y reparaci?n de maquinaria de o',	'0',	'4155',	'2017-10-13 19:43:19',	'2017-10-13 14:43:19'),
(415545,	'Investigaciones cient?ficas y de desarrollo',	'0',	'4155',	'2017-10-13 19:43:19',	'2017-10-13 14:43:19'),
(415550,	'Actividades empresariales de consultor',	'0',	'4155',	'2017-10-13 19:43:19',	'2017-10-13 14:43:19'),
(415555,	'Publicidad',	'0',	'4155',	'2017-10-13 19:43:19',	'2017-10-13 14:43:19'),
(415560,	'Dotaci?n de personal',	'0',	'4155',	'2017-10-13 19:43:19',	'2017-10-13 14:43:19'),
(415565,	'Investigaci?n y seguridad',	'0',	'4155',	'2017-10-13 19:43:19',	'2017-10-13 14:43:19'),
(415570,	'Limpieza de inmuebles',	'0',	'4155',	'2017-10-13 19:43:19',	'2017-10-13 14:43:19'),
(415575,	'Fotograf',	'0',	'4155',	'2017-10-13 19:43:19',	'2017-10-13 14:43:19'),
(415580,	'Envase y empaque',	'0',	'4155',	'2017-10-13 19:43:19',	'2017-10-13 14:43:19'),
(415585,	'Fotocopiado',	'0',	'4155',	'2017-10-13 19:43:19',	'2017-10-13 14:43:19'),
(415590,	'Mantenimiento y reparaci?n de maquinaria y eq',	'0',	'4155',	'2017-10-13 19:43:19',	'2017-10-13 14:43:19'),
(415595,	'Actividades conexas',	'0',	'4155',	'2017-10-13 19:43:19',	'2017-10-13 14:43:19'),
(415599,	'Ajustes por inflaci',	'0',	'4155',	'2017-10-13 19:43:19',	'2017-10-13 14:43:19'),
(416005,	'Actividades relacionadas con la educaci',	'0',	'4160',	'2017-10-13 19:43:19',	'2017-10-13 14:43:19'),
(416095,	'Actividades conexas',	'0',	'4160',	'2017-10-13 19:43:19',	'2017-10-13 14:43:19'),
(416099,	'Ajustes por inflaci',	'0',	'4160',	'2017-10-13 19:43:19',	'2017-10-13 14:43:19'),
(416505,	'Servicio hospitalario',	'0',	'4165',	'2017-10-13 19:43:19',	'2017-10-13 14:43:19'),
(416510,	'Servicio medico',	'0',	'4165',	'2017-10-13 19:43:19',	'2017-10-13 14:43:19'),
(416515,	'Servicio odontol?gico',	'0',	'4165',	'2017-10-13 19:43:19',	'2017-10-13 14:43:19'),
(416520,	'Servicio de laboratorio',	'0',	'4165',	'2017-10-13 19:43:19',	'2017-10-13 14:43:19'),
(416525,	'Actividades veterinarias',	'0',	'4165',	'2017-10-13 19:43:19',	'2017-10-13 14:43:19'),
(416530,	'Actividades de servicios sociales',	'0',	'4165',	'2017-10-13 19:43:19',	'2017-10-13 14:43:19'),
(416595,	'Actividades conexas',	'0',	'4165',	'2017-10-13 19:43:19',	'2017-10-13 14:43:19'),
(416599,	'Ajustes por inflaci',	'0',	'4165',	'2017-10-13 19:43:19',	'2017-10-13 14:43:19'),
(417005,	'Eliminaci?n de desperdicios y aguas residuale',	'0',	'4170',	'2017-10-13 19:43:19',	'2017-10-13 14:43:19'),
(417010,	'Actividades de asociaci',	'0',	'4170',	'2017-10-13 19:43:19',	'2017-10-13 14:43:19'),
(417015,	'Producci?n y distribuci?n de filmes y videoci',	'0',	'4170',	'2017-10-13 19:43:19',	'2017-10-13 14:43:19'),
(417020,	'Exhibici?n de filmes y videocintas',	'0',	'4170',	'2017-10-13 19:43:19',	'2017-10-13 14:43:19'),
(417025,	'Actividad de radio y televisi',	'0',	'4170',	'2017-10-13 19:43:19',	'2017-10-13 14:43:19'),
(417030,	'Actividad teatral, musical y art?stica',	'0',	'4170',	'2017-10-13 19:43:19',	'2017-10-13 14:43:19'),
(417035,	'Grabaci?n y producci?n de discos',	'0',	'4170',	'2017-10-13 19:43:19',	'2017-10-13 14:43:19'),
(417040,	'Entretenimiento y esparcimiento',	'0',	'4170',	'2017-10-13 19:43:19',	'2017-10-13 14:43:19'),
(417045,	'Agencias de noticias',	'0',	'4170',	'2017-10-13 19:43:19',	'2017-10-13 14:43:19'),
(417050,	'Lavander?as y similares',	'0',	'4170',	'2017-10-13 19:43:19',	'2017-10-13 14:43:19'),
(417055,	'Peluquer?as y similares',	'0',	'4170',	'2017-10-13 19:43:19',	'2017-10-13 14:43:19'),
(417060,	'Servicios funerarios',	'0',	'4170',	'2017-10-13 19:43:19',	'2017-10-13 14:43:19'),
(417065,	'Zonas francas',	'0',	'4170',	'2017-10-13 19:43:19',	'2017-10-13 14:43:19'),
(417095,	'Actividades conexas',	'0',	'4170',	'2017-10-13 19:43:19',	'2017-10-13 14:43:19'),
(417099,	'Ajustes por inflaci',	'0',	'4170',	'2017-10-13 19:43:19',	'2017-10-13 14:43:19'),
(417599,	'Ajustes por inflaci',	'0',	'4175',	'2017-10-13 19:43:19',	'2017-10-13 14:43:19'),
(420505,	'Materia prima',	'0',	'4205',	'2017-10-13 19:43:19',	'2017-10-13 14:43:19'),
(420510,	'Material de desecho',	'0',	'4205',	'2017-10-13 19:43:19',	'2017-10-13 14:43:19'),
(420515,	'Materiales varios',	'0',	'4205',	'2017-10-13 19:43:19',	'2017-10-13 14:43:19'),
(420520,	'Productos de diversificaci',	'0',	'4205',	'2017-10-13 19:43:19',	'2017-10-13 14:43:19'),
(420525,	'Excedentes de exportaci',	'0',	'4205',	'2017-10-13 19:43:19',	'2017-10-13 14:43:19'),
(420530,	'Envases y empaques',	'0',	'4205',	'2017-10-13 19:43:19',	'2017-10-13 14:43:19'),
(420535,	'Productos agr?colas',	'0',	'4205',	'2017-10-13 19:43:19',	'2017-10-13 14:43:19'),
(420540,	'De propaganda',	'0',	'4205',	'2017-10-13 19:43:19',	'2017-10-13 14:43:19'),
(420545,	'Productos en remate',	'0',	'4205',	'2017-10-13 19:43:19',	'2017-10-13 14:43:19'),
(420550,	'Combustibles y lubricantes',	'0',	'4205',	'2017-10-13 19:43:19',	'2017-10-13 14:43:19'),
(420599,	'Ajustes por inflaci',	'0',	'4205',	'2017-10-13 19:43:19',	'2017-10-13 14:43:19'),
(421005,	'Intereses',	'0',	'4210',	'2017-10-13 19:43:19',	'2017-10-13 14:43:19'),
(421010,	'Reajuste monetario-UPAC (hoy UVR)',	'0',	'4210',	'2017-10-13 19:43:19',	'2017-10-13 14:43:19'),
(421015,	'Descuentos amortizados',	'0',	'4210',	'2017-10-13 19:43:19',	'2017-10-13 14:43:19'),
(421020,	'Diferencia en cambio',	'0',	'4210',	'2017-10-13 19:43:19',	'2017-10-13 14:43:19'),
(421025,	'Financiaci?n veh?culos',	'0',	'4210',	'2017-10-13 19:43:19',	'2017-10-13 14:43:19'),
(421030,	'Financiaci?n sistemas de viajes',	'0',	'4210',	'2017-10-13 19:43:19',	'2017-10-13 14:43:19'),
(421035,	'Aceptaciones bancarias',	'0',	'4210',	'2017-10-13 19:43:19',	'2017-10-13 14:43:19'),
(421040,	'Descuentos comerciales condicionados',	'0',	'4210',	'2017-10-13 19:43:19',	'2017-10-13 14:43:19'),
(421045,	'Descuentos bancarios',	'0',	'4210',	'2017-10-13 19:43:19',	'2017-10-13 14:43:19'),
(421050,	'Comisiones cheques de otras plazas',	'0',	'4210',	'2017-10-13 19:43:19',	'2017-10-13 14:43:19'),
(421055,	'Multas y recargos',	'0',	'4210',	'2017-10-13 19:43:19',	'2017-10-13 14:43:19'),
(421060,	'Sanciones cheques devueltos',	'0',	'4210',	'2017-10-13 19:43:19',	'2017-10-13 14:43:19'),
(421095,	'Otros',	'0',	'4210',	'2017-10-13 19:43:19',	'2017-10-13 14:43:19'),
(421099,	'Ajustes por inflaci',	'0',	'4210',	'2017-10-13 19:43:19',	'2017-10-13 14:43:19'),
(421505,	'De sociedades an?nimas y/o asimiladas',	'0',	'4215',	'2017-10-13 19:43:19',	'2017-10-13 14:43:19'),
(421510,	'De sociedades limitadas y/o asimiladas',	'0',	'4215',	'2017-10-13 19:43:19',	'2017-10-13 14:43:19'),
(421599,	'Ajustes por inflaci',	'0',	'4215',	'2017-10-13 19:43:19',	'2017-10-13 14:43:19'),
(421805,	'De sociedades an?nimas y/o asimiladas',	'0',	'4218',	'2017-10-13 19:43:19',	'2017-10-13 14:43:19'),
(421810,	'De sociedades limitadas y/o asimiladas',	'0',	'4218',	'2017-10-13 19:43:19',	'2017-10-13 14:43:19'),
(422005,	'Terrenos',	'0',	'4220',	'2017-10-13 19:43:19',	'2017-10-13 14:43:19'),
(422010,	'Construcciones y edificios',	'0',	'4220',	'2017-10-13 19:43:19',	'2017-10-13 14:43:19'),
(422015,	'Maquinaria y equipo',	'0',	'4220',	'2017-10-13 19:43:19',	'2017-10-13 14:43:19'),
(422020,	'Equipo de oficina',	'0',	'4220',	'2017-10-13 19:43:19',	'2017-10-13 14:43:19'),
(422025,	'Equipo de computaci?n y comunicaci',	'0',	'4220',	'2017-10-13 19:43:19',	'2017-10-13 14:43:19'),
(422030,	'Equipo m?dico-cient?fico',	'0',	'4220',	'2017-10-13 19:43:19',	'2017-10-13 14:43:19'),
(422035,	'Equipo de hoteles y restaurantes',	'0',	'4220',	'2017-10-13 19:43:19',	'2017-10-13 14:43:19'),
(422040,	'Flota y equipo de transporte',	'0',	'4220',	'2017-10-13 19:43:19',	'2017-10-13 14:43:19'),
(422045,	'Flota y equipo fluvial y/o mar?timo',	'0',	'4220',	'2017-10-13 19:43:19',	'2017-10-13 14:43:19'),
(422050,	'Flota y equipo a?reo',	'0',	'4220',	'2017-10-13 19:43:19',	'2017-10-13 14:43:19'),
(422055,	'Flota y equipo f?rreo',	'0',	'4220',	'2017-10-13 19:43:19',	'2017-10-13 14:43:19'),
(422060,	'Acueductos, plantas y redes',	'0',	'4220',	'2017-10-13 19:43:19',	'2017-10-13 14:43:19'),
(422062,	'Envases y empaques',	'0',	'4220',	'2017-10-13 19:43:19',	'2017-10-13 14:43:19'),
(422065,	'Plantaciones agr?colas y forestales',	'0',	'4220',	'2017-10-13 19:43:19',	'2017-10-13 14:43:19'),
(422070,	'Aer?dromos',	'0',	'4220',	'2017-10-13 19:43:19',	'2017-10-13 14:43:19'),
(422075,	'Semovientes',	'0',	'4220',	'2017-10-13 19:43:19',	'2017-10-13 14:43:19'),
(422099,	'Ajustes por inflaci',	'0',	'4220',	'2017-10-13 19:43:19',	'2017-10-13 14:43:19'),
(422505,	'Sobre inversiones',	'0',	'4225',	'2017-10-13 19:43:19',	'2017-10-13 14:43:19'),
(422510,	'De concesionarios',	'0',	'4225',	'2017-10-13 19:43:19',	'2017-10-13 14:43:19'),
(422515,	'De actividades financieras',	'0',	'4225',	'2017-10-13 19:43:19',	'2017-10-13 14:43:19'),
(422520,	'Por venta de servicios de taller',	'0',	'4225',	'2017-10-13 19:43:19',	'2017-10-13 14:43:19'),
(422525,	'Por venta de seguros',	'0',	'4225',	'2017-10-13 19:43:19',	'2017-10-13 14:43:19'),
(422530,	'Por ingresos para terceros',	'0',	'4225',	'2017-10-13 19:43:19',	'2017-10-13 14:43:19'),
(422535,	'Por distribuci?n de pel?culas',	'0',	'4225',	'2017-10-13 19:43:19',	'2017-10-13 14:43:19'),
(422540,	'Derechos de autor',	'0',	'4225',	'2017-10-13 19:43:19',	'2017-10-13 14:43:19'),
(422545,	'Derechos de programaci',	'0',	'4225',	'2017-10-13 19:43:19',	'2017-10-13 14:43:19'),
(422599,	'Ajustes por inflaci',	'0',	'4225',	'2017-10-13 19:43:19',	'2017-10-13 14:43:19'),
(423005,	'Asesor?as',	'0',	'4230',	'2017-10-13 19:43:19',	'2017-10-13 14:43:19'),
(423010,	'Asistencia t?cnica',	'0',	'4230',	'2017-10-13 19:43:19',	'2017-10-13 14:43:19'),
(423015,	'Administraci?n de vinculadas',	'0',	'4230',	'2017-10-13 19:43:19',	'2017-10-13 14:43:19'),
(423099,	'Ajustes por inflaci',	'0',	'4230',	'2017-10-13 19:43:19',	'2017-10-13 14:43:19'),
(423505,	'De b?scula',	'0',	'4235',	'2017-10-13 19:43:19',	'2017-10-13 14:43:19'),
(423510,	'De transporte',	'0',	'4235',	'2017-10-13 19:43:19',	'2017-10-13 14:43:19'),
(423515,	'De prensa',	'0',	'4235',	'2017-10-13 19:43:19',	'2017-10-13 14:43:19'),
(423520,	'Administrativos',	'0',	'4235',	'2017-10-13 19:43:19',	'2017-10-13 14:43:19'),
(423525,	'T?cnicos',	'0',	'4235',	'2017-10-13 19:43:19',	'2017-10-13 14:43:19'),
(423530,	'De computaci',	'0',	'4235',	'2017-10-13 19:43:19',	'2017-10-13 14:43:19'),
(423535,	'De telefax',	'0',	'4235',	'2017-10-13 19:43:19',	'2017-10-13 14:43:19'),
(423540,	'Taller de veh?culos',	'0',	'4235',	'2017-10-13 19:43:19',	'2017-10-13 14:43:19'),
(423545,	'De recepci?n de aeronaves',	'0',	'4235',	'2017-10-13 19:43:19',	'2017-10-13 14:43:19'),
(423550,	'De transporte programa gas natural',	'0',	'4235',	'2017-10-13 19:43:19',	'2017-10-13 14:43:19'),
(423555,	'Por contratos',	'0',	'4235',	'2017-10-13 19:43:19',	'2017-10-13 14:43:19'),
(423560,	'De trilla',	'0',	'4235',	'2017-10-13 19:43:19',	'2017-10-13 14:43:19'),
(423565,	'De mantenimiento',	'0',	'4235',	'2017-10-13 19:43:19',	'2017-10-13 14:43:19'),
(423570,	'Al personal',	'0',	'4235',	'2017-10-13 19:43:19',	'2017-10-13 14:43:19'),
(423575,	'De casino',	'0',	'4235',	'2017-10-13 19:43:19',	'2017-10-13 14:43:19'),
(423580,	'Fletes',	'0',	'4235',	'2017-10-13 19:43:19',	'2017-10-13 14:43:19'),
(423585,	'Entre compa??as',	'0',	'4235',	'2017-10-13 19:43:19',	'2017-10-13 14:43:19'),
(423595,	'Otros',	'0',	'4235',	'2017-10-13 19:43:19',	'2017-10-13 14:43:19'),
(423599,	'Ajustes por inflaci',	'0',	'4235',	'2017-10-13 19:43:19',	'2017-10-13 14:43:19'),
(424005,	'Acciones',	'0',	'4240',	'2017-10-13 19:43:19',	'2017-10-13 14:43:19'),
(424010,	'Cuotas o partes de inter?s social',	'0',	'4240',	'2017-10-13 19:43:19',	'2017-10-13 14:43:19'),
(424015,	'Bonos',	'0',	'4240',	'2017-10-13 19:43:19',	'2017-10-13 14:43:19'),
(424020,	'C?dulas',	'0',	'4240',	'2017-10-13 19:43:19',	'2017-10-13 14:43:19'),
(424025,	'Certificados',	'0',	'4240',	'2017-10-13 19:43:19',	'2017-10-13 14:43:19'),
(424030,	'Papeles comerciales',	'0',	'4240',	'2017-10-13 19:43:19',	'2017-10-13 14:43:19'),
(424035,	'T?tulos',	'0',	'4240',	'2017-10-13 19:43:19',	'2017-10-13 14:43:19'),
(424045,	'Derechos fiduciarios',	'0',	'4240',	'2017-10-13 19:43:19',	'2017-10-13 14:43:19'),
(424050,	'Obligatorias',	'0',	'4240',	'2017-10-13 19:43:19',	'2017-10-13 14:43:19'),
(424095,	'Otras',	'0',	'4240',	'2017-10-13 19:43:19',	'2017-10-13 14:43:19'),
(424099,	'Ajustes por inflaci',	'0',	'4240',	'2017-10-13 19:43:19',	'2017-10-13 14:43:19'),
(424504,	'Terrenos',	'0',	'4245',	'2017-10-13 19:43:19',	'2017-10-13 14:43:19'),
(424506,	'Materiales industria petrolera',	'0',	'4245',	'2017-10-13 19:43:19',	'2017-10-13 14:43:19'),
(424508,	'Construcciones en curso',	'0',	'4245',	'2017-10-13 19:43:19',	'2017-10-13 14:43:19'),
(424512,	'Maquinaria en montaje',	'0',	'4245',	'2017-10-13 19:43:19',	'2017-10-13 14:43:19'),
(424516,	'Construcciones y edificaciones',	'0',	'4245',	'2017-10-13 19:43:19',	'2017-10-13 14:43:19'),
(424520,	'Maquinaria y equipo',	'0',	'4245',	'2017-10-13 19:43:19',	'2017-10-13 14:43:19'),
(424524,	'Equipo de oficina',	'0',	'4245',	'2017-10-13 19:43:19',	'2017-10-13 14:43:19'),
(424528,	'Equipo de computaci?n y comunicaci',	'0',	'4245',	'2017-10-13 19:43:19',	'2017-10-13 14:43:19'),
(424532,	'Equipo m?dico-cient?fico',	'0',	'4245',	'2017-10-13 19:43:19',	'2017-10-13 14:43:19'),
(424536,	'Equipo de hoteles y restaurantes',	'0',	'4245',	'2017-10-13 19:43:19',	'2017-10-13 14:43:19'),
(424540,	'Flota y equipo de transporte',	'0',	'4245',	'2017-10-13 19:43:19',	'2017-10-13 14:43:19'),
(424544,	'Flota y equipo fluvial y/o mar?timo',	'0',	'4245',	'2017-10-13 19:43:19',	'2017-10-13 14:43:19'),
(424548,	'Flota y equipo a?reo',	'0',	'4245',	'2017-10-13 19:43:19',	'2017-10-13 14:43:19'),
(424552,	'Flota y equipo f?rreo',	'0',	'4245',	'2017-10-13 19:43:19',	'2017-10-13 14:43:19'),
(424556,	'Acueductos, plantas y redes',	'0',	'4245',	'2017-10-13 19:43:19',	'2017-10-13 14:43:19'),
(424560,	'Armamento de vigilancia',	'0',	'4245',	'2017-10-13 19:43:19',	'2017-10-13 14:43:19'),
(424562,	'Envases y empaques',	'0',	'4245',	'2017-10-13 19:43:19',	'2017-10-13 14:43:19'),
(424564,	'Plantaciones agr?colas y forestales',	'0',	'4245',	'2017-10-13 19:43:19',	'2017-10-13 14:43:19'),
(424568,	'V?as de comunicaci',	'0',	'4245',	'2017-10-13 19:43:19',	'2017-10-13 14:43:19'),
(424572,	'Minas y Canteras',	'0',	'4245',	'2017-10-13 19:43:19',	'2017-10-13 14:43:19'),
(424580,	'Pozos artesianos',	'0',	'4245',	'2017-10-13 19:43:19',	'2017-10-13 14:43:19'),
(424584,	'Yacimientos',	'0',	'4245',	'2017-10-13 19:43:19',	'2017-10-13 14:43:19'),
(424588,	'Semovientes',	'0',	'4245',	'2017-10-13 19:43:19',	'2017-10-13 14:43:19'),
(424599,	'Ajustes por inflaci',	'0',	'4245',	'2017-10-13 19:43:19',	'2017-10-13 14:43:19'),
(424805,	'Intangibles',	'0',	'4248',	'2017-10-13 19:43:19',	'2017-10-13 14:43:19'),
(424810,	'Otros activos',	'0',	'4248',	'2017-10-13 19:43:19',	'2017-10-13 14:43:19'),
(424899,	'Ajustes por inflaci',	'0',	'4248',	'2017-10-13 19:43:19',	'2017-10-13 14:43:19'),
(425005,	'Deudas malas',	'0',	'4250',	'2017-10-13 19:43:19',	'2017-10-13 14:43:19'),
(425010,	'Seguros',	'0',	'4250',	'2017-10-13 19:43:19',	'2017-10-13 14:43:19'),
(425015,	'Reclamos',	'0',	'4250',	'2017-10-13 19:43:19',	'2017-10-13 14:43:19'),
(425020,	'Reintegro por personal en comisi',	'0',	'4250',	'2017-10-13 19:43:19',	'2017-10-13 14:43:19'),
(425025,	'Reintegro garant?as',	'0',	'4250',	'2017-10-13 19:43:19',	'2017-10-13 14:43:19'),
(425030,	'Descuentos concedidos',	'0',	'4250',	'2017-10-13 19:43:19',	'2017-10-13 14:43:19'),
(425035,	'De provisiones',	'0',	'4250',	'2017-10-13 19:43:19',	'2017-10-13 14:43:19'),
(425040,	'Gastos bancarios',	'0',	'4250',	'2017-10-13 19:43:19',	'2017-10-13 14:43:19'),
(425045,	'De depreciaci',	'0',	'4250',	'2017-10-13 19:43:19',	'2017-10-13 14:43:19'),
(425050,	'Reintegro de otros costos y gastos',	'0',	'4250',	'2017-10-13 19:43:19',	'2017-10-13 14:43:19'),
(425099,	'Ajustes por inflaci',	'0',	'4250',	'2017-10-13 19:43:19',	'2017-10-13 14:43:19'),
(425505,	'Por siniestro',	'0',	'4255',	'2017-10-13 19:43:19',	'2017-10-13 14:43:19'),
(425510,	'Por suministros',	'0',	'4255',	'2017-10-13 19:43:19',	'2017-10-13 14:43:19'),
(425515,	'Lucro cesante compa??as de seguros',	'0',	'4255',	'2017-10-13 19:43:19',	'2017-10-13 14:43:19'),
(425520,	'Da?o emergente compa??as de seguros',	'0',	'4255',	'2017-10-13 19:43:19',	'2017-10-13 14:43:19'),
(425525,	'Por p?rdida de mercanc',	'0',	'4255',	'2017-10-13 19:43:19',	'2017-10-13 14:43:19'),
(425530,	'Por incumplimiento de contratos',	'0',	'4255',	'2017-10-13 19:43:19',	'2017-10-13 14:43:19'),
(425535,	'De terceros',	'0',	'4255',	'2017-10-13 19:43:19',	'2017-10-13 14:43:19'),
(425540,	'Por incapacidades ISS',	'0',	'4255',	'2017-10-13 19:43:19',	'2017-10-13 14:43:19'),
(425595,	'Otras',	'0',	'4255',	'2017-10-13 19:43:19',	'2017-10-13 14:43:19'),
(425599,	'Ajustes por inflaci',	'0',	'4255',	'2017-10-13 19:43:19',	'2017-10-13 14:43:19'),
(426099,	'Ajustes por inflaci',	'0',	'4260',	'2017-10-13 19:43:19',	'2017-10-13 14:43:19'),
(426599,	'Ajustes por inflaci',	'0',	'4265',	'2017-10-13 19:43:19',	'2017-10-13 14:43:19'),
(427599,	'Ajustes por inflaci',	'0',	'4275',	'2017-10-13 19:43:19',	'2017-10-13 14:43:19'),
(429503,	'CERT',	'0',	'4295',	'2017-10-13 19:43:19',	'2017-10-13 14:43:19'),
(429505,	'Aprovechamientos',	'0',	'4295',	'2017-10-13 19:43:19',	'2017-10-13 14:43:19'),
(429507,	'Auxilios',	'0',	'4295',	'2017-10-13 19:43:19',	'2017-10-13 14:43:19'),
(429509,	'Subvenciones',	'0',	'4295',	'2017-10-13 19:43:19',	'2017-10-13 14:43:19'),
(429511,	'Ingresos por investigaci?n y desarrollo',	'0',	'4295',	'2017-10-13 19:43:19',	'2017-10-13 14:43:19'),
(429513,	'Por trabajos ejecutados',	'0',	'4295',	'2017-10-13 19:43:19',	'2017-10-13 14:43:19'),
(429515,	'Regal?as',	'0',	'4295',	'2017-10-13 19:43:19',	'2017-10-13 14:43:19'),
(429517,	'Derivados de las exportaciones',	'0',	'4295',	'2017-10-13 19:43:19',	'2017-10-13 14:43:19'),
(429519,	'Otros ingresos de explotaci',	'0',	'4295',	'2017-10-13 19:43:19',	'2017-10-13 14:43:19'),
(429521,	'De la actividad ganadera',	'0',	'4295',	'2017-10-13 19:43:19',	'2017-10-13 14:43:19'),
(429525,	'Derechos y licitaciones',	'0',	'4295',	'2017-10-13 19:43:19',	'2017-10-13 14:43:19'),
(429530,	'Ingresos por elementos perdidos',	'0',	'4295',	'2017-10-13 19:43:19',	'2017-10-13 14:43:19'),
(429533,	'Multas y recargos',	'0',	'4295',	'2017-10-13 19:43:19',	'2017-10-13 14:43:19'),
(429535,	'Preavisos descontados',	'0',	'4295',	'2017-10-13 19:43:19',	'2017-10-13 14:43:19'),
(429537,	'Reclamos',	'0',	'4295',	'2017-10-13 19:43:19',	'2017-10-13 14:43:19'),
(429540,	'Recobro de da',	'0',	'4295',	'2017-10-13 19:43:19',	'2017-10-13 14:43:19'),
(429543,	'Premios',	'0',	'4295',	'2017-10-13 19:43:19',	'2017-10-13 14:43:19'),
(429545,	'Bonificaciones',	'0',	'4295',	'2017-10-13 19:43:19',	'2017-10-13 14:43:19'),
(429547,	'Productos descontados',	'0',	'4295',	'2017-10-13 19:43:19',	'2017-10-13 14:43:19'),
(429549,	'Reconocimientos ISS',	'0',	'4295',	'2017-10-13 19:43:19',	'2017-10-13 14:43:19'),
(429551,	'Excedentes',	'0',	'4295',	'2017-10-13 19:43:19',	'2017-10-13 14:43:19'),
(429553,	'Sobrantes de caja',	'0',	'4295',	'2017-10-13 19:43:19',	'2017-10-13 14:43:19'),
(429555,	'Sobrantes en liquidaci?n fletes',	'0',	'4295',	'2017-10-13 19:43:19',	'2017-10-13 14:43:19'),
(429557,	'Subsidios estatales',	'0',	'4295',	'2017-10-13 19:43:19',	'2017-10-13 14:43:19'),
(429559,	'Capacitaci?n distribuidores',	'0',	'4295',	'2017-10-13 19:43:19',	'2017-10-13 14:43:19'),
(429561,	'De escrituraci',	'0',	'4295',	'2017-10-13 19:43:19',	'2017-10-13 14:43:19'),
(429563,	'Registro promesas de venta',	'0',	'4295',	'2017-10-13 19:43:19',	'2017-10-13 14:43:19'),
(429567,	'?tiles, papeler?a y fotocopias',	'0',	'4295',	'2017-10-13 19:43:19',	'2017-10-13 14:43:19'),
(429571,	'Resultados, matr?culas y traspasos',	'0',	'4295',	'2017-10-13 19:43:19',	'2017-10-13 14:43:19'),
(429573,	'Decoraciones',	'0',	'4295',	'2017-10-13 19:43:19',	'2017-10-13 14:43:19'),
(429575,	'Manejo de carga',	'0',	'4295',	'2017-10-13 19:43:19',	'2017-10-13 14:43:19'),
(429579,	'Historia cl?nica',	'0',	'4295',	'2017-10-13 19:43:19',	'2017-10-13 14:43:19'),
(429581,	'Ajuste al peso',	'0',	'4295',	'2017-10-13 19:43:19',	'2017-10-13 14:43:19'),
(429583,	'Llamadas telef?nicas',	'0',	'4295',	'2017-10-13 19:43:19',	'2017-10-13 14:43:19'),
(429595,	'Otros',	'0',	'4295',	'2017-10-13 19:43:19',	'2017-10-13 14:43:19'),
(429599,	'Ajustes por inflaci',	'0',	'4295',	'2017-10-13 19:43:19',	'2017-10-13 14:43:19'),
(470505,	'Inversiones (CR)',	'0',	'4705',	'2017-10-13 19:43:19',	'2017-10-13 14:43:19'),
(470510,	'Inventarios (CR)',	'0',	'4705',	'2017-10-13 19:43:19',	'2017-10-13 14:43:19'),
(470515,	'Propiedades, planta y equipo (CR)',	'0',	'4705',	'2017-10-13 19:43:19',	'2017-10-13 14:43:19'),
(470520,	'Intangibles (CR)',	'0',	'4705',	'2017-10-13 19:43:19',	'2017-10-13 14:43:19'),
(470525,	'Activos diferidos',	'0',	'4705',	'2017-10-13 19:43:19',	'2017-10-13 14:43:19'),
(470530,	'Otros activos (CR)',	'0',	'4705',	'2017-10-13 19:43:19',	'2017-10-13 14:43:19'),
(470535,	'Pasivos sujetos de ajuste',	'0',	'4705',	'2017-10-13 19:43:19',	'2017-10-13 14:43:19'),
(470540,	'Patrimonio',	'0',	'4705',	'2017-10-13 19:43:19',	'2017-10-13 14:43:19'),
(470545,	'Depreciaci?n acumulada (DB)',	'0',	'4705',	'2017-10-13 19:43:19',	'2017-10-13 14:43:19'),
(470550,	'Depreciaci?n diferida (CR)',	'0',	'4705',	'2017-10-13 19:43:19',	'2017-10-13 14:43:19'),
(470555,	'Agotamiento acumulado (DB)',	'0',	'4705',	'2017-10-13 19:43:19',	'2017-10-13 14:43:19'),
(470560,	'Amortizaci?n acumulada (DB)',	'0',	'4705',	'2017-10-13 19:43:19',	'2017-10-13 14:43:19'),
(470565,	'Ingresos operacionales (DB)',	'0',	'4705',	'2017-10-13 19:43:19',	'2017-10-13 14:43:19'),
(470568,	'Devoluciones en ventas (CR)',	'0',	'4705',	'2017-10-13 19:43:19',	'2017-10-13 14:43:19'),
(470570,	'Ingresos no operacionales (DB)',	'0',	'4705',	'2017-10-13 19:43:19',	'2017-10-13 14:43:19'),
(470575,	'Gastos operacionales de administraci?n (CR)',	'0',	'4705',	'2017-10-13 19:43:19',	'2017-10-13 14:43:19'),
(470580,	'Gastos operacionales de ventas (CR)',	'0',	'4705',	'2017-10-13 19:43:19',	'2017-10-13 14:43:19'),
(470585,	'Gastos no operacionales (CR)',	'0',	'4705',	'2017-10-13 19:43:19',	'2017-10-13 14:43:19'),
(470590,	'Compras (CR)',	'0',	'4705',	'2017-10-13 19:43:19',	'2017-10-13 14:43:19'),
(470591,	'Devoluciones en compras (DB)',	'0',	'4705',	'2017-10-13 19:43:19',	'2017-10-13 14:43:19'),
(470592,	'Costo de ventas (CR)',	'0',	'4705',	'2017-10-13 19:43:19',	'2017-10-13 14:43:19'),
(470594,	'Costos de producci?n o de operaci?n (CR)',	'0',	'4705',	'2017-10-13 19:43:19',	'2017-10-13 14:43:19'),
(510503,	'Salario integral',	'0',	'5105',	'2017-10-13 19:43:19',	'2017-10-13 14:43:19'),
(510506,	'Sueldos',	'0',	'5105',	'2017-10-13 19:43:19',	'2017-10-13 14:43:19'),
(510512,	'Jornales',	'0',	'5105',	'2017-10-13 19:43:19',	'2017-10-13 14:43:19'),
(510515,	'Horas extras y recargos',	'0',	'5105',	'2017-10-13 19:43:19',	'2017-10-13 14:43:19'),
(510518,	'Comisiones',	'0',	'5105',	'2017-10-13 19:43:19',	'2017-10-13 14:43:19'),
(510521,	'Vi?ticos',	'0',	'5105',	'2017-10-13 19:43:19',	'2017-10-13 14:43:19'),
(510524,	'Incapacidades',	'0',	'5105',	'2017-10-13 19:43:19',	'2017-10-13 14:43:19'),
(510527,	'Auxilio de transporte',	'0',	'5105',	'2017-10-13 19:43:19',	'2017-10-13 14:43:19'),
(510530,	'Cesant?as',	'0',	'5105',	'2017-10-13 19:43:19',	'2017-10-13 14:43:19'),
(510533,	'Intereses sobre cesant?as',	'0',	'5105',	'2017-10-13 19:43:19',	'2017-10-13 14:43:19'),
(510536,	'Prima de servicios',	'0',	'5105',	'2017-10-13 19:43:19',	'2017-10-13 14:43:19'),
(510539,	'Vacaciones',	'0',	'5105',	'2017-10-13 19:43:19',	'2017-10-13 14:43:19'),
(510542,	'Primas extralegales',	'0',	'5105',	'2017-10-13 19:43:19',	'2017-10-13 14:43:19'),
(510545,	'Auxilios',	'0',	'5105',	'2017-10-13 19:43:19',	'2017-10-13 14:43:19'),
(510548,	'Bonificaciones',	'0',	'5105',	'2017-10-13 19:43:19',	'2017-10-13 14:43:19'),
(510551,	'Dotaci?n y suministro a trabajadores',	'0',	'5105',	'2017-10-13 19:43:19',	'2017-10-13 14:43:19'),
(510554,	'Seguros',	'0',	'5105',	'2017-10-13 19:43:19',	'2017-10-13 14:43:19'),
(510557,	'Cuotas partes pensiones de jubilaci',	'0',	'5105',	'2017-10-13 19:43:19',	'2017-10-13 14:43:19'),
(510558,	'Amortizaci?n c?lculo actuarial pensiones de j',	'0',	'5105',	'2017-10-13 19:43:19',	'2017-10-13 14:43:19'),
(510559,	'Pensiones de jubilaci',	'0',	'5105',	'2017-10-13 19:43:19',	'2017-10-13 14:43:19'),
(510560,	'Indemnizaciones laborales',	'0',	'5105',	'2017-10-13 19:43:19',	'2017-10-13 14:43:19'),
(510561,	'Amortizaci?n bonos pensionales',	'0',	'5105',	'2017-10-13 19:43:19',	'2017-10-13 14:43:19'),
(510562,	'Amortizaci?n t?tulos pensionales',	'0',	'5105',	'2017-10-13 19:43:19',	'2017-10-13 14:43:19'),
(510563,	'Capacitaci?n al personal',	'0',	'5105',	'2017-10-13 19:43:19',	'2017-10-13 14:43:19'),
(510566,	'Gastos deportivos y de recreaci',	'0',	'5105',	'2017-10-13 19:43:19',	'2017-10-13 14:43:19'),
(510568,	'Aportes a administradoras de riesgos profesio',	'0',	'5105',	'2017-10-13 19:43:19',	'2017-10-13 14:43:19'),
(510569,	'Aportes a entidades promotoras de salud, EPS',	'0',	'5105',	'2017-10-13 19:43:19',	'2017-10-13 14:43:19'),
(510570,	'Aportes a fondos de pensiones y/o cesant?as',	'0',	'5105',	'2017-10-13 19:43:19',	'2017-10-13 14:43:19'),
(510572,	'Aportes cajas de compensaci?n familiar',	'0',	'5105',	'2017-10-13 19:43:19',	'2017-10-13 14:43:19'),
(510575,	'Aportes ICBF',	'0',	'5105',	'2017-10-13 19:43:19',	'2017-10-13 14:43:19'),
(510578,	'SENA',	'0',	'5105',	'2017-10-13 19:43:19',	'2017-10-13 14:43:19'),
(510581,	'Aportes sindicales',	'0',	'5105',	'2017-10-13 19:43:19',	'2017-10-13 14:43:19'),
(510584,	'Gastos m?dicos y drogas',	'0',	'5105',	'2017-10-13 19:43:19',	'2017-10-13 14:43:19'),
(510595,	'Otros',	'0',	'5105',	'2017-10-13 19:43:19',	'2017-10-13 14:43:19'),
(510599,	'Ajustes por inflaci',	'0',	'5105',	'2017-10-13 19:43:19',	'2017-10-13 14:43:19'),
(511005,	'Junta directiva',	'0',	'5110',	'2017-10-13 19:43:19',	'2017-10-13 14:43:19'),
(511010,	'Revisor?a fiscal',	'0',	'5110',	'2017-10-13 19:43:19',	'2017-10-13 14:43:19'),
(511015,	'Auditor?a externa',	'0',	'5110',	'2017-10-13 19:43:19',	'2017-10-13 14:43:19'),
(511020,	'Aval?os',	'0',	'5110',	'2017-10-13 19:43:19',	'2017-10-13 14:43:19'),
(511025,	'Asesor?a jur?dica',	'0',	'5110',	'2017-10-13 19:43:19',	'2017-10-13 14:43:19'),
(511030,	'Asesor?a financiera',	'0',	'5110',	'2017-10-13 19:43:19',	'2017-10-13 14:43:19'),
(511035,	'Asesor?a t?cnica',	'0',	'5110',	'2017-10-13 19:43:19',	'2017-10-13 14:43:19'),
(511095,	'Otros',	'0',	'5110',	'2017-10-13 19:43:19',	'2017-10-13 14:43:19'),
(511099,	'Ajustes por inflaci',	'0',	'5110',	'2017-10-13 19:43:19',	'2017-10-13 14:43:19'),
(511505,	'Industria y comercio',	'0',	'5115',	'2017-10-13 19:43:19',	'2017-10-13 14:43:19'),
(511510,	'De timbres',	'0',	'5115',	'2017-10-13 19:43:19',	'2017-10-13 14:43:19'),
(511515,	'A la propiedad ra',	'0',	'5115',	'2017-10-13 19:43:19',	'2017-10-13 14:43:19'),
(511520,	'Derechos sobre instrumentos p?blicos',	'0',	'5115',	'2017-10-13 19:43:19',	'2017-10-13 14:43:19'),
(511525,	'De valorizaci',	'0',	'5115',	'2017-10-13 19:43:19',	'2017-10-13 14:43:19'),
(511530,	'De turismo',	'0',	'5115',	'2017-10-13 19:43:19',	'2017-10-13 14:43:19'),
(511535,	'Tasa por utilizaci?n de puertos',	'0',	'5115',	'2017-10-13 19:43:19',	'2017-10-13 14:43:19'),
(511540,	'De veh?culos',	'0',	'5115',	'2017-10-13 19:43:19',	'2017-10-13 14:43:19'),
(511545,	'De espect?culos p?blicos',	'0',	'5115',	'2017-10-13 19:43:19',	'2017-10-13 14:43:19'),
(511550,	'Cuotas de fomento',	'0',	'5115',	'2017-10-13 19:43:19',	'2017-10-13 14:43:19'),
(511570,	'IVA descontable',	'0',	'5115',	'2017-10-13 19:43:19',	'2017-10-13 14:43:19'),
(511595,	'Otros',	'0',	'5115',	'2017-10-13 19:43:19',	'2017-10-13 14:43:19'),
(511599,	'Ajustes por inflaci',	'0',	'5115',	'2017-10-13 19:43:19',	'2017-10-13 14:43:19'),
(512005,	'Terrenos',	'0',	'5120',	'2017-10-13 19:43:19',	'2017-10-13 14:43:19'),
(512010,	'Construcciones y edificaciones',	'0',	'5120',	'2017-10-13 19:43:19',	'2017-10-13 14:43:19'),
(512015,	'Maquinaria y equipo',	'0',	'5120',	'2017-10-13 19:43:19',	'2017-10-13 14:43:19'),
(512020,	'Equipo de oficina',	'0',	'5120',	'2017-10-13 19:43:19',	'2017-10-13 14:43:19'),
(512025,	'Equipo de computaci?n y comunicaci',	'0',	'5120',	'2017-10-13 19:43:19',	'2017-10-13 14:43:19'),
(512030,	'Equipo m?dico-cient?fico',	'0',	'5120',	'2017-10-13 19:43:19',	'2017-10-13 14:43:19'),
(512035,	'Equipo de hoteles y restaurantes',	'0',	'5120',	'2017-10-13 19:43:19',	'2017-10-13 14:43:19'),
(512040,	'Flota y equipo de transporte',	'0',	'5120',	'2017-10-13 19:43:19',	'2017-10-13 14:43:19'),
(512045,	'Flota y equipo fluvial y/o mar?timo',	'0',	'5120',	'2017-10-13 19:43:19',	'2017-10-13 14:43:19'),
(512050,	'Flota y equipo a?reo',	'0',	'5120',	'2017-10-13 19:43:19',	'2017-10-13 14:43:19'),
(512055,	'Flota y equipo f?rreo',	'0',	'5120',	'2017-10-13 19:43:19',	'2017-10-13 14:43:19'),
(512060,	'Acueductos, plantas y redes',	'0',	'5120',	'2017-10-13 19:43:19',	'2017-10-13 14:43:19'),
(512065,	'Aer?dromos',	'0',	'5120',	'2017-10-13 19:43:19',	'2017-10-13 14:43:19'),
(512070,	'Semovientes',	'0',	'5120',	'2017-10-13 19:43:19',	'2017-10-13 14:43:19'),
(512095,	'Otros',	'0',	'5120',	'2017-10-13 19:43:19',	'2017-10-13 14:43:19'),
(512099,	'Ajustes por inflaci',	'0',	'5120',	'2017-10-13 19:43:19',	'2017-10-13 14:43:19'),
(512505,	'Contribuciones',	'0',	'5125',	'2017-10-13 19:43:19',	'2017-10-13 14:43:19'),
(512510,	'Afiliaciones y sostenimiento',	'0',	'5125',	'2017-10-13 19:43:19',	'2017-10-13 14:43:19'),
(512599,	'Ajustes por inflaci',	'0',	'5125',	'2017-10-13 19:43:19',	'2017-10-13 14:43:19'),
(513005,	'Manejo',	'0',	'5130',	'2017-10-13 19:43:19',	'2017-10-13 14:43:19'),
(513010,	'Cumplimiento',	'0',	'5130',	'2017-10-13 19:43:19',	'2017-10-13 14:43:19'),
(513015,	'Corriente d?bil',	'0',	'5130',	'2017-10-13 19:43:19',	'2017-10-13 14:43:19'),
(513020,	'Vida colectiva',	'0',	'5130',	'2017-10-13 19:43:19',	'2017-10-13 14:43:19'),
(513025,	'Incendio',	'0',	'5130',	'2017-10-13 19:43:19',	'2017-10-13 14:43:19'),
(513030,	'Terremoto',	'0',	'5130',	'2017-10-13 19:43:19',	'2017-10-13 14:43:19'),
(513035,	'Sustracci?n y hurto',	'0',	'5130',	'2017-10-13 19:43:19',	'2017-10-13 14:43:19'),
(513040,	'Flota y equipo de transporte',	'0',	'5130',	'2017-10-13 19:43:19',	'2017-10-13 14:43:19'),
(513045,	'Flota y equipo fluvial y/o mar?timo',	'0',	'5130',	'2017-10-13 19:43:19',	'2017-10-13 14:43:19'),
(513050,	'Flota y equipo a?reo',	'0',	'5130',	'2017-10-13 19:43:19',	'2017-10-13 14:43:19'),
(513055,	'Flota y equipo f?rreo',	'0',	'5130',	'2017-10-13 19:43:19',	'2017-10-13 14:43:19'),
(513060,	'Responsabilidad civil y extracontractual',	'0',	'5130',	'2017-10-13 19:43:19',	'2017-10-13 14:43:19'),
(513065,	'Vuelo',	'0',	'5130',	'2017-10-13 19:43:19',	'2017-10-13 14:43:19'),
(513070,	'Rotura de maquinaria',	'0',	'5130',	'2017-10-13 19:43:19',	'2017-10-13 14:43:19'),
(513075,	'Obligatorio accidente de tr?nsito',	'0',	'5130',	'2017-10-13 19:43:19',	'2017-10-13 14:43:19'),
(513080,	'Lucro cesante',	'0',	'5130',	'2017-10-13 19:43:19',	'2017-10-13 14:43:19'),
(513085,	'Transporte de mercanc',	'0',	'5130',	'2017-10-13 19:43:19',	'2017-10-13 14:43:19'),
(513095,	'Otros',	'0',	'5130',	'2017-10-13 19:43:19',	'2017-10-13 14:43:19'),
(513099,	'Ajustes por inflaci',	'0',	'5130',	'2017-10-13 19:43:19',	'2017-10-13 14:43:19'),
(513505,	'Aseo y vigilancia',	'0',	'5135',	'2017-10-13 19:43:19',	'2017-10-13 14:43:19'),
(513510,	'Temporales',	'0',	'5135',	'2017-10-13 19:43:19',	'2017-10-13 14:43:19'),
(513515,	'Asistencia t?cnica',	'0',	'5135',	'2017-10-13 19:43:19',	'2017-10-13 14:43:19'),
(513520,	'Procesamiento electr?nico de datos',	'0',	'5135',	'2017-10-13 19:43:19',	'2017-10-13 14:43:19'),
(513525,	'Acueducto y alcantarillado',	'0',	'5135',	'2017-10-13 19:43:19',	'2017-10-13 14:43:19'),
(513530,	'Energ?a el?ctrica',	'0',	'5135',	'2017-10-13 19:43:19',	'2017-10-13 14:43:19'),
(513535,	'Tel?fono',	'0',	'5135',	'2017-10-13 19:43:19',	'2017-10-13 14:43:19'),
(513540,	'Correo, portes y telegramas',	'0',	'5135',	'2017-10-13 19:43:19',	'2017-10-13 14:43:19'),
(513545,	'Fax y t?lex',	'0',	'5135',	'2017-10-13 19:43:19',	'2017-10-13 14:43:19'),
(513550,	'Transporte, fletes y acarreos',	'0',	'5135',	'2017-10-13 19:43:19',	'2017-10-13 14:43:19'),
(513555,	'Gas',	'0',	'5135',	'2017-10-13 19:43:19',	'2017-10-13 14:43:19'),
(513595,	'Otros',	'0',	'5135',	'2017-10-13 19:43:19',	'2017-10-13 14:43:19'),
(513599,	'Ajustes por inflaci',	'0',	'5135',	'2017-10-13 19:43:19',	'2017-10-13 14:43:19'),
(514005,	'Notariales',	'0',	'5140',	'2017-10-13 19:43:19',	'2017-10-13 14:43:19'),
(514010,	'Registro mercantil',	'0',	'5140',	'2017-10-13 19:43:19',	'2017-10-13 14:43:19'),
(514015,	'Tr?mites y licencias',	'0',	'5140',	'2017-10-13 19:43:19',	'2017-10-13 14:43:19'),
(514020,	'Aduaneros',	'0',	'5140',	'2017-10-13 19:43:19',	'2017-10-13 14:43:19'),
(514025,	'Consulares',	'0',	'5140',	'2017-10-13 19:43:19',	'2017-10-13 14:43:19'),
(514095,	'Otros',	'0',	'5140',	'2017-10-13 19:43:19',	'2017-10-13 14:43:19'),
(514099,	'Ajustes por inflaci',	'0',	'5140',	'2017-10-13 19:43:19',	'2017-10-13 14:43:19'),
(514505,	'Terrenos',	'0',	'5145',	'2017-10-13 19:43:19',	'2017-10-13 14:43:19'),
(514510,	'Construcciones y edificaciones',	'0',	'5145',	'2017-10-13 19:43:19',	'2017-10-13 14:43:19'),
(514515,	'Maquinaria y equipo',	'0',	'5145',	'2017-10-13 19:43:19',	'2017-10-13 14:43:19'),
(514520,	'Equipo de oficina',	'0',	'5145',	'2017-10-13 19:43:19',	'2017-10-13 14:43:19'),
(514525,	'Equipo de computaci?n y comunicaci',	'0',	'5145',	'2017-10-13 19:43:19',	'2017-10-13 14:43:19'),
(514530,	'Equipo m?dico-cient?fico',	'0',	'5145',	'2017-10-13 19:43:19',	'2017-10-13 14:43:19'),
(514535,	'Equipo de hoteles y restaurantes',	'0',	'5145',	'2017-10-13 19:43:19',	'2017-10-13 14:43:19'),
(514540,	'Flota y equipo de transporte',	'0',	'5145',	'2017-10-13 19:43:19',	'2017-10-13 14:43:19'),
(514545,	'Flota y equipo fluvial y/o mar?timo',	'0',	'5145',	'2017-10-13 19:43:19',	'2017-10-13 14:43:19'),
(514550,	'Flota y equipo a?reo',	'0',	'5145',	'2017-10-13 19:43:19',	'2017-10-13 14:43:19'),
(514555,	'Flota y equipo f?rreo',	'0',	'5145',	'2017-10-13 19:43:19',	'2017-10-13 14:43:19'),
(514560,	'Acueductos, plantas y redes',	'0',	'5145',	'2017-10-13 19:43:19',	'2017-10-13 14:43:19'),
(514565,	'Armamento de vigilancia',	'0',	'5145',	'2017-10-13 19:43:19',	'2017-10-13 14:43:19'),
(514570,	'V?as de comunicaci',	'0',	'5145',	'2017-10-13 19:43:19',	'2017-10-13 14:43:19'),
(514599,	'Ajustes por inflaci',	'0',	'5145',	'2017-10-13 19:43:19',	'2017-10-13 14:43:19'),
(515005,	'Instalaciones el?ctricas',	'0',	'5150',	'2017-10-13 19:43:19',	'2017-10-13 14:43:19'),
(515010,	'Arreglos ornamentales',	'0',	'5150',	'2017-10-13 19:43:19',	'2017-10-13 14:43:19'),
(515015,	'Reparaciones locativas',	'0',	'5150',	'2017-10-13 19:43:19',	'2017-10-13 14:43:19'),
(515095,	'Otros',	'0',	'5150',	'2017-10-13 19:43:19',	'2017-10-13 14:43:19'),
(515099,	'Ajustes por inflaci',	'0',	'5150',	'2017-10-13 19:43:19',	'2017-10-13 14:43:19'),
(515505,	'Alojamiento y manutenci',	'0',	'5155',	'2017-10-13 19:43:19',	'2017-10-13 14:43:19'),
(515510,	'Pasajes fluviales y/o mar?timos',	'0',	'5155',	'2017-10-13 19:43:19',	'2017-10-13 14:43:19'),
(515515,	'Pasajes a?reos',	'0',	'5155',	'2017-10-13 19:43:19',	'2017-10-13 14:43:19'),
(515520,	'Pasajes terrestres',	'0',	'5155',	'2017-10-13 19:43:19',	'2017-10-13 14:43:19'),
(515525,	'Pasajes f?rreos',	'0',	'5155',	'2017-10-13 19:43:19',	'2017-10-13 14:43:19'),
(515595,	'Otros',	'0',	'5155',	'2017-10-13 19:43:19',	'2017-10-13 14:43:19'),
(515599,	'Ajustes por inflaci',	'0',	'5155',	'2017-10-13 19:43:19',	'2017-10-13 14:43:19'),
(516005,	'Construcciones y edificaciones',	'0',	'5160',	'2017-10-13 19:43:19',	'2017-10-13 14:43:19'),
(516010,	'Maquinaria y equipo',	'0',	'5160',	'2017-10-13 19:43:19',	'2017-10-13 14:43:19'),
(516015,	'Equipo de oficina',	'0',	'5160',	'2017-10-13 19:43:19',	'2017-10-13 14:43:19'),
(516020,	'Equipo de computaci?n y comunicaci',	'0',	'5160',	'2017-10-13 19:43:19',	'2017-10-13 14:43:19'),
(516025,	'Equipo m?dico-cient?fico',	'0',	'5160',	'2017-10-13 19:43:19',	'2017-10-13 14:43:19'),
(516030,	'Equipo de hoteles y restaurantes',	'0',	'5160',	'2017-10-13 19:43:19',	'2017-10-13 14:43:19'),
(516035,	'Flota y equipo de transporte',	'0',	'5160',	'2017-10-13 19:43:19',	'2017-10-13 14:43:19'),
(516040,	'Flota y equipo fluvial y/o mar?timo',	'0',	'5160',	'2017-10-13 19:43:19',	'2017-10-13 14:43:19'),
(516045,	'Flota y equipo a?reo',	'0',	'5160',	'2017-10-13 19:43:19',	'2017-10-13 14:43:19'),
(516050,	'Flota y equipo f?rreo',	'0',	'5160',	'2017-10-13 19:43:19',	'2017-10-13 14:43:19'),
(516055,	'Acueductos, plantas y redes',	'0',	'5160',	'2017-10-13 19:43:19',	'2017-10-13 14:43:19'),
(516060,	'Armamento de vigilancia',	'0',	'5160',	'2017-10-13 19:43:19',	'2017-10-13 14:43:19'),
(516099,	'Ajustes por inflaci',	'0',	'5160',	'2017-10-13 19:43:19',	'2017-10-13 14:43:19'),
(516505,	'V?as de comunicaci',	'0',	'5165',	'2017-10-13 19:43:19',	'2017-10-13 14:43:19'),
(516510,	'Intangibles',	'0',	'5165',	'2017-10-13 19:43:19',	'2017-10-13 14:43:19'),
(516515,	'Cargos diferidos',	'0',	'5165',	'2017-10-13 19:43:19',	'2017-10-13 14:43:19'),
(516595,	'Otras',	'0',	'5165',	'2017-10-13 19:43:19',	'2017-10-13 14:43:19'),
(516599,	'Ajustes por inflaci',	'0',	'5165',	'2017-10-13 19:43:19',	'2017-10-13 14:43:19'),
(519505,	'Comisiones',	'0',	'5195',	'2017-10-13 19:43:19',	'2017-10-13 14:43:19'),
(519510,	'Libros, suscripciones, peri?dicos y revistas',	'0',	'5195',	'2017-10-13 19:43:19',	'2017-10-13 14:43:19'),
(519515,	'M?sica ambiental',	'0',	'5195',	'2017-10-13 19:43:19',	'2017-10-13 14:43:19'),
(519520,	'Gastos de representaci?n y relaciones p?blica',	'0',	'5195',	'2017-10-13 19:43:19',	'2017-10-13 14:43:19'),
(519525,	'Elementos de aseo y cafeter',	'0',	'5195',	'2017-10-13 19:43:19',	'2017-10-13 14:43:19'),
(519530,	'?tiles, papeler?a y fotocopias',	'0',	'5195',	'2017-10-13 19:43:19',	'2017-10-13 14:43:19'),
(519535,	'Combustibles y lubricantes',	'0',	'5195',	'2017-10-13 19:43:19',	'2017-10-13 14:43:19'),
(519540,	'Envases y empaques',	'0',	'5195',	'2017-10-13 19:43:19',	'2017-10-13 14:43:19'),
(519545,	'Taxis y buses',	'0',	'5195',	'2017-10-13 19:43:19',	'2017-10-13 14:43:19'),
(519550,	'Estampillas',	'0',	'5195',	'2017-10-13 19:43:19',	'2017-10-13 14:43:19'),
(519555,	'Microfilmaci',	'0',	'5195',	'2017-10-13 19:43:19',	'2017-10-13 14:43:19'),
(519560,	'Casino y restaurante',	'0',	'5195',	'2017-10-13 19:43:19',	'2017-10-13 14:43:19'),
(519565,	'Parqueaderos',	'0',	'5195',	'2017-10-13 19:43:19',	'2017-10-13 14:43:19'),
(519570,	'Indemnizaci?n por da?os a terceros',	'0',	'5195',	'2017-10-13 19:43:19',	'2017-10-13 14:43:19'),
(519575,	'P?lvora y similares',	'0',	'5195',	'2017-10-13 19:43:19',	'2017-10-13 14:43:19'),
(519595,	'Otros',	'0',	'5195',	'2017-10-13 19:43:19',	'2017-10-13 14:43:19'),
(519599,	'Ajustes por inflaci',	'0',	'5195',	'2017-10-13 19:43:19',	'2017-10-13 14:43:19'),
(519905,	'Inversiones',	'0',	'5199',	'2017-10-13 19:43:19',	'2017-10-13 14:43:19'),
(519910,	'Deudores',	'0',	'5199',	'2017-10-13 19:43:19',	'2017-10-13 14:43:19'),
(519915,	'Propiedades, planta y equipo',	'0',	'5199',	'2017-10-13 19:43:19',	'2017-10-13 14:43:19'),
(519995,	'Otros activos',	'0',	'5199',	'2017-10-13 19:43:19',	'2017-10-13 14:43:19'),
(519999,	'Ajustes por inflaci',	'0',	'5199',	'2017-10-13 19:43:19',	'2017-10-13 14:43:19'),
(520503,	'Salario integral',	'0',	'5205',	'2017-10-13 19:43:19',	'2017-10-13 14:43:19'),
(520506,	'Sueldos',	'0',	'5205',	'2017-10-13 19:43:19',	'2017-10-13 14:43:19'),
(520512,	'Jornales',	'0',	'5205',	'2017-10-13 19:43:19',	'2017-10-13 14:43:19'),
(520515,	'Horas extras y recargos',	'0',	'5205',	'2017-10-13 19:43:19',	'2017-10-13 14:43:19'),
(520518,	'Comisiones',	'0',	'5205',	'2017-10-13 19:43:19',	'2017-10-13 14:43:19'),
(520521,	'Vi?ticos',	'0',	'5205',	'2017-10-13 19:43:19',	'2017-10-13 14:43:19'),
(520524,	'Incapacidades',	'0',	'5205',	'2017-10-13 19:43:19',	'2017-10-13 14:43:19'),
(520527,	'Auxilio de transporte',	'0',	'5205',	'2017-10-13 19:43:19',	'2017-10-13 14:43:19'),
(520530,	'Cesant?as',	'0',	'5205',	'2017-10-13 19:43:19',	'2017-10-13 14:43:19'),
(520533,	'Intereses sobre cesant?as',	'0',	'5205',	'2017-10-13 19:43:19',	'2017-10-13 14:43:19'),
(520536,	'Prima de servicios',	'0',	'5205',	'2017-10-13 19:43:19',	'2017-10-13 14:43:19'),
(520539,	'Vacaciones',	'0',	'5205',	'2017-10-13 19:43:19',	'2017-10-13 14:43:19'),
(520542,	'Primas extralegales',	'0',	'5205',	'2017-10-13 19:43:19',	'2017-10-13 14:43:19'),
(520545,	'Auxilios',	'0',	'5205',	'2017-10-13 19:43:19',	'2017-10-13 14:43:19'),
(520548,	'Bonificaciones',	'0',	'5205',	'2017-10-13 19:43:19',	'2017-10-13 14:43:19'),
(520551,	'Dotaci?n y suministro a trabajadores',	'0',	'5205',	'2017-10-13 19:43:19',	'2017-10-13 14:43:19'),
(520554,	'Seguros',	'0',	'5205',	'2017-10-13 19:43:19',	'2017-10-13 14:43:19'),
(520557,	'Cuotas partes pensiones de jubilaci',	'0',	'5205',	'2017-10-13 19:43:19',	'2017-10-13 14:43:19'),
(520558,	'Amortizaci?n c?lculo actuarial pensiones de j',	'0',	'5205',	'2017-10-13 19:43:19',	'2017-10-13 14:43:19'),
(520559,	'Pensiones de jubilaci',	'0',	'5205',	'2017-10-13 19:43:19',	'2017-10-13 14:43:19'),
(520560,	'Indemnizaciones laborales',	'0',	'5205',	'2017-10-13 19:43:19',	'2017-10-13 14:43:19'),
(520561,	'Amortizaci?n bonos pensionales',	'0',	'5205',	'2017-10-13 19:43:19',	'2017-10-13 14:43:19'),
(520562,	'Amortizaci?n t?tulos pensionales',	'0',	'5205',	'2017-10-13 19:43:19',	'2017-10-13 14:43:19'),
(520563,	'Capacitaci?n al personal',	'0',	'5205',	'2017-10-13 19:43:19',	'2017-10-13 14:43:19'),
(520566,	'Gastos deportivos y de recreaci',	'0',	'5205',	'2017-10-13 19:43:19',	'2017-10-13 14:43:19'),
(520568,	'Aportes a administradoras de riesgos profesio',	'0',	'5205',	'2017-10-13 19:43:19',	'2017-10-13 14:43:19'),
(520569,	'Aportes a entidades promotoras de salud, EPS',	'0',	'5205',	'2017-10-13 19:43:19',	'2017-10-13 14:43:19'),
(520570,	'Aportes a fondos de pensiones y/o cesant?as',	'0',	'5205',	'2017-10-13 19:43:19',	'2017-10-13 14:43:19'),
(520572,	'Aportes cajas de compensaci?n familiar',	'0',	'5205',	'2017-10-13 19:43:19',	'2017-10-13 14:43:19'),
(520575,	'Aportes ICBF',	'0',	'5205',	'2017-10-13 19:43:19',	'2017-10-13 14:43:19'),
(520578,	'SENA',	'0',	'5205',	'2017-10-13 19:43:19',	'2017-10-13 14:43:19'),
(520581,	'Aportes sindicales',	'0',	'5205',	'2017-10-13 19:43:19',	'2017-10-13 14:43:19'),
(520584,	'Gastos m?dicos y drogas',	'0',	'5205',	'2017-10-13 19:43:19',	'2017-10-13 14:43:19'),
(520595,	'Otros',	'0',	'5205',	'2017-10-13 19:43:19',	'2017-10-13 14:43:19'),
(520599,	'Ajustes por inflaci',	'0',	'5205',	'2017-10-13 19:43:19',	'2017-10-13 14:43:19'),
(521005,	'Junta directiva',	'0',	'5210',	'2017-10-13 19:43:19',	'2017-10-13 14:43:19'),
(521010,	'Revisor?a fiscal',	'0',	'5210',	'2017-10-13 19:43:19',	'2017-10-13 14:43:19'),
(521015,	'Auditor?a externa',	'0',	'5210',	'2017-10-13 19:43:19',	'2017-10-13 14:43:19'),
(521020,	'Aval?os',	'0',	'5210',	'2017-10-13 19:43:19',	'2017-10-13 14:43:19'),
(521025,	'Asesor?a jur?dica',	'0',	'5210',	'2017-10-13 19:43:19',	'2017-10-13 14:43:19'),
(521030,	'Asesor?a financiera',	'0',	'5210',	'2017-10-13 19:43:19',	'2017-10-13 14:43:19'),
(521035,	'Asesor?a t?cnica',	'0',	'5210',	'2017-10-13 19:43:19',	'2017-10-13 14:43:19'),
(521095,	'Otros',	'0',	'5210',	'2017-10-13 19:43:19',	'2017-10-13 14:43:19'),
(521099,	'Ajustes por inflaci',	'0',	'5210',	'2017-10-13 19:43:19',	'2017-10-13 14:43:19'),
(521505,	'Industria y comercio',	'0',	'5215',	'2017-10-13 19:43:19',	'2017-10-13 14:43:19'),
(521510,	'De timbres',	'0',	'5215',	'2017-10-13 19:43:19',	'2017-10-13 14:43:19'),
(521515,	'A la propiedad ra',	'0',	'5215',	'2017-10-13 19:43:19',	'2017-10-13 14:43:19'),
(521520,	'Derechos sobre instrumentos p?blicos',	'0',	'5215',	'2017-10-13 19:43:19',	'2017-10-13 14:43:19'),
(521525,	'De valorizaci',	'0',	'5215',	'2017-10-13 19:43:19',	'2017-10-13 14:43:19'),
(521530,	'De turismo',	'0',	'5215',	'2017-10-13 19:43:19',	'2017-10-13 14:43:19'),
(521535,	'Tasa por utilizaci?n de puertos',	'0',	'5215',	'2017-10-13 19:43:19',	'2017-10-13 14:43:19'),
(521540,	'De veh?culos',	'0',	'5215',	'2017-10-13 19:43:19',	'2017-10-13 14:43:19'),
(521545,	'De espect?culos p?blicos',	'0',	'5215',	'2017-10-13 19:43:19',	'2017-10-13 14:43:19'),
(521550,	'Cuotas de fomento',	'0',	'5215',	'2017-10-13 19:43:19',	'2017-10-13 14:43:19'),
(521555,	'Licores',	'0',	'5215',	'2017-10-13 19:43:19',	'2017-10-13 14:43:19'),
(521560,	'Cervezas',	'0',	'5215',	'2017-10-13 19:43:19',	'2017-10-13 14:43:19'),
(521565,	'Cigarrillos',	'0',	'5215',	'2017-10-13 19:43:19',	'2017-10-13 14:43:19'),
(521570,	'IVA descontable',	'0',	'5215',	'2017-10-13 19:43:19',	'2017-10-13 14:43:19'),
(521595,	'Otros',	'0',	'5215',	'2017-10-13 19:43:19',	'2017-10-13 14:43:19'),
(521599,	'Ajustes por inflaci',	'0',	'5215',	'2017-10-13 19:43:19',	'2017-10-13 14:43:19'),
(522005,	'Terrenos',	'0',	'5220',	'2017-10-13 19:43:19',	'2017-10-13 14:43:19'),
(522010,	'Construcciones y edificaciones',	'0',	'5220',	'2017-10-13 19:43:19',	'2017-10-13 14:43:19'),
(522015,	'Maquinaria y equipo',	'0',	'5220',	'2017-10-13 19:43:19',	'2017-10-13 14:43:19'),
(522020,	'Equipo de oficina',	'0',	'5220',	'2017-10-13 19:43:19',	'2017-10-13 14:43:19'),
(522025,	'Equipo de computaci?n y comunicaci',	'0',	'5220',	'2017-10-13 19:43:19',	'2017-10-13 14:43:19'),
(522030,	'Equipo m?dico-cient?fico',	'0',	'5220',	'2017-10-13 19:43:19',	'2017-10-13 14:43:19'),
(522035,	'Equipo de hoteles y restaurantes',	'0',	'5220',	'2017-10-13 19:43:19',	'2017-10-13 14:43:19'),
(522040,	'Flota y equipo de transporte',	'0',	'5220',	'2017-10-13 19:43:19',	'2017-10-13 14:43:19'),
(522045,	'Flota y equipo fluvial y/o mar?timo',	'0',	'5220',	'2017-10-13 19:43:19',	'2017-10-13 14:43:19'),
(522050,	'Flota y equipo a?reo',	'0',	'5220',	'2017-10-13 19:43:19',	'2017-10-13 14:43:19'),
(522055,	'Flota y equipo f?rreo',	'0',	'5220',	'2017-10-13 19:43:19',	'2017-10-13 14:43:19'),
(522060,	'Acueductos, plantas y redes',	'0',	'5220',	'2017-10-13 19:43:19',	'2017-10-13 14:43:19'),
(522065,	'Aer?dromos',	'0',	'5220',	'2017-10-13 19:43:19',	'2017-10-13 14:43:19'),
(522070,	'Semovientes',	'0',	'5220',	'2017-10-13 19:43:19',	'2017-10-13 14:43:19'),
(522095,	'Otros',	'0',	'5220',	'2017-10-13 19:43:19',	'2017-10-13 14:43:19'),
(522099,	'Ajustes por inflaci',	'0',	'5220',	'2017-10-13 19:43:19',	'2017-10-13 14:43:19'),
(522505,	'Contribuciones',	'0',	'5225',	'2017-10-13 19:43:19',	'2017-10-13 14:43:19'),
(522510,	'Afiliaciones y sostenimiento',	'0',	'5225',	'2017-10-13 19:43:19',	'2017-10-13 14:43:19'),
(522599,	'Ajustes por inflaci',	'0',	'5225',	'2017-10-13 19:43:19',	'2017-10-13 14:43:19'),
(523005,	'Manejo',	'0',	'5230',	'2017-10-13 19:43:19',	'2017-10-13 14:43:19'),
(523010,	'Cumplimiento',	'0',	'5230',	'2017-10-13 19:43:19',	'2017-10-13 14:43:19'),
(523015,	'Corriente d?bil',	'0',	'5230',	'2017-10-13 19:43:19',	'2017-10-13 14:43:19'),
(523020,	'Vida colectiva',	'0',	'5230',	'2017-10-13 19:43:19',	'2017-10-13 14:43:19'),
(523025,	'Incendio',	'0',	'5230',	'2017-10-13 19:43:19',	'2017-10-13 14:43:19'),
(523030,	'Terremoto',	'0',	'5230',	'2017-10-13 19:43:19',	'2017-10-13 14:43:19'),
(523035,	'Sustracci?n y hurto',	'0',	'5230',	'2017-10-13 19:43:19',	'2017-10-13 14:43:19'),
(523040,	'Flota y equipo de transporte',	'0',	'5230',	'2017-10-13 19:43:19',	'2017-10-13 14:43:19'),
(523045,	'Flota y equipo fluvial y/o mar?timo',	'0',	'5230',	'2017-10-13 19:43:19',	'2017-10-13 14:43:19'),
(523050,	'Flota y equipo a?reo',	'0',	'5230',	'2017-10-13 19:43:19',	'2017-10-13 14:43:19'),
(523055,	'Flota y equipo f?rreo',	'0',	'5230',	'2017-10-13 19:43:19',	'2017-10-13 14:43:19'),
(523060,	'Responsabilidad civil y extracontractual',	'0',	'5230',	'2017-10-13 19:43:19',	'2017-10-13 14:43:19'),
(523065,	'Vuelo',	'0',	'5230',	'2017-10-13 19:43:19',	'2017-10-13 14:43:19'),
(523070,	'Rotura de maquinaria',	'0',	'5230',	'2017-10-13 19:43:19',	'2017-10-13 14:43:19'),
(523075,	'Obligatorio accidente de tr?nsito',	'0',	'5230',	'2017-10-13 19:43:19',	'2017-10-13 14:43:19'),
(523080,	'Lucro cesante',	'0',	'5230',	'2017-10-13 19:43:19',	'2017-10-13 14:43:19'),
(523095,	'Otros',	'0',	'5230',	'2017-10-13 19:43:19',	'2017-10-13 14:43:19'),
(523099,	'Ajustes por inflaci',	'0',	'5230',	'2017-10-13 19:43:19',	'2017-10-13 14:43:19'),
(523505,	'Aseo y vigilancia',	'0',	'5235',	'2017-10-13 19:43:19',	'2017-10-13 14:43:19'),
(523510,	'Temporales',	'0',	'5235',	'2017-10-13 19:43:19',	'2017-10-13 14:43:19'),
(523515,	'Asistencia t?cnica',	'0',	'5235',	'2017-10-13 19:43:19',	'2017-10-13 14:43:19'),
(523520,	'Procesamiento electr?nico de datos',	'0',	'5235',	'2017-10-13 19:43:19',	'2017-10-13 14:43:19'),
(523525,	'Acueducto y alcantarillado',	'0',	'5235',	'2017-10-13 19:43:19',	'2017-10-13 14:43:19'),
(523530,	'Energ?a el?ctrica',	'0',	'5235',	'2017-10-13 19:43:19',	'2017-10-13 14:43:19'),
(523535,	'Tel?fono',	'0',	'5235',	'2017-10-13 19:43:19',	'2017-10-13 14:43:19'),
(523540,	'Correo, portes y telegramas',	'0',	'5235',	'2017-10-13 19:43:19',	'2017-10-13 14:43:19'),
(523545,	'Fax y t?lex',	'0',	'5235',	'2017-10-13 19:43:19',	'2017-10-13 14:43:19'),
(523550,	'Transporte, fletes y acarreos',	'0',	'5235',	'2017-10-13 19:43:19',	'2017-10-13 14:43:19'),
(523555,	'Gas',	'0',	'5235',	'2017-10-13 19:43:19',	'2017-10-13 14:43:19'),
(523560,	'Publicidad, propaganda y promoci',	'0',	'5235',	'2017-10-13 19:43:19',	'2017-10-13 14:43:19'),
(523595,	'Otros',	'0',	'5235',	'2017-10-13 19:43:19',	'2017-10-13 14:43:19'),
(523599,	'Ajustes por inflaci',	'0',	'5235',	'2017-10-13 19:43:19',	'2017-10-13 14:43:19'),
(524005,	'Notariales',	'0',	'5240',	'2017-10-13 19:43:19',	'2017-10-13 14:43:19'),
(524010,	'Registro mercantil',	'0',	'5240',	'2017-10-13 19:43:19',	'2017-10-13 14:43:19'),
(524015,	'Tr?mites y licencias',	'0',	'5240',	'2017-10-13 19:43:19',	'2017-10-13 14:43:19'),
(524020,	'Aduaneros',	'0',	'5240',	'2017-10-13 19:43:19',	'2017-10-13 14:43:19'),
(524025,	'Consulares',	'0',	'5240',	'2017-10-13 19:43:19',	'2017-10-13 14:43:19'),
(524095,	'Otros',	'0',	'5240',	'2017-10-13 19:43:19',	'2017-10-13 14:43:19'),
(524099,	'Ajustes por inflaci',	'0',	'5240',	'2017-10-13 19:43:19',	'2017-10-13 14:43:19'),
(524505,	'Terrenos',	'0',	'5245',	'2017-10-13 19:43:19',	'2017-10-13 14:43:19'),
(524510,	'Construcciones y edificaciones',	'0',	'5245',	'2017-10-13 19:43:19',	'2017-10-13 14:43:19'),
(524515,	'Maquinaria y equipo',	'0',	'5245',	'2017-10-13 19:43:19',	'2017-10-13 14:43:19'),
(524520,	'Equipo de oficina',	'0',	'5245',	'2017-10-13 19:43:19',	'2017-10-13 14:43:19'),
(524525,	'Equipo de computaci?n y comunicaci',	'0',	'5245',	'2017-10-13 19:43:19',	'2017-10-13 14:43:19'),
(524530,	'Equipo m?dico-cient?fico',	'0',	'5245',	'2017-10-13 19:43:19',	'2017-10-13 14:43:19'),
(524535,	'Equipo de hoteles y restaurantes',	'0',	'5245',	'2017-10-13 19:43:19',	'2017-10-13 14:43:19'),
(524540,	'Flota y equipo de transporte',	'0',	'5245',	'2017-10-13 19:43:19',	'2017-10-13 14:43:19'),
(524545,	'Flota y equipo fluvial y/o mar?timo',	'0',	'5245',	'2017-10-13 19:43:19',	'2017-10-13 14:43:19'),
(524550,	'Flota y equipo a?reo',	'0',	'5245',	'2017-10-13 19:43:19',	'2017-10-13 14:43:19'),
(524555,	'Flota y equipo f?rreo',	'0',	'5245',	'2017-10-13 19:43:19',	'2017-10-13 14:43:19'),
(524560,	'Acueductos, plantas y redes',	'0',	'5245',	'2017-10-13 19:43:19',	'2017-10-13 14:43:19'),
(524565,	'Armamento de vigilancia',	'0',	'5245',	'2017-10-13 19:43:19',	'2017-10-13 14:43:19'),
(524570,	'V?as de comunicaci',	'0',	'5245',	'2017-10-13 19:43:19',	'2017-10-13 14:43:19'),
(524599,	'Ajustes por inflaci',	'0',	'5245',	'2017-10-13 19:43:19',	'2017-10-13 14:43:19'),
(525005,	'Instalaciones el?ctricas',	'0',	'5250',	'2017-10-13 19:43:19',	'2017-10-13 14:43:19'),
(525010,	'Arreglos ornamentales',	'0',	'5250',	'2017-10-13 19:43:19',	'2017-10-13 14:43:19'),
(525015,	'Reparaciones locativas',	'0',	'5250',	'2017-10-13 19:43:19',	'2017-10-13 14:43:19'),
(525095,	'Otros',	'0',	'5250',	'2017-10-13 19:43:19',	'2017-10-13 14:43:19'),
(525099,	'Ajustes por inflaci',	'0',	'5250',	'2017-10-13 19:43:19',	'2017-10-13 14:43:19'),
(525505,	'Alojamiento y manutenci',	'0',	'5255',	'2017-10-13 19:43:19',	'2017-10-13 14:43:19'),
(525510,	'Pasajes fluviales y/o mar?timos',	'0',	'5255',	'2017-10-13 19:43:19',	'2017-10-13 14:43:19'),
(525515,	'Pasajes a?reos',	'0',	'5255',	'2017-10-13 19:43:19',	'2017-10-13 14:43:19'),
(525520,	'Pasajes terrestres',	'0',	'5255',	'2017-10-13 19:43:19',	'2017-10-13 14:43:19'),
(525525,	'Pasajes f?rreos',	'0',	'5255',	'2017-10-13 19:43:19',	'2017-10-13 14:43:19'),
(525595,	'Otros',	'0',	'5255',	'2017-10-13 19:43:19',	'2017-10-13 14:43:19'),
(525599,	'Ajustes por inflaci',	'0',	'5255',	'2017-10-13 19:43:19',	'2017-10-13 14:43:19'),
(526005,	'Construcciones y edificaciones',	'0',	'5260',	'2017-10-13 19:43:19',	'2017-10-13 14:43:19'),
(526010,	'Maquinaria y equipo',	'0',	'5260',	'2017-10-13 19:43:19',	'2017-10-13 14:43:19'),
(526015,	'Equipo de oficina',	'0',	'5260',	'2017-10-13 19:43:19',	'2017-10-13 14:43:19'),
(526020,	'Equipo de computaci?n y comunicaci',	'0',	'5260',	'2017-10-13 19:43:19',	'2017-10-13 14:43:19'),
(526025,	'Equipo m?dico-cient?fico',	'0',	'5260',	'2017-10-13 19:43:19',	'2017-10-13 14:43:19'),
(526030,	'Equipo de hoteles y restaurantes',	'0',	'5260',	'2017-10-13 19:43:19',	'2017-10-13 14:43:19'),
(526035,	'Flota y equipo de transporte',	'0',	'5260',	'2017-10-13 19:43:19',	'2017-10-13 14:43:19'),
(526040,	'Flota y equipo fluvial y/o mar?timo',	'0',	'5260',	'2017-10-13 19:43:19',	'2017-10-13 14:43:19'),
(526045,	'Flota y equipo a?reo',	'0',	'5260',	'2017-10-13 19:43:19',	'2017-10-13 14:43:19'),
(526050,	'Flota y equipo f?rreo',	'0',	'5260',	'2017-10-13 19:43:19',	'2017-10-13 14:43:19'),
(526055,	'Acueductos, plantas y redes',	'0',	'5260',	'2017-10-13 19:43:19',	'2017-10-13 14:43:19'),
(526060,	'Armamento de vigilancia',	'0',	'5260',	'2017-10-13 19:43:19',	'2017-10-13 14:43:19'),
(526065,	'Envases y empaques',	'0',	'5260',	'2017-10-13 19:43:19',	'2017-10-13 14:43:19'),
(526099,	'Ajustes por inflaci',	'0',	'5260',	'2017-10-13 19:43:19',	'2017-10-13 14:43:19'),
(526505,	'V?as de comunicaci',	'0',	'5265',	'2017-10-13 19:43:19',	'2017-10-13 14:43:19'),
(526510,	'Intangibles',	'0',	'5265',	'2017-10-13 19:43:19',	'2017-10-13 14:43:19'),
(526515,	'Cargos diferidos',	'0',	'5265',	'2017-10-13 19:43:19',	'2017-10-13 14:43:19'),
(526595,	'Otras',	'0',	'5265',	'2017-10-13 19:43:19',	'2017-10-13 14:43:19'),
(526599,	'Ajustes por inflaci',	'0',	'5265',	'2017-10-13 19:43:19',	'2017-10-13 14:43:19'),
(527099,	'Ajustes por inflaci',	'0',	'5270',	'2017-10-13 19:43:19',	'2017-10-13 14:43:19'),
(527505,	'De sociedades an?nimas y/o asimiladas',	'0',	'5275',	'2017-10-13 19:43:19',	'2017-10-13 14:43:19'),
(527510,	'De sociedades limitadas y/o asimiladas',	'0',	'5275',	'2017-10-13 19:43:19',	'2017-10-13 14:43:19'),
(529505,	'Comisiones',	'0',	'5295',	'2017-10-13 19:43:19',	'2017-10-13 14:43:19'),
(529510,	'Libros, suscripciones, peri?dicos y revistas',	'0',	'5295',	'2017-10-13 19:43:19',	'2017-10-13 14:43:19'),
(529515,	'M?sica ambiental',	'0',	'5295',	'2017-10-13 19:43:19',	'2017-10-13 14:43:19'),
(529520,	'Gastos de representaci?n y relaciones p?blica',	'0',	'5295',	'2017-10-13 19:43:19',	'2017-10-13 14:43:19'),
(529525,	'Elementos de aseo y cafeter',	'0',	'5295',	'2017-10-13 19:43:19',	'2017-10-13 14:43:19'),
(529530,	'?tiles, papeler?a y fotocopias',	'0',	'5295',	'2017-10-13 19:43:19',	'2017-10-13 14:43:19'),
(529535,	'Combustibles y lubricantes',	'0',	'5295',	'2017-10-13 19:43:19',	'2017-10-13 14:43:19'),
(529540,	'Envases y empaques',	'0',	'5295',	'2017-10-13 19:43:19',	'2017-10-13 14:43:19'),
(529545,	'Taxis y buses',	'0',	'5295',	'2017-10-13 19:43:19',	'2017-10-13 14:43:19'),
(529550,	'Estampillas',	'0',	'5295',	'2017-10-13 19:43:19',	'2017-10-13 14:43:19'),
(529555,	'Microfilmaci',	'0',	'5295',	'2017-10-13 19:43:19',	'2017-10-13 14:43:19'),
(529560,	'Casino y restaurante',	'0',	'5295',	'2017-10-13 19:43:19',	'2017-10-13 14:43:19'),
(529565,	'Parqueaderos',	'0',	'5295',	'2017-10-13 19:43:19',	'2017-10-13 14:43:19'),
(529570,	'Indemnizaci?n por da?os a terceros',	'0',	'5295',	'2017-10-13 19:43:19',	'2017-10-13 14:43:19'),
(529575,	'P?lvora y similares',	'0',	'5295',	'2017-10-13 19:43:19',	'2017-10-13 14:43:19'),
(529595,	'Otros',	'0',	'5295',	'2017-10-13 19:43:19',	'2017-10-13 14:43:19'),
(529599,	'Ajustes por inflaci',	'0',	'5295',	'2017-10-13 19:43:19',	'2017-10-13 14:43:19'),
(529905,	'Inversiones',	'0',	'5299',	'2017-10-13 19:43:19',	'2017-10-13 14:43:19'),
(529910,	'Deudores',	'0',	'5299',	'2017-10-13 19:43:19',	'2017-10-13 14:43:19'),
(529915,	'Inventarios',	'0',	'5299',	'2017-10-13 19:43:19',	'2017-10-13 14:43:19'),
(529920,	'Propiedades, planta y equipo',	'0',	'5299',	'2017-10-13 19:43:19',	'2017-10-13 14:43:19'),
(529995,	'Otros activos',	'0',	'5299',	'2017-10-13 19:43:19',	'2017-10-13 14:43:19'),
(529999,	'Ajustes por inflaci',	'0',	'5299',	'2017-10-13 19:43:19',	'2017-10-13 14:43:19'),
(530505,	'Gastos bancarios',	'0',	'5305',	'2017-10-13 19:43:19',	'2017-10-13 14:43:19'),
(530510,	'Reajuste monetario-UPAC (hoy UVR)',	'0',	'5305',	'2017-10-13 19:43:19',	'2017-10-13 14:43:19'),
(530515,	'Comisiones',	'0',	'5305',	'2017-10-13 19:43:19',	'2017-10-13 14:43:19'),
(530520,	'Intereses',	'0',	'5305',	'2017-10-13 19:43:19',	'2017-10-13 14:43:19'),
(530525,	'Diferencia en cambio',	'0',	'5305',	'2017-10-13 19:43:19',	'2017-10-13 14:43:19'),
(530530,	'Gastos en negociaci?n certificados de cambio',	'0',	'5305',	'2017-10-13 19:43:19',	'2017-10-13 14:43:19'),
(530535,	'Descuentos comerciales condicionados',	'0',	'5305',	'2017-10-13 19:43:19',	'2017-10-13 14:43:19'),
(530540,	'Gastos manejo y emisi?n de bonos',	'0',	'5305',	'2017-10-13 19:43:19',	'2017-10-13 14:43:19'),
(530545,	'Prima amortizada',	'0',	'5305',	'2017-10-13 19:43:19',	'2017-10-13 14:43:19'),
(530595,	'Otros',	'0',	'5305',	'2017-10-13 19:43:19',	'2017-10-13 14:43:19'),
(530599,	'Ajustes por inflaci',	'0',	'5305',	'2017-10-13 19:43:19',	'2017-10-13 14:43:19'),
(531005,	'Venta de inversiones',	'0',	'5310',	'2017-10-13 19:43:19',	'2017-10-13 14:43:19'),
(531010,	'Venta de cartera',	'0',	'5310',	'2017-10-13 19:43:19',	'2017-10-13 14:43:19'),
(531015,	'Venta de propiedades, planta y equipo',	'0',	'5310',	'2017-10-13 19:43:19',	'2017-10-13 14:43:19'),
(531020,	'Venta de intangibles',	'0',	'5310',	'2017-10-13 19:43:19',	'2017-10-13 14:43:19'),
(531025,	'Venta de otros activos',	'0',	'5310',	'2017-10-13 19:43:19',	'2017-10-13 14:43:19'),
(531030,	'Retiro de propiedades, planta y equipo',	'0',	'5310',	'2017-10-13 19:43:19',	'2017-10-13 14:43:19'),
(531035,	'Retiro de otros activos',	'0',	'5310',	'2017-10-13 19:43:19',	'2017-10-13 14:43:19'),
(531040,	'P?rdidas por siniestros',	'0',	'5310',	'2017-10-13 19:43:19',	'2017-10-13 14:43:19'),
(531095,	'Otros',	'0',	'5310',	'2017-10-13 19:43:19',	'2017-10-13 14:43:19'),
(531099,	'Ajustes por inflaci',	'0',	'5310',	'2017-10-13 19:43:19',	'2017-10-13 14:43:19'),
(531305,	'De sociedades an?nimas y/o asimiladas',	'0',	'5313',	'2017-10-13 19:43:19',	'2017-10-13 14:43:19'),
(531310,	'De sociedades limitadas y/o asimiladas',	'0',	'5313',	'2017-10-13 19:43:19',	'2017-10-13 14:43:19'),
(531505,	'Costas y procesos judiciales',	'0',	'5315',	'2017-10-13 19:43:19',	'2017-10-13 14:43:19'),
(531510,	'Actividades culturales y c?vicas',	'0',	'5315',	'2017-10-13 19:43:19',	'2017-10-13 14:43:19'),
(531515,	'Costos y gastos de ejercicios anteriores',	'0',	'5315',	'2017-10-13 19:43:19',	'2017-10-13 14:43:19'),
(531520,	'Impuestos asumidos',	'0',	'5315',	'2017-10-13 19:43:19',	'2017-10-13 14:43:19'),
(531595,	'Otros',	'0',	'5315',	'2017-10-13 19:43:19',	'2017-10-13 14:43:19'),
(531599,	'Ajustes por inflaci',	'0',	'5315',	'2017-10-13 19:43:19',	'2017-10-13 14:43:19'),
(539505,	'Demandas laborales',	'0',	'5395',	'2017-10-13 19:43:19',	'2017-10-13 14:43:19'),
(539510,	'Demandas por incumplimiento de contratos',	'0',	'5395',	'2017-10-13 19:43:19',	'2017-10-13 14:43:19'),
(539515,	'Indemnizaciones',	'0',	'5395',	'2017-10-13 19:43:19',	'2017-10-13 14:43:19'),
(539520,	'Multas, sanciones y litigios',	'0',	'5395',	'2017-10-13 19:43:19',	'2017-10-13 14:43:19'),
(539525,	'Donaciones',	'0',	'5395',	'2017-10-13 19:43:19',	'2017-10-13 14:43:19'),
(539530,	'Constituci?n de garant?as',	'0',	'5395',	'2017-10-13 19:43:19',	'2017-10-13 14:43:19'),
(539535,	'Amortizaci?n de bienes entregados en comodato',	'0',	'5395',	'2017-10-13 19:43:19',	'2017-10-13 14:43:19'),
(539595,	'Otros',	'0',	'5395',	'2017-10-13 19:43:19',	'2017-10-13 14:43:19'),
(539599,	'Ajustes por inflaci',	'0',	'5395',	'2017-10-13 19:43:19',	'2017-10-13 14:43:19'),
(540505,	'Impuesto de renta y complementarios',	'0',	'5405',	'2017-10-13 19:43:19',	'2017-10-13 14:43:19'),
(590505,	'Ganancias y p?rdidas',	'0',	'5905',	'2017-10-13 19:43:19',	'2017-10-13 14:43:19'),
(610505,	'Cultivo de cereales',	'0',	'6105',	'2017-10-13 19:43:19',	'2017-10-13 14:43:19'),
(610510,	'Cultivos de hortalizas, legumbres y plantas o',	'0',	'6105',	'2017-10-13 19:43:19',	'2017-10-13 14:43:19'),
(610515,	'Cultivos de frutas, nueces y plantas arom?tic',	'0',	'6105',	'2017-10-13 19:43:19',	'2017-10-13 14:43:19'),
(610520,	'Cultivo de caf',	'0',	'6105',	'2017-10-13 19:43:19',	'2017-10-13 14:43:19'),
(610525,	'Cultivo de flores',	'0',	'6105',	'2017-10-13 19:43:19',	'2017-10-13 14:43:19'),
(610530,	'Cultivo de ca?a de az?car',	'0',	'6105',	'2017-10-13 19:43:19',	'2017-10-13 14:43:19'),
(610535,	'Cultivo de algod?n y plantas para material te',	'0',	'6105',	'2017-10-13 19:43:19',	'2017-10-13 14:43:19'),
(610540,	'Cultivo de banano',	'0',	'6105',	'2017-10-13 19:43:19',	'2017-10-13 14:43:19'),
(610545,	'Otros cultivos agr?colas',	'0',	'6105',	'2017-10-13 19:43:19',	'2017-10-13 14:43:19'),
(610550,	'Cr?a de ovejas, cabras, asnos, mulas y burd?g',	'0',	'6105',	'2017-10-13 19:43:19',	'2017-10-13 14:43:19'),
(610555,	'Cr?a de ganado caballar y vacuno',	'0',	'6105',	'2017-10-13 19:43:19',	'2017-10-13 14:43:19'),
(610560,	'Producci?n av?cola',	'0',	'6105',	'2017-10-13 19:43:19',	'2017-10-13 14:43:19'),
(610565,	'Cr?a de otros animales',	'0',	'6105',	'2017-10-13 19:43:19',	'2017-10-13 14:43:19'),
(610570,	'Servicios agr?colas y ganaderos',	'0',	'6105',	'2017-10-13 19:43:19',	'2017-10-13 14:43:19'),
(610575,	'Actividad de caza',	'0',	'6105',	'2017-10-13 19:43:19',	'2017-10-13 14:43:19'),
(610580,	'Actividad de silvicultura',	'0',	'6105',	'2017-10-13 19:43:19',	'2017-10-13 14:43:19'),
(610595,	'Actividades conexas',	'0',	'6105',	'2017-10-13 19:43:19',	'2017-10-13 14:43:19'),
(610599,	'Ajustes por inflaci',	'0',	'6105',	'2017-10-13 19:43:19',	'2017-10-13 14:43:19'),
(611005,	'Actividad de pesca',	'0',	'6110',	'2017-10-13 19:43:19',	'2017-10-13 14:43:19'),
(611010,	'Explotaci?n de criaderos de peces',	'0',	'6110',	'2017-10-13 19:43:19',	'2017-10-13 14:43:19'),
(611095,	'Actividades conexas',	'0',	'6110',	'2017-10-13 19:43:19',	'2017-10-13 14:43:19'),
(611099,	'Ajustes por inflaci',	'0',	'6110',	'2017-10-13 19:43:19',	'2017-10-13 14:43:19'),
(611505,	'Carb',	'0',	'6115',	'2017-10-13 19:43:19',	'2017-10-13 14:43:19'),
(611510,	'Petr?leo crudo',	'0',	'6115',	'2017-10-13 19:43:19',	'2017-10-13 14:43:19'),
(611512,	'Gas natural',	'0',	'6115',	'2017-10-13 19:43:19',	'2017-10-13 14:43:19'),
(611514,	'Servicios relacionados con extracci?n de petr',	'0',	'6115',	'2017-10-13 19:43:19',	'2017-10-13 14:43:19'),
(611515,	'Minerales de hierro',	'0',	'6115',	'2017-10-13 19:43:19',	'2017-10-13 14:43:19'),
(611520,	'Minerales metal?feros no ferrosos',	'0',	'6115',	'2017-10-13 19:43:19',	'2017-10-13 14:43:19'),
(611525,	'Piedra, arena y arcilla',	'0',	'6115',	'2017-10-13 19:43:19',	'2017-10-13 14:43:19'),
(611527,	'Piedras preciosas',	'0',	'6115',	'2017-10-13 19:43:19',	'2017-10-13 14:43:19'),
(611528,	'Oro',	'0',	'6115',	'2017-10-13 19:43:19',	'2017-10-13 14:43:19'),
(611530,	'Otras minas y canteras',	'0',	'6115',	'2017-10-13 19:43:19',	'2017-10-13 14:43:19'),
(611532,	'Prestaci?n de servicios sector minero',	'0',	'6115',	'2017-10-13 19:43:19',	'2017-10-13 14:43:19'),
(611595,	'Actividades conexas',	'0',	'6115',	'2017-10-13 19:43:19',	'2017-10-13 14:43:19'),
(611599,	'Ajustes por inflaci',	'0',	'6115',	'2017-10-13 19:43:19',	'2017-10-13 14:43:19'),
(612001,	'Producci?n y procesamiento de carnes y produc',	'0',	'6120',	'2017-10-13 19:43:19',	'2017-10-13 14:43:19'),
(612002,	'Productos de pescado',	'0',	'6120',	'2017-10-13 19:43:19',	'2017-10-13 14:43:19'),
(612003,	'Productos de frutas, legumbres y hortalizas',	'0',	'6120',	'2017-10-13 19:43:19',	'2017-10-13 14:43:19'),
(612004,	'Elaboraci?n de aceites y grasas',	'0',	'6120',	'2017-10-13 19:43:19',	'2017-10-13 14:43:19'),
(612005,	'Elaboraci?n de productos l?cteos',	'0',	'6120',	'2017-10-13 19:43:19',	'2017-10-13 14:43:19'),
(612006,	'Elaboraci?n de productos de moliner',	'0',	'6120',	'2017-10-13 19:43:19',	'2017-10-13 14:43:19'),
(612007,	'Elaboraci?n de almidones y derivados',	'0',	'6120',	'2017-10-13 19:43:19',	'2017-10-13 14:43:19'),
(612008,	'Elaboraci?n de alimentos para animales',	'0',	'6120',	'2017-10-13 19:43:19',	'2017-10-13 14:43:19'),
(612009,	'Elaboraci?n de productos para panader',	'0',	'6120',	'2017-10-13 19:43:19',	'2017-10-13 14:43:19'),
(612010,	'Elaboraci?n de az?car y melazas',	'0',	'6120',	'2017-10-13 19:43:19',	'2017-10-13 14:43:19'),
(612011,	'Elaboraci?n de cacao, chocolate y confiter',	'0',	'6120',	'2017-10-13 19:43:19',	'2017-10-13 14:43:19'),
(612012,	'Elaboraci?n de pastas y productos farin?ceos',	'0',	'6120',	'2017-10-13 19:43:19',	'2017-10-13 14:43:19'),
(612013,	'Elaboraci?n de productos de caf',	'0',	'6120',	'2017-10-13 19:43:19',	'2017-10-13 14:43:19'),
(612014,	'Elaboraci?n de otros productos alimenticios',	'0',	'6120',	'2017-10-13 19:43:19',	'2017-10-13 14:43:19'),
(612015,	'Elaboraci?n de bebidas alcoh?licas y alcohol ',	'0',	'6120',	'2017-10-13 19:43:19',	'2017-10-13 14:43:19'),
(612016,	'Elaboraci?n de vinos',	'0',	'6120',	'2017-10-13 19:43:19',	'2017-10-13 14:43:19'),
(612017,	'Elaboraci?n de bebidas malteadas y de malta',	'0',	'6120',	'2017-10-13 19:43:19',	'2017-10-13 14:43:19'),
(612018,	'Elaboraci?n de bebidas no alcoh?licas',	'0',	'6120',	'2017-10-13 19:43:19',	'2017-10-13 14:43:19'),
(612019,	'Elaboraci?n de productos de tabaco',	'0',	'6120',	'2017-10-13 19:43:19',	'2017-10-13 14:43:19'),
(612020,	'Preparaci?n e hilatura de fibras textiles y t',	'0',	'6120',	'2017-10-13 19:43:19',	'2017-10-13 14:43:19'),
(612021,	'Acabado de productos textiles',	'0',	'6120',	'2017-10-13 19:43:19',	'2017-10-13 14:43:19'),
(612022,	'Elaboraci?n de art?culos de materiales textil',	'0',	'6120',	'2017-10-13 19:43:19',	'2017-10-13 14:43:19'),
(612023,	'Elaboraci?n de tapices y alfombras',	'0',	'6120',	'2017-10-13 19:43:19',	'2017-10-13 14:43:19'),
(612024,	'Elaboraci?n de cuerdas, cordeles, bramantes y',	'0',	'6120',	'2017-10-13 19:43:19',	'2017-10-13 14:43:19'),
(612025,	'Elaboraci?n de otros productos textiles',	'0',	'6120',	'2017-10-13 19:43:19',	'2017-10-13 14:43:19'),
(612026,	'Elaboraci?n de tejidos',	'0',	'6120',	'2017-10-13 19:43:19',	'2017-10-13 14:43:19'),
(612027,	'Elaboraci?n de prendas de vestir',	'0',	'6120',	'2017-10-13 19:43:19',	'2017-10-13 14:43:19'),
(612028,	'Preparaci?n, adobo y te?ido de pieles',	'0',	'6120',	'2017-10-13 19:43:19',	'2017-10-13 14:43:19'),
(612029,	'Curtido, adobo o preparaci?n de cuero',	'0',	'6120',	'2017-10-13 19:43:19',	'2017-10-13 14:43:19'),
(612030,	'Elaboraci?n de maletas, bolsos y similares',	'0',	'6120',	'2017-10-13 19:43:19',	'2017-10-13 14:43:19'),
(612031,	'Elaboraci?n de calzado',	'0',	'6120',	'2017-10-13 19:43:19',	'2017-10-13 14:43:19'),
(612032,	'Producci?n de madera, art?culos de madera y c',	'0',	'6120',	'2017-10-13 19:43:19',	'2017-10-13 14:43:19'),
(612033,	'Elaboraci?n de pasta y productos de madera, p',	'0',	'6120',	'2017-10-13 19:43:19',	'2017-10-13 14:43:19'),
(612034,	'Ediciones y publicaciones',	'0',	'6120',	'2017-10-13 19:43:19',	'2017-10-13 14:43:19'),
(612035,	'Impresi',	'0',	'6120',	'2017-10-13 19:43:19',	'2017-10-13 14:43:19'),
(612036,	'Servicios relacionados con la edici?n y la im',	'0',	'6120',	'2017-10-13 19:43:19',	'2017-10-13 14:43:19'),
(612037,	'Reproducci?n de grabaciones',	'0',	'6120',	'2017-10-13 19:43:19',	'2017-10-13 14:43:19'),
(612038,	'Elaboraci?n de productos de horno de coque',	'0',	'6120',	'2017-10-13 19:43:19',	'2017-10-13 14:43:19'),
(612039,	'Elaboraci?n de productos de la refinaci?n de ',	'0',	'6120',	'2017-10-13 19:43:19',	'2017-10-13 14:43:19'),
(612040,	'Elaboraci?n de sustancias qu?micas b?sicas',	'0',	'6120',	'2017-10-13 19:43:19',	'2017-10-13 14:43:19'),
(612041,	'Elaboraci?n de abonos y compuestos de nitr?ge',	'0',	'6120',	'2017-10-13 19:43:19',	'2017-10-13 14:43:19'),
(612042,	'Elaboraci?n de pl?stico y caucho sint?tico',	'0',	'6120',	'2017-10-13 19:43:19',	'2017-10-13 14:43:19'),
(612043,	'Elaboraci?n de productos qu?micos de uso agro',	'0',	'6120',	'2017-10-13 19:43:19',	'2017-10-13 14:43:19'),
(612044,	'Elaboraci?n de pinturas, tintas y masillas',	'0',	'6120',	'2017-10-13 19:43:19',	'2017-10-13 14:43:19'),
(612045,	'Elaboraci?n de productos farmac?uticos y bot?',	'0',	'6120',	'2017-10-13 19:43:19',	'2017-10-13 14:43:19'),
(612046,	'Elaboraci?n de jabones, detergentes y prepara',	'0',	'6120',	'2017-10-13 19:43:19',	'2017-10-13 14:43:19'),
(612047,	'Elaboraci?n de otros productos qu?micos',	'0',	'6120',	'2017-10-13 19:43:19',	'2017-10-13 14:43:19'),
(612048,	'Elaboraci?n de fibras',	'0',	'6120',	'2017-10-13 19:43:19',	'2017-10-13 14:43:19'),
(612049,	'Elaboraci?n de otros productos de caucho',	'0',	'6120',	'2017-10-13 19:43:19',	'2017-10-13 14:43:19'),
(612050,	'Elaboraci?n de productos de pl?stico',	'0',	'6120',	'2017-10-13 19:43:19',	'2017-10-13 14:43:19'),
(612051,	'Elaboraci?n de vidrio y productos de vidrio',	'0',	'6120',	'2017-10-13 19:43:19',	'2017-10-13 14:43:19'),
(612052,	'Elaboraci?n de productos de cer?mica, loza, p',	'0',	'6120',	'2017-10-13 19:43:19',	'2017-10-13 14:43:19'),
(612053,	'Elaboraci?n de cemento, cal y yeso',	'0',	'6120',	'2017-10-13 19:43:19',	'2017-10-13 14:43:19'),
(612054,	'Elaboraci?n de art?culos de hormig?n, cemento',	'0',	'6120',	'2017-10-13 19:43:19',	'2017-10-13 14:43:19'),
(612055,	'Corte, tallado y acabado de la piedra',	'0',	'6120',	'2017-10-13 19:43:19',	'2017-10-13 14:43:19'),
(612056,	'Elaboraci?n de otros productos minerales no m',	'0',	'6120',	'2017-10-13 19:43:19',	'2017-10-13 14:43:19'),
(612057,	'Industrias b?sicas y fundici?n de hierro y ac',	'0',	'6120',	'2017-10-13 19:43:19',	'2017-10-13 14:43:19'),
(612058,	'Productos primarios de metales preciosos y de',	'0',	'6120',	'2017-10-13 19:43:19',	'2017-10-13 14:43:19'),
(612059,	'Fundici?n de metales no ferrosos',	'0',	'6120',	'2017-10-13 19:43:19',	'2017-10-13 14:43:19'),
(612060,	'Fabricaci?n de productos met?licos para uso e',	'0',	'6120',	'2017-10-13 19:43:19',	'2017-10-13 14:43:19'),
(612061,	'Forja, prensado, estampado, laminado de metal',	'0',	'6120',	'2017-10-13 19:43:19',	'2017-10-13 14:43:19'),
(612062,	'Revestimiento de metales y obras de ingenier?',	'0',	'6120',	'2017-10-13 19:43:19',	'2017-10-13 14:43:19'),
(612063,	'Fabricaci?n de art?culos de ferreter',	'0',	'6120',	'2017-10-13 19:43:19',	'2017-10-13 14:43:19'),
(612064,	'Elaboraci?n de otros productos de metal',	'0',	'6120',	'2017-10-13 19:43:19',	'2017-10-13 14:43:19'),
(612065,	'Fabricaci?n de maquinaria y equipo',	'0',	'6120',	'2017-10-13 19:43:19',	'2017-10-13 14:43:19'),
(612066,	'Fabricaci?n de equipos de elevaci?n y manipul',	'0',	'6120',	'2017-10-13 19:43:19',	'2017-10-13 14:43:19'),
(612067,	'Elaboraci?n de aparatos de uso dom?stico',	'0',	'6120',	'2017-10-13 19:43:19',	'2017-10-13 14:43:19'),
(612068,	'Elaboraci?n de equipo de oficina',	'0',	'6120',	'2017-10-13 19:43:19',	'2017-10-13 14:43:19'),
(612069,	'Elaboraci?n de pilas y bater?as primarias',	'0',	'6120',	'2017-10-13 19:43:19',	'2017-10-13 14:43:19'),
(612070,	'Elaboraci?n de equipo de iluminaci',	'0',	'6120',	'2017-10-13 19:43:19',	'2017-10-13 14:43:19'),
(612071,	'Elaboraci?n de otros tipos de equipo el?ctric',	'0',	'6120',	'2017-10-13 19:43:19',	'2017-10-13 14:43:19'),
(612072,	'Fabricaci?n de equipos de radio, televisi?n y',	'0',	'6120',	'2017-10-13 19:43:19',	'2017-10-13 14:43:19'),
(612073,	'Fabricaci?n de aparatos e instrumentos m?dico',	'0',	'6120',	'2017-10-13 19:43:19',	'2017-10-13 14:43:19'),
(612074,	'Fabricaci?n de instrumentos de medici?n y con',	'0',	'6120',	'2017-10-13 19:43:19',	'2017-10-13 14:43:19'),
(612075,	'Fabricaci?n de instrumentos de ?ptica y equip',	'0',	'6120',	'2017-10-13 19:43:19',	'2017-10-13 14:43:19'),
(612076,	'Fabricaci?n de relojes',	'0',	'6120',	'2017-10-13 19:43:19',	'2017-10-13 14:43:19'),
(612077,	'Fabricaci?n de veh?culos automotores',	'0',	'6120',	'2017-10-13 19:43:19',	'2017-10-13 14:43:19'),
(612078,	'Fabricaci?n de carrocer?as para automotores',	'0',	'6120',	'2017-10-13 19:43:19',	'2017-10-13 14:43:19'),
(612079,	'Fabricaci?n de partes, piezas y accesorios pa',	'0',	'6120',	'2017-10-13 19:43:19',	'2017-10-13 14:43:19'),
(612080,	'Fabricaci?n y reparaci?n de buques y otras em',	'0',	'6120',	'2017-10-13 19:43:19',	'2017-10-13 14:43:19'),
(612081,	'Fabricaci?n de locomotoras y material rodante',	'0',	'6120',	'2017-10-13 19:43:19',	'2017-10-13 14:43:19'),
(612082,	'Fabricaci?n de aeronaves',	'0',	'6120',	'2017-10-13 19:43:19',	'2017-10-13 14:43:19'),
(612083,	'Fabricaci?n de motocicletas',	'0',	'6120',	'2017-10-13 19:43:19',	'2017-10-13 14:43:19'),
(612084,	'Fabricaci?n de bicicletas y sillas de ruedas',	'0',	'6120',	'2017-10-13 19:43:19',	'2017-10-13 14:43:19'),
(612085,	'Fabricaci?n de otros tipos de transporte',	'0',	'6120',	'2017-10-13 19:43:19',	'2017-10-13 14:43:19'),
(612086,	'Fabricaci?n de muebles',	'0',	'6120',	'2017-10-13 19:43:19',	'2017-10-13 14:43:19'),
(612087,	'Fabricaci?n de joyas y art?culos conexos',	'0',	'6120',	'2017-10-13 19:43:19',	'2017-10-13 14:43:19'),
(612088,	'Fabricaci?n de instrumentos de m?sica',	'0',	'6120',	'2017-10-13 19:43:19',	'2017-10-13 14:43:19'),
(612089,	'Fabricaci?n de art?culos y equipo para deport',	'0',	'6120',	'2017-10-13 19:43:19',	'2017-10-13 14:43:19'),
(612090,	'Fabricaci?n de juegos y juguetes',	'0',	'6120',	'2017-10-13 19:43:19',	'2017-10-13 14:43:19'),
(612091,	'Reciclamiento de desperdicios',	'0',	'6120',	'2017-10-13 19:43:19',	'2017-10-13 14:43:19'),
(612095,	'Productos de otras industrias manufactureras',	'0',	'6120',	'2017-10-13 19:43:19',	'2017-10-13 14:43:19'),
(612099,	'Ajustes por inflaci',	'0',	'6120',	'2017-10-13 19:43:19',	'2017-10-13 14:43:19'),
(612505,	'Generaci?n, captaci?n y distribuci?n de energ',	'0',	'6125',	'2017-10-13 19:43:19',	'2017-10-13 14:43:19'),
(612510,	'Fabricaci?n de gas y distribuci?n de combusti',	'0',	'6125',	'2017-10-13 19:43:19',	'2017-10-13 14:43:19'),
(612515,	'Captaci?n, depuraci?n y distribuci?n de agua',	'0',	'6125',	'2017-10-13 19:43:19',	'2017-10-13 14:43:19'),
(612595,	'Actividades conexas',	'0',	'6125',	'2017-10-13 19:43:19',	'2017-10-13 14:43:19'),
(612599,	'Ajustes por inflaci',	'0',	'6125',	'2017-10-13 19:43:19',	'2017-10-13 14:43:19'),
(613005,	'Preparaci?n de terrenos',	'0',	'6130',	'2017-10-13 19:43:19',	'2017-10-13 14:43:19'),
(613010,	'Construcci?n de edificios y obras de ingenier',	'0',	'6130',	'2017-10-13 19:43:19',	'2017-10-13 14:43:19'),
(613015,	'Acondicionamiento de edificios',	'0',	'6130',	'2017-10-13 19:43:19',	'2017-10-13 14:43:19'),
(613020,	'Terminaci?n de edificaciones',	'0',	'6130',	'2017-10-13 19:43:19',	'2017-10-13 14:43:19'),
(613025,	'Alquiler de equipo con operario',	'0',	'6130',	'2017-10-13 19:43:19',	'2017-10-13 14:43:19'),
(613095,	'Actividades conexas',	'0',	'6130',	'2017-10-13 19:43:19',	'2017-10-13 14:43:19'),
(613099,	'Ajustes por inflaci',	'0',	'6130',	'2017-10-13 19:43:19',	'2017-10-13 14:43:19'),
(613502,	'Venta de veh?culos automotores',	'0',	'6135',	'2017-10-13 19:43:19',	'2017-10-13 14:43:19'),
(613504,	'Mantenimiento, reparaci?n y lavado de veh?cul',	'0',	'6135',	'2017-10-13 19:43:19',	'2017-10-13 14:43:19'),
(613506,	'Venta de partes, piezas y accesorios de veh?c',	'0',	'6135',	'2017-10-13 19:43:19',	'2017-10-13 14:43:19'),
(613508,	'Venta de combustibles s?lidos, l?quidos, gase',	'0',	'6135',	'2017-10-13 19:43:19',	'2017-10-13 14:43:19'),
(613510,	'Venta de lubricantes, aditivos, llantas y luj',	'0',	'6135',	'2017-10-13 19:43:19',	'2017-10-13 14:43:19'),
(613512,	'Venta a cambio de retribuci?n o por contrata',	'0',	'6135',	'2017-10-13 19:43:19',	'2017-10-13 14:43:19'),
(613514,	'Venta de insumos, materias primas agropecuari',	'0',	'6135',	'2017-10-13 19:43:19',	'2017-10-13 14:43:19'),
(613516,	'Venta de otros insumos y materias primas no a',	'0',	'6135',	'2017-10-13 19:43:19',	'2017-10-13 14:43:19'),
(613518,	'Venta de animales vivos y cueros',	'0',	'6135',	'2017-10-13 19:43:19',	'2017-10-13 14:43:19'),
(613520,	'Venta de productos en almacenes no especializ',	'0',	'6135',	'2017-10-13 19:43:19',	'2017-10-13 14:43:19'),
(613522,	'Venta de productos agropecuarios',	'0',	'6135',	'2017-10-13 19:43:19',	'2017-10-13 14:43:19'),
(613524,	'Venta de productos textiles, de vestir, de cu',	'0',	'6135',	'2017-10-13 19:43:19',	'2017-10-13 14:43:19'),
(613526,	'Venta de papel y cart',	'0',	'6135',	'2017-10-13 19:43:19',	'2017-10-13 14:43:19'),
(613528,	'Venta de libros, revistas, elementos de papel',	'0',	'6135',	'2017-10-13 19:43:19',	'2017-10-13 14:43:19'),
(613530,	'Venta de juegos, juguetes y art?culos deporti',	'0',	'6135',	'2017-10-13 19:43:19',	'2017-10-13 14:43:19'),
(613532,	'Venta de instrumentos quir?rgicos y ortop?dic',	'0',	'6135',	'2017-10-13 19:43:19',	'2017-10-13 14:43:19'),
(613534,	'Venta de art?culos en relojer?as y joyer?as',	'0',	'6135',	'2017-10-13 19:43:19',	'2017-10-13 14:43:19'),
(613536,	'Venta de electrodom?sticos y muebles',	'0',	'6135',	'2017-10-13 19:43:19',	'2017-10-13 14:43:19'),
(613538,	'Venta de productos de aseo, farmac?uticos, me',	'0',	'6135',	'2017-10-13 19:43:19',	'2017-10-13 14:43:19'),
(613540,	'Venta de cubiertos, vajillas, cristaler?a, po',	'0',	'6135',	'2017-10-13 19:43:19',	'2017-10-13 14:43:19'),
(613542,	'Venta de materiales de construcci?n, fontaner',	'0',	'6135',	'2017-10-13 19:43:19',	'2017-10-13 14:43:19'),
(613544,	'Venta de pinturas y lacas',	'0',	'6135',	'2017-10-13 19:43:19',	'2017-10-13 14:43:19'),
(613546,	'Venta de productos de vidrios y marqueter',	'0',	'6135',	'2017-10-13 19:43:19',	'2017-10-13 14:43:19'),
(613548,	'Venta de herramientas y art?culos de ferreter',	'0',	'6135',	'2017-10-13 19:43:19',	'2017-10-13 14:43:19'),
(613550,	'Venta de qu?micos',	'0',	'6135',	'2017-10-13 19:43:19',	'2017-10-13 14:43:19'),
(613552,	'Venta de productos intermedios, desperdicios ',	'0',	'6135',	'2017-10-13 19:43:19',	'2017-10-13 14:43:19'),
(613554,	'Venta de maquinaria, equipo de oficina y prog',	'0',	'6135',	'2017-10-13 19:43:19',	'2017-10-13 14:43:19'),
(613556,	'Venta de art?culos en cacharrer?as y miscel?n',	'0',	'6135',	'2017-10-13 19:43:19',	'2017-10-13 14:43:19'),
(613558,	'Venta de instrumentos musicales',	'0',	'6135',	'2017-10-13 19:43:19',	'2017-10-13 14:43:19'),
(613560,	'Venta de art?culos en casas de empe?o y prend',	'0',	'6135',	'2017-10-13 19:43:19',	'2017-10-13 14:43:19'),
(613562,	'Venta de equipo fotogr?fico',	'0',	'6135',	'2017-10-13 19:43:19',	'2017-10-13 14:43:19'),
(613564,	'Venta de equipo ?ptico y de precisi',	'0',	'6135',	'2017-10-13 19:43:19',	'2017-10-13 14:43:19'),
(613566,	'Venta de empaques',	'0',	'6135',	'2017-10-13 19:43:19',	'2017-10-13 14:43:19'),
(613568,	'Venta de equipo profesional y cient?fico',	'0',	'6135',	'2017-10-13 19:43:19',	'2017-10-13 14:43:19'),
(613570,	'Venta de loter?as, rifas, chance, apuestas y ',	'0',	'6135',	'2017-10-13 19:43:19',	'2017-10-13 14:43:19'),
(613572,	'Reparaci?n de efectos personales y electrodom',	'0',	'6135',	'2017-10-13 19:43:19',	'2017-10-13 14:43:19'),
(613595,	'Venta de otros productos',	'0',	'6135',	'2017-10-13 19:43:19',	'2017-10-13 14:43:19'),
(613599,	'Ajustes por inflaci',	'0',	'6135',	'2017-10-13 19:43:19',	'2017-10-13 14:43:19'),
(614005,	'Hoteler',	'0',	'6140',	'2017-10-13 19:43:19',	'2017-10-13 14:43:19'),
(614010,	'Campamento y otros tipos de hospedaje',	'0',	'6140',	'2017-10-13 19:43:19',	'2017-10-13 14:43:19'),
(614015,	'Restaurantes',	'0',	'6140',	'2017-10-13 19:43:19',	'2017-10-13 14:43:19'),
(614020,	'Bares y cantinas',	'0',	'6140',	'2017-10-13 19:43:19',	'2017-10-13 14:43:19'),
(614095,	'Actividades conexas',	'0',	'6140',	'2017-10-13 19:43:19',	'2017-10-13 14:43:19'),
(614099,	'Ajustes por inflaci',	'0',	'6140',	'2017-10-13 19:43:19',	'2017-10-13 14:43:19'),
(614505,	'Servicio de transporte por carretera',	'0',	'6145',	'2017-10-13 19:43:19',	'2017-10-13 14:43:19'),
(614510,	'Servicio de transporte por v?a f?rrea',	'0',	'6145',	'2017-10-13 19:43:19',	'2017-10-13 14:43:19'),
(614515,	'Servicio de transporte por v?a acu?tica',	'0',	'6145',	'2017-10-13 19:43:19',	'2017-10-13 14:43:19'),
(614520,	'Servicio de transporte por v?a a?rea',	'0',	'6145',	'2017-10-13 19:43:19',	'2017-10-13 14:43:19'),
(614525,	'Servicio de transporte por tuber?as',	'0',	'6145',	'2017-10-13 19:43:19',	'2017-10-13 14:43:19'),
(614530,	'Manipulaci?n de carga',	'0',	'6145',	'2017-10-13 19:43:19',	'2017-10-13 14:43:19'),
(614535,	'Almacenamiento y dep?sito',	'0',	'6145',	'2017-10-13 19:43:19',	'2017-10-13 14:43:19'),
(614540,	'Servicios complementarios para el transporte',	'0',	'6145',	'2017-10-13 19:43:19',	'2017-10-13 14:43:19'),
(614545,	'Agencias de viaje',	'0',	'6145',	'2017-10-13 19:43:19',	'2017-10-13 14:43:19'),
(614550,	'Otras agencias de transporte',	'0',	'6145',	'2017-10-13 19:43:19',	'2017-10-13 14:43:19'),
(614555,	'Servicio postal y de correo',	'0',	'6145',	'2017-10-13 19:43:19',	'2017-10-13 14:43:19'),
(614560,	'Servicio telef?nico',	'0',	'6145',	'2017-10-13 19:43:19',	'2017-10-13 14:43:19'),
(614565,	'Servicio de tel?grafo',	'0',	'6145',	'2017-10-13 19:43:19',	'2017-10-13 14:43:19'),
(614570,	'Servicio de transmisi?n de datos',	'0',	'6145',	'2017-10-13 19:43:19',	'2017-10-13 14:43:19'),
(614575,	'Servicio de radio y televisi?n por cable',	'0',	'6145',	'2017-10-13 19:43:19',	'2017-10-13 14:43:19'),
(614580,	'Transmisi?n de sonido e im?genes por contrato',	'0',	'6145',	'2017-10-13 19:43:19',	'2017-10-13 14:43:19'),
(614595,	'Actividades conexas',	'0',	'6145',	'2017-10-13 19:43:19',	'2017-10-13 14:43:19'),
(614599,	'Ajustes por inflaci',	'0',	'6145',	'2017-10-13 19:43:19',	'2017-10-13 14:43:19'),
(615005,	'De inversiones',	'0',	'6150',	'2017-10-13 19:43:19',	'2017-10-13 14:43:19'),
(615010,	'De servicio de bolsa',	'0',	'6150',	'2017-10-13 19:43:19',	'2017-10-13 14:43:19'),
(615099,	'Ajustes por inflaci',	'0',	'6150',	'2017-10-13 19:43:19',	'2017-10-13 14:43:19'),
(615505,	'Arrendamientos de bienes inmuebles',	'0',	'6155',	'2017-10-13 19:43:19',	'2017-10-13 14:43:19'),
(615510,	'Inmobiliarias por retribuci?n o contrata',	'0',	'6155',	'2017-10-13 19:43:19',	'2017-10-13 14:43:19'),
(615515,	'Alquiler equipo de transporte',	'0',	'6155',	'2017-10-13 19:43:19',	'2017-10-13 14:43:19'),
(615520,	'Alquiler maquinaria y equipo',	'0',	'6155',	'2017-10-13 19:43:19',	'2017-10-13 14:43:19'),
(615525,	'Alquiler de efectos personales y enseres dom?',	'0',	'6155',	'2017-10-13 19:43:19',	'2017-10-13 14:43:19'),
(615530,	'Consultor?a en equipo y programas de inform?t',	'0',	'6155',	'2017-10-13 19:43:19',	'2017-10-13 14:43:19'),
(615535,	'Procesamiento de datos',	'0',	'6155',	'2017-10-13 19:43:19',	'2017-10-13 14:43:19'),
(615540,	'Mantenimiento y reparaci?n de maquinaria de o',	'0',	'6155',	'2017-10-13 19:43:19',	'2017-10-13 14:43:19'),
(615545,	'Investigaciones cient?ficas y de desarrollo',	'0',	'6155',	'2017-10-13 19:43:19',	'2017-10-13 14:43:19'),
(615550,	'Actividades empresariales de consultor',	'0',	'6155',	'2017-10-13 19:43:19',	'2017-10-13 14:43:19'),
(615555,	'Publicidad',	'0',	'6155',	'2017-10-13 19:43:19',	'2017-10-13 14:43:19'),
(615560,	'Dotaci?n de personal',	'0',	'6155',	'2017-10-13 19:43:19',	'2017-10-13 14:43:19'),
(615565,	'Investigaci?n y seguridad',	'0',	'6155',	'2017-10-13 19:43:19',	'2017-10-13 14:43:19'),
(615570,	'Limpieza de inmuebles',	'0',	'6155',	'2017-10-13 19:43:19',	'2017-10-13 14:43:19'),
(615575,	'Fotograf',	'0',	'6155',	'2017-10-13 19:43:19',	'2017-10-13 14:43:19'),
(615580,	'Envase y empaque',	'0',	'6155',	'2017-10-13 19:43:19',	'2017-10-13 14:43:19'),
(615585,	'Fotocopiado',	'0',	'6155',	'2017-10-13 19:43:19',	'2017-10-13 14:43:19'),
(615590,	'Mantenimiento y reparaci?n de maquinaria y eq',	'0',	'6155',	'2017-10-13 19:43:19',	'2017-10-13 14:43:19'),
(615595,	'Actividades conexas',	'0',	'6155',	'2017-10-13 19:43:19',	'2017-10-13 14:43:19'),
(615599,	'Ajustes por inflaci',	'0',	'6155',	'2017-10-13 19:43:19',	'2017-10-13 14:43:19'),
(616005,	'Actividades relacionadas con la educaci',	'0',	'6160',	'2017-10-13 19:43:19',	'2017-10-13 14:43:19'),
(616095,	'Actividades conexas',	'0',	'6160',	'2017-10-13 19:43:19',	'2017-10-13 14:43:19'),
(616099,	'Ajustes por inflaci',	'0',	'6160',	'2017-10-13 19:43:19',	'2017-10-13 14:43:19'),
(616505,	'Servicio hospitalario',	'0',	'6165',	'2017-10-13 19:43:19',	'2017-10-13 14:43:19'),
(616510,	'Servicio m?dico',	'0',	'6165',	'2017-10-13 19:43:19',	'2017-10-13 14:43:19'),
(616515,	'Servicio odontol?gico',	'0',	'6165',	'2017-10-13 19:43:19',	'2017-10-13 14:43:19'),
(616520,	'Servicio de laboratorio',	'0',	'6165',	'2017-10-13 19:43:19',	'2017-10-13 14:43:19'),
(616525,	'Actividades veterinarias',	'0',	'6165',	'2017-10-13 19:43:19',	'2017-10-13 14:43:19'),
(616530,	'Actividades de servicios sociales',	'0',	'6165',	'2017-10-13 19:43:19',	'2017-10-13 14:43:19'),
(616595,	'Actividades conexas',	'0',	'6165',	'2017-10-13 19:43:19',	'2017-10-13 14:43:19'),
(616599,	'Ajustes por inflaci',	'0',	'6165',	'2017-10-13 19:43:19',	'2017-10-13 14:43:19'),
(617005,	'Eliminaci?n de desperdicios y aguas residuale',	'0',	'6170',	'2017-10-13 19:43:19',	'2017-10-13 14:43:19'),
(617010,	'Actividades de asociaci',	'0',	'6170',	'2017-10-13 19:43:19',	'2017-10-13 14:43:19'),
(617015,	'Producci?n y distribuci?n de filmes y videoci',	'0',	'6170',	'2017-10-13 19:43:19',	'2017-10-13 14:43:19'),
(617020,	'Exhibici?n de filmes y videocintas',	'0',	'6170',	'2017-10-13 19:43:19',	'2017-10-13 14:43:19'),
(617025,	'Actividad de radio y televisi',	'0',	'6170',	'2017-10-13 19:43:19',	'2017-10-13 14:43:19'),
(617030,	'Actividad teatral, musical y art?stica',	'0',	'6170',	'2017-10-13 19:43:19',	'2017-10-13 14:43:19'),
(617035,	'Grabaci?n y producci?n de discos',	'0',	'6170',	'2017-10-13 19:43:19',	'2017-10-13 14:43:19'),
(617040,	'Entretenimiento y esparcimiento',	'0',	'6170',	'2017-10-13 19:43:19',	'2017-10-13 14:43:19'),
(617045,	'Agencias de noticias',	'0',	'6170',	'2017-10-13 19:43:19',	'2017-10-13 14:43:19'),
(617050,	'Lavander?as y similares',	'0',	'6170',	'2017-10-13 19:43:19',	'2017-10-13 14:43:19'),
(617055,	'Peluquer?as y similares',	'0',	'6170',	'2017-10-13 19:43:19',	'2017-10-13 14:43:19'),
(617060,	'Servicios funerarios',	'0',	'6170',	'2017-10-13 19:43:19',	'2017-10-13 14:43:19'),
(617065,	'Zonas francas',	'0',	'6170',	'2017-10-13 19:43:19',	'2017-10-13 14:43:19'),
(617095,	'Actividades conexas',	'0',	'6170',	'2017-10-13 19:43:19',	'2017-10-13 14:43:19'),
(617099,	'Ajustes por inflaci',	'0',	'6170',	'2017-10-13 19:43:19',	'2017-10-13 14:43:19'),
(620599,	'Ajustes por inflaci',	'0',	'6205',	'2017-10-13 19:43:19',	'2017-10-13 14:43:19'),
(621099,	'Ajustes por inflaci',	'0',	'6210',	'2017-10-13 19:43:19',	'2017-10-13 14:43:19'),
(621599,	'Ajustes por inflaci',	'0',	'6215',	'2017-10-13 19:43:19',	'2017-10-13 14:43:19'),
(622099,	'Ajustes por inflaci',	'0',	'6220',	'2017-10-13 19:43:19',	'2017-10-13 14:43:19'),
(622599,	'Ajustes por inflaci',	'0',	'6225',	'2017-10-13 19:43:19',	'2017-10-13 14:43:19'),
(810505,	'Valores mobiliarios',	'0',	'8105',	'2017-10-13 19:43:19',	'2017-10-13 14:43:19'),
(810510,	'Bienes muebles',	'0',	'8105',	'2017-10-13 19:43:19',	'2017-10-13 14:43:19'),
(810599,	'Ajustes por inflaci',	'0',	'8105',	'2017-10-13 19:43:19',	'2017-10-13 14:43:19'),
(811005,	'Valores mobiliarios',	'0',	'8110',	'2017-10-13 19:43:19',	'2017-10-13 14:43:19'),
(811010,	'Bienes muebles',	'0',	'8110',	'2017-10-13 19:43:19',	'2017-10-13 14:43:19'),
(811015,	'Bienes inmuebles',	'0',	'8110',	'2017-10-13 19:43:19',	'2017-10-13 14:43:19'),
(811020,	'Contratos de ganado en participaci',	'0',	'8110',	'2017-10-13 19:43:19',	'2017-10-13 14:43:19'),
(811099,	'Ajustes por inflaci',	'0',	'8110',	'2017-10-13 19:43:19',	'2017-10-13 14:43:19'),
(811505,	'En arrendamiento',	'0',	'8115',	'2017-10-13 19:43:19',	'2017-10-13 14:43:19'),
(811510,	'En pr?stamo',	'0',	'8115',	'2017-10-13 19:43:19',	'2017-10-13 14:43:19'),
(811515,	'En dep?sito',	'0',	'8115',	'2017-10-13 19:43:19',	'2017-10-13 14:43:19'),
(811520,	'En consignaci',	'0',	'8115',	'2017-10-13 19:43:19',	'2017-10-13 14:43:19'),
(811599,	'Ajustes por inflaci',	'0',	'8115',	'2017-10-13 19:43:19',	'2017-10-13 14:43:19'),
(812005,	'Ejecutivos',	'0',	'8120',	'2017-10-13 19:43:19',	'2017-10-13 14:43:19'),
(812010,	'Incumplimiento de contratos',	'0',	'8120',	'2017-10-13 19:43:19',	'2017-10-13 14:43:19'),
(819505,	'Valores adquiridos por recibir',	'0',	'8195',	'2017-10-13 19:43:19',	'2017-10-13 14:43:19'),
(819595,	'Otras',	'0',	'8195',	'2017-10-13 19:43:19',	'2017-10-13 14:43:19'),
(819599,	'Ajustes por inflaci',	'0',	'8195',	'2017-10-13 19:43:19',	'2017-10-13 14:43:19'),
(830505,	'Bienes muebles',	'0',	'8305',	'2017-10-13 19:43:19',	'2017-10-13 14:43:19'),
(830510,	'Bienes inmuebles',	'0',	'8305',	'2017-10-13 19:43:19',	'2017-10-13 14:43:19'),
(830599,	'Ajustes por inflaci',	'0',	'8305',	'2017-10-13 19:43:19',	'2017-10-13 14:43:19'),
(831005,	'Acciones',	'0',	'8310',	'2017-10-13 19:43:19',	'2017-10-13 14:43:19'),
(831010,	'Bonos',	'0',	'8310',	'2017-10-13 19:43:19',	'2017-10-13 14:43:19'),
(831095,	'Otros',	'0',	'8310',	'2017-10-13 19:43:19',	'2017-10-13 14:43:19'),
(831506,	'Materiales proyectos petroleros',	'0',	'8315',	'2017-10-13 19:43:19',	'2017-10-13 14:43:19'),
(831516,	'Construcciones y edificaciones',	'0',	'8315',	'2017-10-13 19:43:19',	'2017-10-13 14:43:19'),
(831520,	'Maquinaria y equipo',	'0',	'8315',	'2017-10-13 19:43:19',	'2017-10-13 14:43:19'),
(831524,	'Equipo de oficina',	'0',	'8315',	'2017-10-13 19:43:19',	'2017-10-13 14:43:19'),
(831528,	'Equipo de computaci?n y comunicaci',	'0',	'8315',	'2017-10-13 19:43:19',	'2017-10-13 14:43:19'),
(831532,	'Equipo m?dico-cient?fico',	'0',	'8315',	'2017-10-13 19:43:19',	'2017-10-13 14:43:19'),
(831536,	'Equipo de hoteles y restaurantes',	'0',	'8315',	'2017-10-13 19:43:19',	'2017-10-13 14:43:19'),
(831540,	'Flota y equipo de transporte',	'0',	'8315',	'2017-10-13 19:43:19',	'2017-10-13 14:43:19'),
(831544,	'Flota y equipo fluvial y/o mar?timo',	'0',	'8315',	'2017-10-13 19:43:19',	'2017-10-13 14:43:19'),
(831548,	'Flota y equipo a?reo',	'0',	'8315',	'2017-10-13 19:43:19',	'2017-10-13 14:43:19'),
(831552,	'Flota y equipo f?rreo',	'0',	'8315',	'2017-10-13 19:43:19',	'2017-10-13 14:43:19'),
(831556,	'Acueductos, plantas y redes',	'0',	'8315',	'2017-10-13 19:43:19',	'2017-10-13 14:43:19'),
(831560,	'Armamento de vigilancia',	'0',	'8315',	'2017-10-13 19:43:19',	'2017-10-13 14:43:19'),
(831562,	'Envases y empaques',	'0',	'8315',	'2017-10-13 19:43:19',	'2017-10-13 14:43:19'),
(831564,	'Plantaciones agr?colas y forestales',	'0',	'8315',	'2017-10-13 19:43:19',	'2017-10-13 14:43:19'),
(831568,	'V?as de comunicaci',	'0',	'8315',	'2017-10-13 19:43:19',	'2017-10-13 14:43:19'),
(831572,	'Minas y canteras',	'0',	'8315',	'2017-10-13 19:43:19',	'2017-10-13 14:43:19'),
(831576,	'Pozos artesianos',	'0',	'8315',	'2017-10-13 19:43:19',	'2017-10-13 14:43:19'),
(831580,	'Yacimientos',	'0',	'8315',	'2017-10-13 19:43:19',	'2017-10-13 14:43:19'),
(831584,	'Semovientes',	'0',	'8315',	'2017-10-13 19:43:19',	'2017-10-13 14:43:19'),
(831599,	'Ajustes por inflaci',	'0',	'8315',	'2017-10-13 19:43:19',	'2017-10-13 14:43:19'),
(832005,	'Pa',	'0',	'8320',	'2017-10-13 19:43:19',	'2017-10-13 14:43:19'),
(832010,	'Exterior',	'0',	'8320',	'2017-10-13 19:43:19',	'2017-10-13 14:43:19'),
(832505,	'Inversiones',	'0',	'8325',	'2017-10-13 19:43:19',	'2017-10-13 14:43:19'),
(832510,	'Deudores',	'0',	'8325',	'2017-10-13 19:43:19',	'2017-10-13 14:43:19'),
(832595,	'Otros activos',	'0',	'8325',	'2017-10-13 19:43:19',	'2017-10-13 14:43:19'),
(833005,	'Bonos',	'0',	'8330',	'2017-10-13 19:43:19',	'2017-10-13 14:43:19'),
(833095,	'Otros',	'0',	'8330',	'2017-10-13 19:43:19',	'2017-10-13 14:43:19'),
(839505,	'Cheques posfechados',	'0',	'8395',	'2017-10-13 19:43:19',	'2017-10-13 14:43:19'),
(839510,	'Certificados de dep?sito a t?rmino',	'0',	'8395',	'2017-10-13 19:43:19',	'2017-10-13 14:43:19'),
(839515,	'Cheques devueltos',	'0',	'8395',	'2017-10-13 19:43:19',	'2017-10-13 14:43:19'),
(839520,	'Bienes y valores en fideicomiso',	'0',	'8395',	'2017-10-13 19:43:19',	'2017-10-13 14:43:19'),
(839525,	'Intereses sobre deudas vencidas',	'0',	'8395',	'2017-10-13 19:43:19',	'2017-10-13 14:43:19'),
(839595,	'Diversas',	'0',	'8395',	'2017-10-13 19:43:19',	'2017-10-13 14:43:19'),
(839599,	'Ajustes por inflaci',	'0',	'8395',	'2017-10-13 19:43:19',	'2017-10-13 14:43:19'),
(839905,	'Inversiones',	'0',	'8399',	'2017-10-13 19:43:19',	'2017-10-13 14:43:19'),
(839910,	'Inventarios',	'0',	'8399',	'2017-10-13 19:43:19',	'2017-10-13 14:43:19'),
(839915,	'Propiedades, planta y equipo',	'0',	'8399',	'2017-10-13 19:43:19',	'2017-10-13 14:43:19'),
(839920,	'Intangibles',	'0',	'8399',	'2017-10-13 19:43:19',	'2017-10-13 14:43:19'),
(839925,	'Cargos diferidos',	'0',	'8399',	'2017-10-13 19:43:19',	'2017-10-13 14:43:19'),
(839995,	'Otros activos',	'0',	'8399',	'2017-10-13 19:43:19',	'2017-10-13 14:43:19'),
(910505,	'Valores mobiliarios',	'0',	'9105',	'2017-10-13 19:43:19',	'2017-10-13 14:43:19'),
(910510,	'Bienes muebles',	'0',	'9105',	'2017-10-13 19:43:19',	'2017-10-13 14:43:19'),
(910599,	'Ajustes por inflaci',	'0',	'9105',	'2017-10-13 19:43:19',	'2017-10-13 14:43:19'),
(911005,	'Valores mobiliarios',	'0',	'9110',	'2017-10-13 19:43:19',	'2017-10-13 14:43:19'),
(911010,	'Bienes muebles',	'0',	'9110',	'2017-10-13 19:43:19',	'2017-10-13 14:43:19'),
(911015,	'Bienes inmuebles',	'0',	'9110',	'2017-10-13 19:43:19',	'2017-10-13 14:43:19'),
(911020,	'Contratos de ganado en participaci',	'0',	'9110',	'2017-10-13 19:43:19',	'2017-10-13 14:43:19'),
(911099,	'Ajustes por inflaci',	'0',	'9110',	'2017-10-13 19:43:19',	'2017-10-13 14:43:19'),
(911505,	'En arrendamiento',	'0',	'9115',	'2017-10-13 19:43:19',	'2017-10-13 14:43:19'),
(911510,	'En pr?stamo',	'0',	'9115',	'2017-10-13 19:43:19',	'2017-10-13 14:43:19'),
(911515,	'En dep?sito',	'0',	'9115',	'2017-10-13 19:43:19',	'2017-10-13 14:43:19'),
(911520,	'En consignaci',	'0',	'9115',	'2017-10-13 19:43:19',	'2017-10-13 14:43:19'),
(911525,	'En comodato',	'0',	'9115',	'2017-10-13 19:43:19',	'2017-10-13 14:43:19'),
(911599,	'Ajustes por inflaci',	'0',	'9115',	'2017-10-13 19:43:19',	'2017-10-13 14:43:19'),
(912005,	'Laborales',	'0',	'9120',	'2017-10-13 19:43:19',	'2017-10-13 14:43:19'),
(912010,	'Civiles',	'0',	'9120',	'2017-10-13 19:43:19',	'2017-10-13 14:43:19'),
(912015,	'Administrativos o arbitrales',	'0',	'9120',	'2017-10-13 19:43:19',	'2017-10-13 14:43:19'),
(912020,	'Tributarios',	'0',	'9120',	'2017-10-13 19:43:19',	'2017-10-13 14:43:19'),
(930505,	'Bienes muebles',	'0',	'9305',	'2017-10-13 19:43:19',	'2017-10-13 14:43:19'),
(930510,	'Bienes inmuebles',	'0',	'9305',	'2017-10-13 19:43:19',	'2017-10-13 14:43:19'),
(939505,	'Documentos por cobrar descontados',	'0',	'9395',	'2017-10-13 19:43:19',	'2017-10-13 14:43:19'),
(939510,	'Convenios de pago',	'0',	'9395',	'2017-10-13 19:43:19',	'2017-10-13 14:43:19'),
(939515,	'Contratos de construcciones e instalaciones p',	'0',	'9395',	'2017-10-13 19:43:19',	'2017-10-13 14:43:19'),
(939525,	'Adjudicaciones pendientes de legalizar',	'0',	'9395',	'2017-10-13 19:43:19',	'2017-10-13 14:43:19'),
(939530,	'Reserva art?culo 3? Ley 4? de 1980',	'0',	'9395',	'2017-10-13 19:43:19',	'2017-10-13 14:43:19'),
(939535,	'Reserva costo reposici?n semovientes',	'0',	'9395',	'2017-10-13 19:43:19',	'2017-10-13 14:43:19'),
(939595,	'Diversas',	'0',	'9395',	'2017-10-13 19:43:19',	'2017-10-13 14:43:19'),
(939599,	'Ajustes por inflaci',	'0',	'9395',	'2017-10-13 19:43:19',	'2017-10-13 14:43:19'),
(939905,	'Capital social',	'0',	'9399',	'2017-10-13 19:43:19',	'2017-10-13 14:43:19'),
(939910,	'Super?vit de capital',	'0',	'9399',	'2017-10-13 19:43:19',	'2017-10-13 14:43:19'),
(939915,	'Reservas',	'0',	'9399',	'2017-10-13 19:43:19',	'2017-10-13 14:43:19'),
(939925,	'Dividendos o participaciones decretadas en ac',	'0',	'9399',	'2017-10-13 19:43:19',	'2017-10-13 14:43:19'),
(939930,	'Resultados de ejercicios anteriores',	'0',	'9399',	'2017-10-13 19:43:19',	'2017-10-13 14:43:19'),
(11100501,	'CUENTA DE AHORROS DAVIVIENDA',	'0',	'1110',	'2017-10-13 19:43:19',	'2017-10-13 14:43:19'),
(11100502,	'CHEQUES RECIBIDOS',	NULL,	'1110',	'2017-10-13 19:43:19',	'2017-10-13 14:43:19'),
(11100503,	'BONOS U OTROS RECIBIDOS',	NULL,	'1110',	'2017-10-13 19:43:19',	'2017-10-13 14:43:19'),
(13050517,	'CLIENTES NACIONALES SEGURIDAD ATLAS LTDA',	'0',	'1305',	'2017-10-13 19:43:19',	'2017-10-13 14:43:19'),
(13559503,	'CUENTAS X COBRAR ANTICIPOS X GASTOS',	NULL,	'1355',	'2017-10-13 19:43:19',	'2017-10-13 14:43:19'),
(23657502,	'Autorretenciones (CREE)',	'0',	'2365',	'2017-10-13 19:43:19',	'2017-10-13 14:43:19'),
(24080218,	'IVA DESCONTABLE X SERVICIOS Y GASTOS',	NULL,	'2408',	'2017-10-13 19:43:19',	'2017-10-13 14:43:19'),
(24081004,	'IMPUESTO AL CONSUMO DE BOLSAS PLASTICAS',	NULL,	'2408',	'2017-10-13 19:43:19',	'2017-10-13 14:43:19'),
(51950101,	'Peajes',	'0',	'5195',	'2017-10-13 19:43:19',	'2017-10-13 14:43:19');


INSERT INTO `tablas_campos_control` (`ID`, `NombreTabla`, `Campo`, `Visible`, `Editable`, `Habilitado`, `TipoUser`, `idUser`, `Updated`, `Sync`) VALUES
(1,	'usuarios',	'Password',	0,	1,	0,	'administrador',	3,	'2018-03-27 02:11:36',	'0000-00-00 00:00:00'),
(3,	'usuarios',	'Nombre',	1,	1,	1,	'administrador',	3,	'2018-03-27 02:11:36',	'0000-00-00 00:00:00'),
(4,	'usuarios',	'Apellido',	1,	1,	1,	'administrador',	3,	'2018-03-27 02:11:36',	'0000-00-00 00:00:00'),
(6,	'usuarios',	'Sync',	0,	1,	1,	'administrador',	3,	'2018-03-27 02:11:36',	'0000-00-00 00:00:00'),
(7,	'usuarios',	'idUsuarios',	1,	1,	1,	'administrador',	3,	'2018-03-27 02:11:36',	'0000-00-00 00:00:00'),
(8,	'usuarios',	'Updated',	0,	1,	1,	'administrador',	3,	'2018-03-27 02:11:36',	'0000-00-00 00:00:00'),
(9,	'usuarios',	'Telefono',	0,	1,	1,	'administrador',	3,	'2018-03-27 02:11:36',	'0000-00-00 00:00:00'),
(10,	'usuarios',	'Login',	1,	1,	1,	'administrador',	3,	'2018-03-27 02:11:36',	'0000-00-00 00:00:00'),
(11,	'usuarios',	'Role',	0,	1,	1,	'administrador',	3,	'2018-03-27 02:11:36',	'0000-00-00 00:00:00'),
(12,	'usuarios',	'Identificacion',	1,	1,	1,	'administrador',	3,	'2018-03-27 02:11:36',	'0000-00-00 00:00:00'),
(13,	'clientes',	'CIUU',	0,	1,	1,	'administrador',	3,	'2018-03-27 02:11:36',	'0000-00-00 00:00:00'),
(14,	'clientes',	'Lugar_Expedicion_Documento',	0,	1,	1,	'administrador',	3,	'2018-03-27 02:11:36',	'0000-00-00 00:00:00'),
(15,	'clientes',	'Cod_Dpto',	0,	1,	1,	'administrador',	3,	'2018-03-27 02:11:36',	'0000-00-00 00:00:00'),
(16,	'clientes',	'Pais_Domicilio',	0,	1,	1,	'administrador',	3,	'2018-03-27 02:11:36',	'0000-00-00 00:00:00'),
(17,	'clientes',	'Cod_Mcipio',	0,	1,	1,	'administrador',	3,	'2018-03-27 02:11:36',	'0000-00-00 00:00:00'),
(18,	'clientes',	'Contacto',	0,	1,	1,	'administrador',	3,	'2018-03-27 02:11:36',	'0000-00-00 00:00:00'),
(19,	'clientes',	'TelContacto',	0,	1,	1,	'administrador',	3,	'2018-03-27 02:11:36',	'0000-00-00 00:00:00'),
(20,	'clientes',	'Soporte',	0,	1,	1,	'administrador',	3,	'2018-03-27 02:11:36',	'0000-00-00 00:00:00'),
(21,	'clientes',	'Updated',	0,	1,	1,	'administrador',	3,	'2018-03-27 02:11:36',	'0000-00-00 00:00:00'),
(22,	'clientes',	'Sync',	0,	1,	1,	'administrador',	3,	'2018-03-27 02:11:36',	'0000-00-00 00:00:00'),
(23,	'salud_archivo_facturacion_mov_generados',	'valor_neto_pagar',	1,	1,	1,	'administrador',	3,	'2018-03-27 02:11:36',	'0000-00-00 00:00:00'),
(24,	'salud_archivo_facturacion_mov_generados',	'valor_descuentos',	1,	1,	1,	'administrador',	3,	'2018-03-27 02:11:36',	'0000-00-00 00:00:00'),
(25,	'salud_archivo_facturacion_mov_generados',	'razon_social',	1,	1,	1,	'administrador',	3,	'2018-03-27 02:11:36',	'0000-00-00 00:00:00'),
(26,	'salud_archivo_facturacion_mov_generados',	'cod_prest_servicio',	1,	1,	1,	'administrador',	3,	'2018-03-27 02:11:36',	'0000-00-00 00:00:00'),
(27,	'usuarios',	'TipoUser',	1,	1,	1,	'administrador',	3,	'2018-03-27 02:11:36',	'0000-00-00 00:00:00'),
(28,	'usuarios',	'Email',	0,	1,	1,	'administrador',	3,	'2018-03-27 02:11:36',	'0000-00-00 00:00:00'),
(29,	'clientes',	'Tipo_Documento',	0,	1,	1,	'administrador',	3,	'2018-03-27 02:11:36',	'0000-00-00 00:00:00'),
(30,	'clientes',	'Telefono',	0,	1,	1,	'administrador',	3,	'2018-03-27 02:11:36',	'0000-00-00 00:00:00'),
(31,	'clientes',	'Ciudad',	0,	1,	1,	'administrador',	3,	'2018-03-27 02:11:36',	'0000-00-00 00:00:00'),
(32,	'clientes',	'Email',	0,	1,	1,	'administrador',	3,	'2018-03-27 02:11:36',	'0000-00-00 00:00:00'),
(33,	'clientes',	'Cupo',	0,	1,	1,	'administrador',	3,	'2018-03-27 02:11:36',	'0000-00-00 00:00:00'),
(34,	'costos',	'Updated',	1,	1,	1,	'administrador',	3,	'2018-03-27 02:11:36',	'0000-00-00 00:00:00'),
(35,	'costos',	'Sync',	1,	1,	1,	'administrador',	3,	'2018-03-27 02:11:36',	'0000-00-00 00:00:00'),
(36,	'costos',	'ValorCosto',	1,	1,	1,	'administrador',	3,	'2018-03-27 02:11:36',	'0000-00-00 00:00:00'),
(37,	'costos',	'idCostos',	1,	1,	1,	'administrador',	3,	'2018-03-27 02:11:36',	'0000-00-00 00:00:00'),
(38,	'costos',	'NombreCosto',	1,	1,	1,	'administrador',	3,	'2018-03-27 02:11:36',	'0000-00-00 00:00:00'),
(39,	'facturas',	'idResolucion',	0,	1,	1,	'administrador',	3,	'2018-03-27 02:11:36',	'0000-00-00 00:00:00'),
(40,	'facturas',	'TipoFactura',	0,	1,	1,	'administrador',	3,	'2018-03-27 02:11:36',	'0000-00-00 00:00:00'),
(41,	'facturas',	'OCompra',	0,	1,	1,	'administrador',	3,	'2018-03-27 02:11:36',	'0000-00-00 00:00:00'),
(42,	'facturas',	'OSalida',	0,	1,	1,	'administrador',	3,	'2018-03-27 02:11:36',	'0000-00-00 00:00:00'),
(43,	'facturas',	'Descuentos',	0,	1,	1,	'administrador',	3,	'2018-03-27 02:11:36',	'0000-00-00 00:00:00'),
(44,	'facturas',	'Cotizaciones_idCotizaciones',	0,	1,	1,	'administrador',	3,	'2018-03-27 02:11:36',	'0000-00-00 00:00:00'),
(45,	'facturas',	'EmpresaPro_idEmpresaPro',	0,	1,	1,	'administrador',	3,	'2018-03-27 02:11:36',	'0000-00-00 00:00:00'),
(46,	'facturas',	'CentroCosto',	0,	1,	1,	'administrador',	3,	'2018-03-27 02:11:36',	'0000-00-00 00:00:00'),
(47,	'facturas',	'idSucursal',	0,	1,	1,	'administrador',	3,	'2018-03-27 02:11:36',	'0000-00-00 00:00:00'),
(48,	'facturas',	'Usuarios_idUsuarios',	0,	1,	1,	'administrador',	3,	'2018-03-27 02:11:36',	'0000-00-00 00:00:00'),
(49,	'facturas',	'CerradoDiario',	0,	1,	1,	'administrador',	3,	'2018-03-27 02:11:36',	'0000-00-00 00:00:00'),
(50,	'facturas',	'FechaCierreDiario',	0,	1,	1,	'administrador',	3,	'2018-03-27 02:11:36',	'0000-00-00 00:00:00'),
(51,	'facturas',	'HoraCierreDiario',	0,	1,	1,	'administrador',	3,	'2018-03-27 02:11:36',	'0000-00-00 00:00:00'),
(52,	'facturas',	'Efectivo',	0,	1,	1,	'administrador',	3,	'2018-03-27 02:11:36',	'0000-00-00 00:00:00'),
(53,	'facturas',	'Devuelve',	0,	1,	1,	'administrador',	3,	'2018-03-27 02:11:36',	'0000-00-00 00:00:00'),
(54,	'facturas',	'Cheques',	0,	1,	1,	'administrador',	3,	'2018-03-27 02:11:36',	'0000-00-00 00:00:00'),
(55,	'facturas',	'Otros',	0,	1,	1,	'administrador',	3,	'2018-03-27 02:11:36',	'0000-00-00 00:00:00'),
(56,	'facturas',	'Tarjetas',	0,	1,	1,	'administrador',	3,	'2018-03-27 02:11:36',	'0000-00-00 00:00:00'),
(57,	'facturas',	'idTarjetas',	0,	1,	1,	'administrador',	3,	'2018-03-27 02:11:36',	'0000-00-00 00:00:00'),
(58,	'facturas',	'Updated',	0,	1,	1,	'administrador',	3,	'2018-03-27 02:11:36',	'0000-00-00 00:00:00'),
(59,	'facturas',	'Sync',	0,	1,	1,	'administrador',	3,	'2018-03-27 02:11:36',	'0000-00-00 00:00:00'),
(60,	'modelos_db',	'Updated',	1,	1,	1,	'administrador',	3,	'2018-05-15 15:52:29',	'0000-00-00 00:00:00'),
(61,	'modelos_db',	'Sync',	1,	1,	1,	'administrador',	3,	'2018-05-15 15:52:30',	'0000-00-00 00:00:00'),
(62,	'vista_cierres_restaurante',	'Fecha',	1,	1,	1,	'administrador',	3,	'2018-06-25 19:36:32',	'0000-00-00 00:00:00'),
(63,	'documentos_contables_items',	'idDocumento',	0,	1,	1,	'administrador',	3,	'2018-07-31 16:45:36',	'0000-00-00 00:00:00'),
(64,	'empresapro',	'CXPAutomaticas',	1,	1,	1,	'administrador',	3,	'2018-12-12 04:11:42',	'0000-00-00 00:00:00'),
(65,	'empresapro',	'FacturaSinInventario',	1,	1,	1,	'administrador',	3,	'2018-12-12 04:11:41',	'0000-00-00 00:00:00'),
(66,	'empresapro',	'RutaImagen',	1,	1,	1,	'administrador',	3,	'2018-12-12 04:11:41',	'0000-00-00 00:00:00'),
(67,	'empresapro',	'DatosBancarios',	1,	1,	1,	'administrador',	3,	'2018-12-12 04:11:40',	'0000-00-00 00:00:00'),
(68,	'empresapro',	'PuntoEquilibrio',	1,	1,	1,	'administrador',	3,	'2018-12-12 04:11:40',	'0000-00-00 00:00:00'),
(69,	'empresapro',	'ObservacionesLegales',	1,	1,	1,	'administrador',	3,	'2018-12-12 04:11:39',	'0000-00-00 00:00:00'),
(70,	'empresapro',	'WEB',	1,	1,	1,	'administrador',	3,	'2018-12-12 04:11:39',	'0000-00-00 00:00:00'),
(71,	'empresapro',	'Email',	1,	1,	1,	'administrador',	3,	'2018-12-12 04:11:37',	'0000-00-00 00:00:00'),
(72,	'empresapro',	'MatriculoMercantil',	1,	1,	1,	'administrador',	3,	'2018-12-12 04:11:36',	'0000-00-00 00:00:00'),
(73,	'empresapro',	'Regimen',	1,	1,	1,	'administrador',	3,	'2018-12-12 04:11:35',	'0000-00-00 00:00:00');

INSERT INTO `tablas_ventas` (`ID`, `NombreTabla`, `idTabla`, `TipoVenta`, `IVAIncluido`, `CuentaPUCDefecto`, `Updated`, `Sync`) VALUES
(1,	'productosventa',	'idProductosVenta',	'PRODUCTOS',	'SI',	'4135',	'2017-10-13 19:43:29',	'2017-10-13 14:43:29'),
(2,	'servicios',	'idProductosVenta',	'SERVICIOS',	'SI',	'412060',	'2017-10-13 19:43:29',	'2017-10-13 14:43:29'),
(3,	'productosalquiler',	'idProductosVenta',	'ALQUILER DE SERVICIOS',	'SI',	'4135',	'2017-10-13 19:43:29',	'2017-10-13 14:43:29');

INSERT INTO `tarjetas_forma_pago` (`ID`, `Tipo`, `Nombre`, `PorcentajeComision`, `CuentaPUC`, `NombreCuenta`, `Updated`, `Sync`) VALUES
(1,	'CREDITO',	'AMERICAN EXPRESS',	0.03,	11100501,	'CUENTA DE AHORROS DAVIVIENDA',	'2017-10-13 19:43:32',	'2017-10-13 14:43:32'),
(2,	'CREDITO',	'VISA',	0.04,	11100501,	'CUENTA DE AHORROS DAVIVIENDA',	'2017-10-13 19:43:32',	'2017-10-13 14:43:32'),
(3,	'DEBITO',	'TARJETAS DEBITO',	0,	11100501,	'CUENTA DE AHORROS DAVIVIENDA',	'2017-10-13 19:43:32',	'2017-10-13 14:43:32');


INSERT INTO `tiposretenciones` (`ID`, `Nombre`, `CuentaPasivo`, `NombreCuentaPasivo`, `CuentaActivo`, `NombreCuentaActivo`, `Updated`, `Sync`) VALUES
(1,	'RETENCION EN LA FUENTE',	'236540',	'Rete Fuente x compras',	'135515',	'Anticipo de Impuestos Retefuente',	'2017-10-13 19:43:34',	'2017-10-13 14:43:34'),
(2,	'RETEIVA',	'236701',	'IVA retenido',	'135517',	'Anticipo de Impuestos ReteIVA',	'2017-10-13 19:43:34',	'2017-10-13 14:43:34'),
(3,	'RETE-ICA',	'2368',	'Rete Fuente x ICA',	'135518',	'Anticipo de Impuestos ReteICA',	'2017-10-13 19:43:34',	'2017-10-13 14:43:34');















INSERT INTO `usuarios` (`idUsuarios`, `Nombre`, `Apellido`, `Identificacion`, `Telefono`, `Login`, `Password`, `TipoUser`, `Email`, `Role`, `Habilitado`, `Updated`, `Sync`) VALUES
(1,	'TECHNO ',	'SOLUCIONES',	'900833180',	'3177740609',	'admin',	'ede60ea0d2b47fe418be2e6cb94e1cc8',	'administrador',	'info@technosoluciones.com',	'SUPERVISOR',	'SI',	'2018-12-12 13:46:17',	'2017-10-13 14:44:50'),
(2,	'ADMINISTRADOR',	'SOFTCONTECH',	'1',	'1',	'administrador',	'91f5167c34c400758115c2a6826ec2e3',	'operador',	'no@no.com',	'SUPERVISOR',	'SI',	'2018-12-12 13:46:17',	'2017-10-13 14:44:50'),
(3,	'JULIAN ANDRES',	'ALVARAN',	'94481747',	'3177740609',	'jalvaran',	'398d347fc30e87747a81c8b08253f2a3',	'administrador',	'jalvaran@gmail.com',	'SUPERVISOR',	'SI',	'2018-12-12 13:46:17',	'2017-10-13 14:44:50'),
(4,	'WILSON',	'ALBERTO MOSQUERA',	'1',	'318 5658225',	'wamc',	'f5dc2d19e23c69e58e398ea72ae06fd4',	'comercial',	'no',	'ADMINISTRADOR',	'SI',	'2018-12-12 13:46:17',	'0000-00-00 00:00:00');


INSERT INTO `usuarios_tipo` (`ID`, `Tipo`, `Updated`, `Sync`) VALUES
(1,	'administrador',	'2017-10-13 19:44:56',	'2017-10-13 14:44:56'),
(2,	'operador',	'2017-10-13 19:44:56',	'2017-10-13 14:44:56'),
(3,	'comercial',	'2017-10-13 19:44:56',	'2017-10-13 14:44:56'),
(4,	'cajero',	'2017-10-13 19:44:56',	'2017-10-13 14:44:56'),
(5,	'bodega',	'2017-10-13 19:44:56',	'2017-10-13 14:44:56');



INSERT INTO `ventas_fechas_especiales` (`ID`, `NombreFecha`, `FechaInicial`, `FechaFinal`, `Habilitado`, `Updated`, `Sync`) VALUES
(1,	'INFINITAZO',	'2018-08-18',	'2018-08-31',	1,	'2018-08-16 19:07:24',	'0000-00-00 00:00:00');




INSERT INTO `vestasactivas` (`idVestasActivas`, `Nombre`, `Usuario_idUsuario`, `Clientes_idClientes`, `SaldoFavor`, `Updated`, `Sync`) VALUES
(1,	'Venta por: JULIAN ANDRES',	'3',	1,	'',	'2018-12-12 04:27:38',	'0000-00-00 00:00:00');

-- 2018-12-12 13:39:10
